<?xml version="1.0" encoding="utf-8"?>
<AdditionalInfo>
  <CTypeInfo>
    <RtlPort>
      <name>ap_clk</name>
      <type>bool</type>
      <fractionWidth>0</fractionWidth>
    </RtlPort>
    <RtlPort>
      <name>ap_rst</name>
      <type>bool</type>
      <fractionWidth>0</fractionWidth>
    </RtlPort>
    <RtlPort>
      <name>ap_start</name>
      <type>bool</type>
      <fractionWidth>0</fractionWidth>
    </RtlPort>
    <RtlPort>
      <name>ap_done</name>
      <type>bool</type>
      <fractionWidth>0</fractionWidth>
    </RtlPort>
    <RtlPort>
      <name>ap_idle</name>
      <type>bool</type>
      <fractionWidth>0</fractionWidth>
    </RtlPort>
    <RtlPort>
      <name>ap_ready</name>
      <type>bool</type>
      <fractionWidth>0</fractionWidth>
    </RtlPort>
    <RtlPort>
      <name>Matrix_A_0_address0</name>
      <type>Unsigned</type>
      <fractionWidth>0</fractionWidth>
    </RtlPort>
    <RtlPort>
      <name>Matrix_A_0_ce0</name>
      <type>bool</type>
      <fractionWidth>0</fractionWidth>
    </RtlPort>
    <RtlPort>
      <name>Matrix_A_0_q0</name>
      <type>Signed</type>
      <fractionWidth>0</fractionWidth>
    </RtlPort>
    <RtlPort>
      <name>Matrix_A_0_address1</name>
      <type>Unsigned</type>
      <fractionWidth>0</fractionWidth>
    </RtlPort>
    <RtlPort>
      <name>Matrix_A_0_ce1</name>
      <type>bool</type>
      <fractionWidth>0</fractionWidth>
    </RtlPort>
    <RtlPort>
      <name>Matrix_A_0_q1</name>
      <type>Signed</type>
      <fractionWidth>0</fractionWidth>
    </RtlPort>
    <RtlPort>
      <name>Matrix_A_1_address0</name>
      <type>Unsigned</type>
      <fractionWidth>0</fractionWidth>
    </RtlPort>
    <RtlPort>
      <name>Matrix_A_1_ce0</name>
      <type>bool</type>
      <fractionWidth>0</fractionWidth>
    </RtlPort>
    <RtlPort>
      <name>Matrix_A_1_q0</name>
      <type>Signed</type>
      <fractionWidth>0</fractionWidth>
    </RtlPort>
    <RtlPort>
      <name>Matrix_A_1_address1</name>
      <type>Unsigned</type>
      <fractionWidth>0</fractionWidth>
    </RtlPort>
    <RtlPort>
      <name>Matrix_A_1_ce1</name>
      <type>bool</type>
      <fractionWidth>0</fractionWidth>
    </RtlPort>
    <RtlPort>
      <name>Matrix_A_1_q1</name>
      <type>Signed</type>
      <fractionWidth>0</fractionWidth>
    </RtlPort>
    <RtlPort>
      <name>Matrix_A_2_address0</name>
      <type>Unsigned</type>
      <fractionWidth>0</fractionWidth>
    </RtlPort>
    <RtlPort>
      <name>Matrix_A_2_ce0</name>
      <type>bool</type>
      <fractionWidth>0</fractionWidth>
    </RtlPort>
    <RtlPort>
      <name>Matrix_A_2_q0</name>
      <type>Signed</type>
      <fractionWidth>0</fractionWidth>
    </RtlPort>
    <RtlPort>
      <name>Matrix_A_2_address1</name>
      <type>Unsigned</type>
      <fractionWidth>0</fractionWidth>
    </RtlPort>
    <RtlPort>
      <name>Matrix_A_2_ce1</name>
      <type>bool</type>
      <fractionWidth>0</fractionWidth>
    </RtlPort>
    <RtlPort>
      <name>Matrix_A_2_q1</name>
      <type>Signed</type>
      <fractionWidth>0</fractionWidth>
    </RtlPort>
    <RtlPort>
      <name>Matrix_A_3_address0</name>
      <type>Unsigned</type>
      <fractionWidth>0</fractionWidth>
    </RtlPort>
    <RtlPort>
      <name>Matrix_A_3_ce0</name>
      <type>bool</type>
      <fractionWidth>0</fractionWidth>
    </RtlPort>
    <RtlPort>
      <name>Matrix_A_3_q0</name>
      <type>Signed</type>
      <fractionWidth>0</fractionWidth>
    </RtlPort>
    <RtlPort>
      <name>Matrix_A_3_address1</name>
      <type>Unsigned</type>
      <fractionWidth>0</fractionWidth>
    </RtlPort>
    <RtlPort>
      <name>Matrix_A_3_ce1</name>
      <type>bool</type>
      <fractionWidth>0</fractionWidth>
    </RtlPort>
    <RtlPort>
      <name>Matrix_A_3_q1</name>
      <type>Signed</type>
      <fractionWidth>0</fractionWidth>
    </RtlPort>
    <RtlPort>
      <name>Matrix_B_0_address0</name>
      <type>Unsigned</type>
      <fractionWidth>0</fractionWidth>
    </RtlPort>
    <RtlPort>
      <name>Matrix_B_0_ce0</name>
      <type>bool</type>
      <fractionWidth>0</fractionWidth>
    </RtlPort>
    <RtlPort>
      <name>Matrix_B_0_q0</name>
      <type>Signed</type>
      <fractionWidth>0</fractionWidth>
    </RtlPort>
    <RtlPort>
      <name>Matrix_B_0_address1</name>
      <type>Unsigned</type>
      <fractionWidth>0</fractionWidth>
    </RtlPort>
    <RtlPort>
      <name>Matrix_B_0_ce1</name>
      <type>bool</type>
      <fractionWidth>0</fractionWidth>
    </RtlPort>
    <RtlPort>
      <name>Matrix_B_0_q1</name>
      <type>Signed</type>
      <fractionWidth>0</fractionWidth>
    </RtlPort>
    <RtlPort>
      <name>Matrix_B_1_address0</name>
      <type>Unsigned</type>
      <fractionWidth>0</fractionWidth>
    </RtlPort>
    <RtlPort>
      <name>Matrix_B_1_ce0</name>
      <type>bool</type>
      <fractionWidth>0</fractionWidth>
    </RtlPort>
    <RtlPort>
      <name>Matrix_B_1_q0</name>
      <type>Signed</type>
      <fractionWidth>0</fractionWidth>
    </RtlPort>
    <RtlPort>
      <name>Matrix_B_1_address1</name>
      <type>Unsigned</type>
      <fractionWidth>0</fractionWidth>
    </RtlPort>
    <RtlPort>
      <name>Matrix_B_1_ce1</name>
      <type>bool</type>
      <fractionWidth>0</fractionWidth>
    </RtlPort>
    <RtlPort>
      <name>Matrix_B_1_q1</name>
      <type>Signed</type>
      <fractionWidth>0</fractionWidth>
    </RtlPort>
    <RtlPort>
      <name>Matrix_B_2_address0</name>
      <type>Unsigned</type>
      <fractionWidth>0</fractionWidth>
    </RtlPort>
    <RtlPort>
      <name>Matrix_B_2_ce0</name>
      <type>bool</type>
      <fractionWidth>0</fractionWidth>
    </RtlPort>
    <RtlPort>
      <name>Matrix_B_2_q0</name>
      <type>Signed</type>
      <fractionWidth>0</fractionWidth>
    </RtlPort>
    <RtlPort>
      <name>Matrix_B_2_address1</name>
      <type>Unsigned</type>
      <fractionWidth>0</fractionWidth>
    </RtlPort>
    <RtlPort>
      <name>Matrix_B_2_ce1</name>
      <type>bool</type>
      <fractionWidth>0</fractionWidth>
    </RtlPort>
    <RtlPort>
      <name>Matrix_B_2_q1</name>
      <type>Signed</type>
      <fractionWidth>0</fractionWidth>
    </RtlPort>
    <RtlPort>
      <name>Matrix_B_3_address0</name>
      <type>Unsigned</type>
      <fractionWidth>0</fractionWidth>
    </RtlPort>
    <RtlPort>
      <name>Matrix_B_3_ce0</name>
      <type>bool</type>
      <fractionWidth>0</fractionWidth>
    </RtlPort>
    <RtlPort>
      <name>Matrix_B_3_q0</name>
      <type>Signed</type>
      <fractionWidth>0</fractionWidth>
    </RtlPort>
    <RtlPort>
      <name>Matrix_B_3_address1</name>
      <type>Unsigned</type>
      <fractionWidth>0</fractionWidth>
    </RtlPort>
    <RtlPort>
      <name>Matrix_B_3_ce1</name>
      <type>bool</type>
      <fractionWidth>0</fractionWidth>
    </RtlPort>
    <RtlPort>
      <name>Matrix_B_3_q1</name>
      <type>Signed</type>
      <fractionWidth>0</fractionWidth>
    </RtlPort>
    <RtlPort>
      <name>Matrix_C_address0</name>
      <type>Unsigned</type>
      <fractionWidth>0</fractionWidth>
    </RtlPort>
    <RtlPort>
      <name>Matrix_C_ce0</name>
      <type>bool</type>
      <fractionWidth>0</fractionWidth>
    </RtlPort>
    <RtlPort>
      <name>Matrix_C_we0</name>
      <type>bool</type>
      <fractionWidth>0</fractionWidth>
    </RtlPort>
    <RtlPort>
      <name>Matrix_C_d0</name>
      <type>Signed</type>
      <fractionWidth>0</fractionWidth>
    </RtlPort>
    <RtlPort>
      <name>Matrix_C_address1</name>
      <type>Unsigned</type>
      <fractionWidth>0</fractionWidth>
    </RtlPort>
    <RtlPort>
      <name>Matrix_C_ce1</name>
      <type>bool</type>
      <fractionWidth>0</fractionWidth>
    </RtlPort>
    <RtlPort>
      <name>Matrix_C_we1</name>
      <type>bool</type>
      <fractionWidth>0</fractionWidth>
    </RtlPort>
    <RtlPort>
      <name>Matrix_C_d1</name>
      <type>Signed</type>
      <fractionWidth>0</fractionWidth>
    </RtlPort>
  </CTypeInfo>
  <DesignConstraint>
    <clk_period>10.000000</clk_period>
  </DesignConstraint>
  <Machine>32</Machine>
  <modelParameters>
    <combinational>0</combinational>
    <latency>12</latency>
    <II>x</II>
  </modelParameters>
</AdditionalInfo>
