<profile>

<section name = "Vivado HLS Report for 'Matrix_multiplication'" level="0">
<item name = "Date">Sat Oct 21 00:35:22 2017
</item>
<item name = "Version">2017.2 (Build 1909853 on Thu Jun 15 18:55:24 MDT 2017)</item>
<item name = "Project">ELEC522_project3</item>
<item name = "Solution">solution4</item>
<item name = "Product family">zynq</item>
<item name = "Target device">xc7z020clg484-1</item>
</section>

<section name = "Performance Estimates" level="0">
<item name = "Timing (ns)">
<section name = "" level="1">
<item name = "Target clock period (ns)">10.00</item>
<item name = "Clock uncertainty (ns)">1.25</item>
<item name = "Target initiation interval">1</item>
<item name = "Estimated clock period (ns)">11.09</item>
</section>
</item>
<item name = "Latency (clock cycles)">
<section name = "" level="1">
<item name = "Summary"><table name="" hasTotal="0">
<keys size="6">, min, max, min, max, Type</keys>
<column name="">12, 12, 10, 10, function</column>
</table>
</item>
<item name = "Detail">
<section name = "" level="1">
<item name = "Instance"><table name="" hasTotal="0">
<keys size="7">Instance, Module, min, max, min, max, Type</keys>
</table>
</item>
<item name = "Loop"><table name="" hasTotal="0">
<keys size="8">Loop Name, min, max, Latency, achieved, target, Count, Pipelined</keys>
</table>
</item>
</section>
</item>
</section>
</item>
</section>

<section name = "Utilization Estimates" level="0">
<item name = "Summary"><table name="" hasTotal="1">
<keys size="5">Name, BRAM_18K, DSP48E, FF, LUT</keys>
<column name="DSP">-, 64, -, -</column>
<column name="Expression">-, -, 848, 340</column>
<column name="FIFO">-, -, -, -</column>
<column name="Instance">-, -, -, -</column>
<column name="Memory">-, -, -, -</column>
<column name="Multiplexer">-, -, -, 514</column>
<column name="Register">-, -, 1228, -</column>
<specialColumn name="Available">280, 220, 106400, 53200</specialColumn>
<specialColumn name="Utilization (%)">0, 29, 1, 1</specialColumn>
</table>
</item>
<item name = "Detail">
<section name = "" level="1">
<item name = "Instance"><table name="" hasTotal="1">
<keys size="6">Instance, Module, BRAM_18K, DSP48E, FF, LUT</keys>
</table>
</item>
<item name = "DSP48"><table name="" hasTotal="0">
<keys size="3">Instance, Module, Expression</keys>
<column name="Matrix_multiplicabkb_U0">Matrix_multiplicabkb, i0 * i1</column>
<column name="Matrix_multiplicabkb_U2">Matrix_multiplicabkb, i0 * i1</column>
<column name="Matrix_multiplicabkb_U4">Matrix_multiplicabkb, i0 * i1</column>
<column name="Matrix_multiplicabkb_U5">Matrix_multiplicabkb, i0 * i1</column>
<column name="Matrix_multiplicabkb_U6">Matrix_multiplicabkb, i0 * i1</column>
<column name="Matrix_multiplicabkb_U8">Matrix_multiplicabkb, i0 * i1</column>
<column name="Matrix_multiplicabkb_U10">Matrix_multiplicabkb, i0 * i1</column>
<column name="Matrix_multiplicabkb_U12">Matrix_multiplicabkb, i0 * i1</column>
<column name="Matrix_multiplicabkb_U14">Matrix_multiplicabkb, i0 * i1</column>
<column name="Matrix_multiplicabkb_U17">Matrix_multiplicabkb, i0 * i1</column>
<column name="Matrix_multiplicabkb_U18">Matrix_multiplicabkb, i0 * i1</column>
<column name="Matrix_multiplicabkb_U19">Matrix_multiplicabkb, i0 * i1</column>
<column name="Matrix_multiplicabkb_U20">Matrix_multiplicabkb, i0 * i1</column>
<column name="Matrix_multiplicabkb_U22">Matrix_multiplicabkb, i0 * i1</column>
<column name="Matrix_multiplicabkb_U24">Matrix_multiplicabkb, i0 * i1</column>
<column name="Matrix_multiplicabkb_U26">Matrix_multiplicabkb, i0 * i1</column>
<column name="Matrix_multiplicabkb_U28">Matrix_multiplicabkb, i0 * i1</column>
<column name="Matrix_multiplicabkb_U30">Matrix_multiplicabkb, i0 * i1</column>
<column name="Matrix_multiplicabkb_U32">Matrix_multiplicabkb, i0 * i1</column>
<column name="Matrix_multiplicabkb_U34">Matrix_multiplicabkb, i0 * i1</column>
<column name="Matrix_multiplicabkb_U36">Matrix_multiplicabkb, i0 * i1</column>
<column name="Matrix_multiplicabkb_U37">Matrix_multiplicabkb, i0 * i1</column>
<column name="Matrix_multiplicabkb_U38">Matrix_multiplicabkb, i0 * i1</column>
<column name="Matrix_multiplicabkb_U39">Matrix_multiplicabkb, i0 * i1</column>
<column name="Matrix_multiplicabkb_U40">Matrix_multiplicabkb, i0 * i1</column>
<column name="Matrix_multiplicabkb_U42">Matrix_multiplicabkb, i0 * i1</column>
<column name="Matrix_multiplicabkb_U44">Matrix_multiplicabkb, i0 * i1</column>
<column name="Matrix_multiplicabkb_U46">Matrix_multiplicabkb, i0 * i1</column>
<column name="Matrix_multiplicabkb_U47">Matrix_multiplicabkb, i0 * i1</column>
<column name="Matrix_multiplicabkb_U48">Matrix_multiplicabkb, i0 * i1</column>
<column name="Matrix_multiplicabkb_U49">Matrix_multiplicabkb, i0 * i1</column>
<column name="Matrix_multiplicabkb_U50">Matrix_multiplicabkb, i0 * i1</column>
<column name="Matrix_multiplicacud_U1">Matrix_multiplicacud, i0 + i1 * i2</column>
<column name="Matrix_multiplicacud_U3">Matrix_multiplicacud, i0 + i1 * i2</column>
<column name="Matrix_multiplicacud_U7">Matrix_multiplicacud, i0 + i1 * i2</column>
<column name="Matrix_multiplicacud_U9">Matrix_multiplicacud, i0 + i1 * i2</column>
<column name="Matrix_multiplicacud_U11">Matrix_multiplicacud, i0 + i1 * i2</column>
<column name="Matrix_multiplicacud_U13">Matrix_multiplicacud, i0 + i1 * i2</column>
<column name="Matrix_multiplicacud_U15">Matrix_multiplicacud, i0 + i1 * i2</column>
<column name="Matrix_multiplicacud_U16">Matrix_multiplicacud, i0 + i1 * i2</column>
<column name="Matrix_multiplicacud_U21">Matrix_multiplicacud, i0 + i1 * i2</column>
<column name="Matrix_multiplicacud_U23">Matrix_multiplicacud, i0 + i1 * i2</column>
<column name="Matrix_multiplicacud_U25">Matrix_multiplicacud, i0 + i1 * i2</column>
<column name="Matrix_multiplicacud_U27">Matrix_multiplicacud, i0 + i1 * i2</column>
<column name="Matrix_multiplicacud_U29">Matrix_multiplicacud, i0 + i1 * i2</column>
<column name="Matrix_multiplicacud_U31">Matrix_multiplicacud, i0 + i1 * i2</column>
<column name="Matrix_multiplicacud_U33">Matrix_multiplicacud, i0 + i1 * i2</column>
<column name="Matrix_multiplicacud_U35">Matrix_multiplicacud, i0 + i1 * i2</column>
<column name="Matrix_multiplicacud_U41">Matrix_multiplicacud, i0 + i1 * i2</column>
<column name="Matrix_multiplicacud_U43">Matrix_multiplicacud, i0 + i1 * i2</column>
<column name="Matrix_multiplicacud_U45">Matrix_multiplicacud, i0 + i1 * i2</column>
<column name="Matrix_multiplicacud_U51">Matrix_multiplicacud, i0 + i1 * i2</column>
<column name="Matrix_multiplicacud_U52">Matrix_multiplicacud, i0 + i1 * i2</column>
<column name="Matrix_multiplicacud_U53">Matrix_multiplicacud, i0 + i1 * i2</column>
<column name="Matrix_multiplicacud_U54">Matrix_multiplicacud, i0 + i1 * i2</column>
<column name="Matrix_multiplicacud_U55">Matrix_multiplicacud, i0 + i1 * i2</column>
<column name="Matrix_multiplicacud_U56">Matrix_multiplicacud, i0 + i1 * i2</column>
<column name="Matrix_multiplicacud_U57">Matrix_multiplicacud, i0 + i1 * i2</column>
<column name="Matrix_multiplicacud_U58">Matrix_multiplicacud, i0 + i1 * i2</column>
<column name="Matrix_multiplicacud_U59">Matrix_multiplicacud, i0 + i1 * i2</column>
<column name="Matrix_multiplicacud_U60">Matrix_multiplicacud, i0 + i1 * i2</column>
<column name="Matrix_multiplicacud_U61">Matrix_multiplicacud, i0 + i1 * i2</column>
<column name="Matrix_multiplicacud_U62">Matrix_multiplicacud, i0 + i1 * i2</column>
<column name="Matrix_multiplicacud_U63">Matrix_multiplicacud, i0 + i1 * i2</column>
</table>
</item>
<item name = "Memory"><table name="" hasTotal="1">
<keys size="9">Memory, Module, BRAM_18K, FF, LUT, Words, Bits, Banks, W*Bits*Banks</keys>
</table>
</item>
<item name = "FIFO"><table name="" hasTotal="1">
<keys size="7">Name, BRAM_18K, FF, LUT, Depth, Bits, Size:D*B</keys>
</table>
</item>
<item name = "Expression"><table name="" hasTotal="1">
<keys size="7">Variable Name, Operation, DSP48E, FF, LUT, Bitwidth P0, Bitwidth P1</keys>
<column name="tmp_9_0_0_3_fu_523_p2">+, 0, 53, 21, 16, 16</column>
<column name="tmp_9_0_1_3_fu_528_p2">+, 0, 53, 21, 16, 16</column>
<column name="tmp_9_0_2_3_fu_542_p2">+, 0, 53, 21, 16, 16</column>
<column name="tmp_9_0_3_3_fu_561_p2">+, 0, 53, 21, 16, 16</column>
<column name="tmp_9_1_0_3_fu_533_p2">+, 0, 53, 21, 16, 16</column>
<column name="tmp_9_1_1_3_fu_538_p2">+, 0, 53, 21, 16, 16</column>
<column name="tmp_9_1_2_3_fu_547_p2">+, 0, 53, 21, 16, 16</column>
<column name="tmp_9_1_3_3_fu_566_p2">+, 0, 53, 21, 16, 16</column>
<column name="tmp_9_2_0_3_fu_552_p2">+, 0, 53, 21, 16, 16</column>
<column name="tmp_9_2_1_3_fu_556_p2">+, 0, 53, 21, 16, 16</column>
<column name="tmp_9_2_2_3_fu_571_p2">+, 0, 53, 21, 16, 16</column>
<column name="tmp_9_2_3_3_fu_575_p2">+, 0, 53, 21, 16, 16</column>
<column name="tmp_9_3_0_3_fu_579_p2">+, 0, 53, 21, 16, 16</column>
<column name="tmp_9_3_1_3_fu_583_p2">+, 0, 53, 21, 16, 16</column>
<column name="tmp_9_3_2_3_fu_587_p2">+, 0, 53, 21, 16, 16</column>
<column name="tmp_9_3_3_3_fu_591_p2">+, 0, 53, 21, 16, 16</column>
<column name="ap_block_pp0_stage0_flag00011001">and, 0, 0, 2, 1, 1</column>
<column name="ap_enable_pp0">xor, 0, 0, 2, 1, 2</column>
</table>
</item>
<item name = "Multiplexer"><table name="" hasTotal="1">
<keys size="5">Name, LUT, Input Size, Bits, Total Bits</keys>
<column name="Matrix_A_address0">50, 9, 4, 36</column>
<column name="Matrix_A_address1">50, 9, 4, 36</column>
<column name="Matrix_B_address0">50, 9, 4, 36</column>
<column name="Matrix_B_address1">50, 9, 4, 36</column>
<column name="Matrix_C_address0">50, 9, 4, 36</column>
<column name="Matrix_C_address1">50, 9, 4, 36</column>
<column name="Matrix_C_d0">50, 9, 16, 144</column>
<column name="Matrix_C_d1">50, 9, 16, 144</column>
<column name="ap_NS_fsm">60, 11, 1, 11</column>
<column name="ap_enable_reg_pp0_iter0">9, 2, 1, 2</column>
<column name="ap_enable_reg_pp0_iter1">9, 2, 1, 2</column>
<column name="reg_503">9, 2, 16, 32</column>
<column name="reg_508">9, 2, 16, 32</column>
<column name="reg_513">9, 2, 16, 32</column>
<column name="reg_518">9, 2, 16, 32</column>
</table>
</item>
<item name = "Register"><table name="" hasTotal="1">
<keys size="5">Name, FF, LUT, Bits, Const Bits</keys>
<column name="Matrix_A_load_10_reg_1348">16, 0, 16, 0</column>
<column name="Matrix_A_load_11_reg_1358">16, 0, 16, 0</column>
<column name="Matrix_A_load_2_reg_1045">16, 0, 16, 0</column>
<column name="Matrix_A_load_3_reg_1057">16, 0, 16, 0</column>
<column name="Matrix_A_load_4_reg_1117">16, 0, 16, 0</column>
<column name="Matrix_A_load_5_reg_1125">16, 0, 16, 0</column>
<column name="Matrix_A_load_6_reg_1185">16, 0, 16, 0</column>
<column name="Matrix_A_load_7_reg_1196">16, 0, 16, 0</column>
<column name="Matrix_A_load_8_reg_1267">16, 0, 16, 0</column>
<column name="Matrix_A_load_9_reg_1275">16, 0, 16, 0</column>
<column name="Matrix_B_load_10_reg_1315">16, 0, 16, 0</column>
<column name="Matrix_B_load_11_reg_1325">16, 0, 16, 0</column>
<column name="Matrix_B_load_3_reg_1065">16, 0, 16, 0</column>
<column name="Matrix_B_load_4_reg_1098">16, 0, 16, 0</column>
<column name="Matrix_B_load_5_reg_1106">16, 0, 16, 0</column>
<column name="Matrix_B_load_6_reg_1161">16, 0, 16, 0</column>
<column name="Matrix_B_load_7_reg_1172">16, 0, 16, 0</column>
<column name="Matrix_B_load_8_reg_1239">16, 0, 16, 0</column>
<column name="Matrix_B_load_9_reg_1247">16, 0, 16, 0</column>
<column name="Matrix_B_load_reg_1012">16, 0, 16, 0</column>
<column name="ap_CS_fsm">10, 0, 10, 0</column>
<column name="ap_enable_reg_pp0_iter0_reg">1, 0, 1, 0</column>
<column name="ap_enable_reg_pp0_iter1">1, 0, 1, 0</column>
<column name="reg_503">16, 0, 16, 0</column>
<column name="reg_508">16, 0, 16, 0</column>
<column name="reg_513">16, 0, 16, 0</column>
<column name="reg_518">16, 0, 16, 0</column>
<column name="tmp10_reg_1214">16, 0, 16, 0</column>
<column name="tmp12_reg_1343">16, 0, 16, 0</column>
<column name="tmp14_reg_1466">16, 0, 16, 0</column>
<column name="tmp16_reg_1366">16, 0, 16, 0</column>
<column name="tmp18_reg_1376">16, 0, 16, 0</column>
<column name="tmp20_reg_1386">16, 0, 16, 0</column>
<column name="tmp28_reg_1516">16, 0, 16, 0</column>
<column name="tmp2_reg_1180">16, 0, 16, 0</column>
<column name="tmp4_reg_1333">16, 0, 16, 0</column>
<column name="tmp6_reg_1456">16, 0, 16, 0</column>
<column name="tmp8_reg_1204">16, 0, 16, 0</column>
<column name="tmp_8_0_0_1_reg_1020">16, 0, 16, 0</column>
<column name="tmp_8_0_0_2_reg_1052">16, 0, 16, 0</column>
<column name="tmp_8_0_1_1_reg_1112">16, 0, 16, 0</column>
<column name="tmp_8_0_1_2_reg_1167">16, 0, 16, 0</column>
<column name="tmp_8_0_2_1_reg_1252">16, 0, 16, 0</column>
<column name="tmp_8_0_2_2_reg_1320">16, 0, 16, 0</column>
<column name="tmp_8_0_3_1_reg_1411">16, 0, 16, 0</column>
<column name="tmp_8_0_3_2_reg_1451">16, 0, 16, 0</column>
<column name="tmp_8_1_0_1_reg_1131">16, 0, 16, 0</column>
<column name="tmp_8_1_0_2_reg_1191">16, 0, 16, 0</column>
<column name="tmp_8_1_1_1_reg_1136">16, 0, 16, 0</column>
<column name="tmp_8_1_1_2_reg_1209">16, 0, 16, 0</column>
<column name="tmp_8_1_2_1_reg_1262">16, 0, 16, 0</column>
<column name="tmp_8_1_2_2_reg_1338">16, 0, 16, 0</column>
<column name="tmp_8_1_3_1_reg_1416">16, 0, 16, 0</column>
<column name="tmp_8_1_3_2_reg_1461">16, 0, 16, 0</column>
<column name="tmp_8_2_0_1_reg_1280">16, 0, 16, 0</column>
<column name="tmp_8_2_0_2_reg_1353">16, 0, 16, 0</column>
<column name="tmp_8_2_1_1_reg_1285">16, 0, 16, 0</column>
<column name="tmp_8_2_1_2_reg_1371">16, 0, 16, 0</column>
<column name="tmp_8_2_2_1_reg_1290">16, 0, 16, 0</column>
<column name="tmp_8_2_2_2_reg_1381">16, 0, 16, 0</column>
<column name="tmp_8_2_3_1_reg_1426">16, 0, 16, 0</column>
<column name="tmp_8_2_3_2_reg_1471">16, 0, 16, 0</column>
<column name="tmp_8_3_0_1_reg_1431">16, 0, 16, 0</column>
<column name="tmp_8_3_0_2_reg_1476">16, 0, 16, 0</column>
<column name="tmp_8_3_1_1_reg_1436">16, 0, 16, 0</column>
<column name="tmp_8_3_1_2_reg_1481">16, 0, 16, 0</column>
<column name="tmp_8_3_2_1_reg_1441">16, 0, 16, 0</column>
<column name="tmp_8_3_2_2_reg_1486">16, 0, 16, 0</column>
<column name="tmp_8_3_3_1_reg_1446">16, 0, 16, 0</column>
<column name="tmp_8_3_3_2_reg_1491">16, 0, 16, 0</column>
<column name="tmp_9_1_1_3_reg_1257">16, 0, 16, 0</column>
<column name="tmp_9_2_0_3_reg_1421">16, 0, 16, 0</column>
<column name="tmp_9_2_2_3_reg_1496">16, 0, 16, 0</column>
<column name="tmp_9_2_3_3_reg_1501">16, 0, 16, 0</column>
<column name="tmp_9_3_0_3_reg_1506">16, 0, 16, 0</column>
<column name="tmp_9_3_1_3_reg_1511">16, 0, 16, 0</column>
<column name="tmp_9_3_2_3_reg_1521">16, 0, 16, 0</column>
<column name="tmp_9_3_3_3_reg_1526">16, 0, 16, 0</column>
<column name="tmp_reg_1073">16, 0, 16, 0</column>
</table>
</item>
</section>
</item>
</section>

<section name = "Interface" level="0">
<item name = "Summary"><table name="" hasTotal="0">
<keys size="6">RTL Ports, Dir, Bits, Protocol, Source Object, C Type</keys>
<column name="ap_clk">in, 1, ap_ctrl_hs, Matrix_multiplication, return value</column>
<column name="ap_rst">in, 1, ap_ctrl_hs, Matrix_multiplication, return value</column>
<column name="ap_start">in, 1, ap_ctrl_hs, Matrix_multiplication, return value</column>
<column name="ap_done">out, 1, ap_ctrl_hs, Matrix_multiplication, return value</column>
<column name="ap_idle">out, 1, ap_ctrl_hs, Matrix_multiplication, return value</column>
<column name="ap_ready">out, 1, ap_ctrl_hs, Matrix_multiplication, return value</column>
<column name="Matrix_A_address0">out, 4, ap_memory, Matrix_A, array</column>
<column name="Matrix_A_ce0">out, 1, ap_memory, Matrix_A, array</column>
<column name="Matrix_A_q0">in, 16, ap_memory, Matrix_A, array</column>
<column name="Matrix_A_address1">out, 4, ap_memory, Matrix_A, array</column>
<column name="Matrix_A_ce1">out, 1, ap_memory, Matrix_A, array</column>
<column name="Matrix_A_q1">in, 16, ap_memory, Matrix_A, array</column>
<column name="Matrix_B_address0">out, 4, ap_memory, Matrix_B, array</column>
<column name="Matrix_B_ce0">out, 1, ap_memory, Matrix_B, array</column>
<column name="Matrix_B_q0">in, 16, ap_memory, Matrix_B, array</column>
<column name="Matrix_B_address1">out, 4, ap_memory, Matrix_B, array</column>
<column name="Matrix_B_ce1">out, 1, ap_memory, Matrix_B, array</column>
<column name="Matrix_B_q1">in, 16, ap_memory, Matrix_B, array</column>
<column name="Matrix_C_address0">out, 4, ap_memory, Matrix_C, array</column>
<column name="Matrix_C_ce0">out, 1, ap_memory, Matrix_C, array</column>
<column name="Matrix_C_we0">out, 1, ap_memory, Matrix_C, array</column>
<column name="Matrix_C_d0">out, 16, ap_memory, Matrix_C, array</column>
<column name="Matrix_C_address1">out, 4, ap_memory, Matrix_C, array</column>
<column name="Matrix_C_ce1">out, 1, ap_memory, Matrix_C, array</column>
<column name="Matrix_C_we1">out, 1, ap_memory, Matrix_C, array</column>
<column name="Matrix_C_d1">out, 16, ap_memory, Matrix_C, array</column>
</table>
</item>
</section>

<section name = "Critical Path" level="0">
<item name = "Max Delay">11.09</item>
<item name = "Critical Path Table"><table name="Critical Path Table" hasTotal="0">
<keys size="15">Name, Operator, Delay, Accumulated Delay, Store Source, Resource, Core, Interface, Type, Port, Array, Scope, Pointer, Callee, Phi Node</keys>
<column name="'tmp_8_0_0_3', ELEC522_project3/M_NULT.cpp:22">mul, 3.36, 3.36, -, -, -, -, -, -, -, -, -, -, -</column>
<column name="'tmp1', ELEC522_project3/M_NULT.cpp:22">add, 3.02, 6.38, -, -, -, -, -, -, -, -, -, -, -</column>
<column name="'tmp_9_0_0_3', ELEC522_project3/M_NULT.cpp:22">add, 2.39, 8.77, -, -, -, -, -, -, -, -, -, -, -</column>
<column name="ELEC522_project3/M_NULT.cpp:22">store, 2.32, 11.09, &apos;tmp_9_0_0_3&apos;, ELEC522_project3/M_NULT.cpp:22, -, -, -, -, -, &apos;Matrix_C&apos;, -, -, -, -</column>
</table>
</item>
</section>
</profile>
