<stg><name>Matrix_multiplication</name>


<trans_list>

<trans id="55" from="1" to="2">
<condition id="18">
<or_exp><and_exp></and_exp></or_exp>
</condition>
</trans>

<trans id="56" from="2" to="3">
<condition id="20">
<or_exp><and_exp><literal name="tmp" val="0"/>
</and_exp></or_exp>
</condition>
</trans>

<trans id="57" from="3" to="4">
<condition id="22">
<or_exp><and_exp><literal name="tmp_2" val="0"/>
</and_exp></or_exp>
</condition>
</trans>

<trans id="62" from="3" to="2">
<condition id="30">
<or_exp><and_exp><literal name="tmp_2" val="1"/>
</and_exp></or_exp>
</condition>
</trans>

<trans id="58" from="4" to="5">
<condition id="23">
<or_exp><and_exp><literal name="tmp_5" val="0"/>
</and_exp></or_exp>
</condition>
</trans>

<trans id="61" from="4" to="3">
<condition id="28">
<or_exp><and_exp><literal name="tmp_5" val="1"/>
</and_exp></or_exp>
</condition>
</trans>

<trans id="60" from="5" to="4">
<condition id="26">
<or_exp><and_exp></and_exp></or_exp>
</condition>
</trans>
</trans_list>



<state_list>

<state id="1" st_id="1">

<operation id="6" st_id="1" stage="1" lat="1">
<core>NULL</core>
<MemPortIdVec></MemPortIdVec>
<condition id="0">
<or_exp><and_exp></and_exp></or_exp>
</condition>

<Node id="4" bw="0" op_0_bw="0" op_1_bw="16">
<![CDATA[
:0  call void (...)* @_ssdm_op_SpecBitsMap([16 x i16]* %Matrix_A) nounwind, !map !7

]]></Node>
<StgValue><ssdm name=""/></StgValue>
</operation>

<operation id="7" st_id="1" stage="1" lat="1">
<core>NULL</core>
<MemPortIdVec></MemPortIdVec>
<condition id="0">
<or_exp><and_exp></and_exp></or_exp>
</condition>

<Node id="5" bw="0" op_0_bw="0" op_1_bw="16">
<![CDATA[
:1  call void (...)* @_ssdm_op_SpecBitsMap([16 x i16]* %Matrix_B) nounwind, !map !13

]]></Node>
<StgValue><ssdm name=""/></StgValue>
</operation>

<operation id="8" st_id="1" stage="1" lat="1">
<core>NULL</core>
<MemPortIdVec></MemPortIdVec>
<condition id="0">
<or_exp><and_exp></and_exp></or_exp>
</condition>

<Node id="6" bw="0" op_0_bw="0" op_1_bw="16">
<![CDATA[
:2  call void (...)* @_ssdm_op_SpecBitsMap([16 x i16]* %Matrix_C) nounwind, !map !17

]]></Node>
<StgValue><ssdm name=""/></StgValue>
</operation>

<operation id="9" st_id="1" stage="1" lat="1">
<core>NULL</core>
<MemPortIdVec></MemPortIdVec>
<condition id="0">
<or_exp><and_exp></and_exp></or_exp>
</condition>

<Node id="7" bw="0" op_0_bw="0" op_1_bw="0">
<![CDATA[
:3  call void (...)* @_ssdm_op_SpecTopModule([22 x i8]* @Matrix_multiplicatio) nounwind

]]></Node>
<StgValue><ssdm name=""/></StgValue>
</operation>

<operation id="10" st_id="1" stage="1" lat="1">
<core>NULL</core>
<MemPortIdVec></MemPortIdVec>
<condition id="0">
<or_exp><and_exp></and_exp></or_exp>
</condition>

<Node id="8" bw="0" op_0_bw="0">
<![CDATA[
:4  br label %.loopexit

]]></Node>
<StgValue><ssdm name=""/></StgValue>
</operation>
</state>

<state id="2" st_id="2">

<operation id="11" st_id="2" stage="1" lat="1">
<core>NULL</core>
<MemPortIdVec></MemPortIdVec>
<condition id="1">
<or_exp><and_exp></and_exp></or_exp>
</condition>

<Node id="10" bw="3" op_0_bw="3" op_1_bw="0">
<![CDATA[
.loopexit:0  %i = phi i3 [ 0, %0 ], [ %i_1, %.loopexit.loopexit ]

]]></Node>
<StgValue><ssdm name="i"/></StgValue>
</operation>

<operation id="12" st_id="2" stage="1" lat="1">
<core>Cmp</core>
<MemPortIdVec></MemPortIdVec>
<condition id="1">
<or_exp><and_exp></and_exp></or_exp>
</condition>

<Node id="11" bw="1" op_0_bw="3" op_1_bw="3">
<![CDATA[
.loopexit:1  %tmp = icmp eq i3 %i, -4

]]></Node>
<StgValue><ssdm name="tmp"/></StgValue>
</operation>

<operation id="13" st_id="2" stage="1" lat="1">
<core>NULL</core>
<MemPortIdVec></MemPortIdVec>
<condition id="1">
<or_exp><and_exp></and_exp></or_exp>
</condition>

<Node id="12" bw="32" op_0_bw="32" op_1_bw="64" op_2_bw="64" op_3_bw="64">
<![CDATA[
.loopexit:2  %empty = call i32 (...)* @_ssdm_op_SpecLoopTripCount(i64 4, i64 4, i64 4) nounwind

]]></Node>
<StgValue><ssdm name="empty"/></StgValue>
</operation>

<operation id="14" st_id="2" stage="1" lat="1">
<core>AddSub</core>
<MemPortIdVec></MemPortIdVec>
<condition id="1">
<or_exp><and_exp></and_exp></or_exp>
</condition>

<Node id="13" bw="3" op_0_bw="3" op_1_bw="3">
<![CDATA[
.loopexit:3  %i_1 = add i3 %i, 1

]]></Node>
<StgValue><ssdm name="i_1"/></StgValue>
</operation>

<operation id="15" st_id="2" stage="1" lat="1">
<core>NULL</core>
<MemPortIdVec></MemPortIdVec>
<condition id="1">
<or_exp><and_exp></and_exp></or_exp>
</condition>

<Node id="14" bw="0" op_0_bw="1" op_1_bw="0" op_2_bw="0">
<![CDATA[
.loopexit:4  br i1 %tmp, label %4, label %.preheader.preheader

]]></Node>
<StgValue><ssdm name=""/></StgValue>
</operation>

<operation id="16" st_id="2" stage="1" lat="1">
<core>NULL</core>
<MemPortIdVec></MemPortIdVec>
<condition id="3">
<or_exp><and_exp><literal name="tmp" val="0"/>
</and_exp></or_exp>
</condition>

<Node id="16" bw="5" op_0_bw="5" op_1_bw="3" op_2_bw="2">
<![CDATA[
.preheader.preheader:0  %tmp_1 = call i5 @_ssdm_op_BitConcatenate.i5.i3.i2(i3 %i, i2 0)

]]></Node>
<StgValue><ssdm name="tmp_1"/></StgValue>
</operation>

<operation id="17" st_id="2" stage="1" lat="1">
<core>NULL</core>
<MemPortIdVec></MemPortIdVec>
<condition id="3">
<or_exp><and_exp><literal name="tmp" val="0"/>
</and_exp></or_exp>
</condition>

<Node id="17" bw="6" op_0_bw="5">
<![CDATA[
.preheader.preheader:1  %tmp_3_cast = zext i5 %tmp_1 to i6

]]></Node>
<StgValue><ssdm name="tmp_3_cast"/></StgValue>
</operation>

<operation id="18" st_id="2" stage="1" lat="1">
<core>NULL</core>
<MemPortIdVec></MemPortIdVec>
<condition id="3">
<or_exp><and_exp><literal name="tmp" val="0"/>
</and_exp></or_exp>
</condition>

<Node id="18" bw="0" op_0_bw="0">
<![CDATA[
.preheader.preheader:2  br label %.preheader

]]></Node>
<StgValue><ssdm name=""/></StgValue>
</operation>

<operation id="19" st_id="2" stage="1" lat="1">
<core>NULL</core>
<MemPortIdVec></MemPortIdVec>
<condition id="5">
<or_exp><and_exp><literal name="tmp" val="1"/>
</and_exp></or_exp>
</condition>

<Node id="59" bw="0">
<![CDATA[
:0  ret void

]]></Node>
<StgValue><ssdm name=""/></StgValue>
</operation>
</state>

<state id="3" st_id="3">

<operation id="20" st_id="3" stage="1" lat="1">
<core>NULL</core>
<MemPortIdVec></MemPortIdVec>
<condition id="6">
<or_exp><and_exp></and_exp></or_exp>
</condition>

<Node id="20" bw="3" op_0_bw="3" op_1_bw="0">
<![CDATA[
.preheader:0  %j = phi i3 [ 0, %.preheader.preheader ], [ %j_1, %.preheader.loopexit ]

]]></Node>
<StgValue><ssdm name="j"/></StgValue>
</operation>

<operation id="21" st_id="3" stage="1" lat="1">
<core>Cmp</core>
<MemPortIdVec></MemPortIdVec>
<condition id="6">
<or_exp><and_exp></and_exp></or_exp>
</condition>

<Node id="21" bw="1" op_0_bw="3" op_1_bw="3">
<![CDATA[
.preheader:1  %tmp_2 = icmp eq i3 %j, -4

]]></Node>
<StgValue><ssdm name="tmp_2"/></StgValue>
</operation>

<operation id="22" st_id="3" stage="1" lat="1">
<core>NULL</core>
<MemPortIdVec></MemPortIdVec>
<condition id="6">
<or_exp><and_exp></and_exp></or_exp>
</condition>

<Node id="22" bw="32" op_0_bw="32" op_1_bw="64" op_2_bw="64" op_3_bw="64">
<![CDATA[
.preheader:2  %empty_5 = call i32 (...)* @_ssdm_op_SpecLoopTripCount(i64 4, i64 4, i64 4) nounwind

]]></Node>
<StgValue><ssdm name="empty_5"/></StgValue>
</operation>

<operation id="23" st_id="3" stage="1" lat="1">
<core>AddSub</core>
<MemPortIdVec></MemPortIdVec>
<condition id="6">
<or_exp><and_exp></and_exp></or_exp>
</condition>

<Node id="23" bw="3" op_0_bw="3" op_1_bw="3">
<![CDATA[
.preheader:3  %j_1 = add i3 %j, 1

]]></Node>
<StgValue><ssdm name="j_1"/></StgValue>
</operation>

<operation id="24" st_id="3" stage="1" lat="1">
<core>NULL</core>
<MemPortIdVec></MemPortIdVec>
<condition id="6">
<or_exp><and_exp></and_exp></or_exp>
</condition>

<Node id="24" bw="0" op_0_bw="1" op_1_bw="0" op_2_bw="0">
<![CDATA[
.preheader:4  br i1 %tmp_2, label %.loopexit.loopexit, label %1

]]></Node>
<StgValue><ssdm name=""/></StgValue>
</operation>

<operation id="25" st_id="3" stage="1" lat="1">
<core>NULL</core>
<MemPortIdVec></MemPortIdVec>
<condition id="8">
<or_exp><and_exp><literal name="tmp_2" val="0"/>
</and_exp></or_exp>
</condition>

<Node id="26" bw="6" op_0_bw="3">
<![CDATA[
:0  %tmp_4_cast = zext i3 %j to i6

]]></Node>
<StgValue><ssdm name="tmp_4_cast"/></StgValue>
</operation>

<operation id="26" st_id="3" stage="1" lat="1">
<core>AddSub</core>
<MemPortIdVec></MemPortIdVec>
<condition id="8">
<or_exp><and_exp><literal name="tmp_2" val="0"/>
</and_exp></or_exp>
</condition>

<Node id="27" bw="6" op_0_bw="6" op_1_bw="6">
<![CDATA[
:1  %tmp_6 = add i6 %tmp_3_cast, %tmp_4_cast

]]></Node>
<StgValue><ssdm name="tmp_6"/></StgValue>
</operation>

<operation id="27" st_id="3" stage="1" lat="1">
<core>NULL</core>
<MemPortIdVec></MemPortIdVec>
<condition id="8">
<or_exp><and_exp><literal name="tmp_2" val="0"/>
</and_exp></or_exp>
</condition>

<Node id="28" bw="32" op_0_bw="6">
<![CDATA[
:2  %tmp_6_cast = zext i6 %tmp_6 to i32

]]></Node>
<StgValue><ssdm name="tmp_6_cast"/></StgValue>
</operation>

<operation id="28" st_id="3" stage="1" lat="1">
<core>NULL</core>
<MemPortIdVec></MemPortIdVec>
<condition id="8">
<or_exp><and_exp><literal name="tmp_2" val="0"/>
</and_exp></or_exp>
</condition>

<Node id="29" bw="4" op_0_bw="16" op_1_bw="32" op_2_bw="32">
<![CDATA[
:3  %Matrix_C_addr = getelementptr [16 x i16]* %Matrix_C, i32 0, i32 %tmp_6_cast

]]></Node>
<StgValue><ssdm name="Matrix_C_addr"/></StgValue>
</operation>

<operation id="29" st_id="3" stage="1" lat="1">
<core>NULL</core>
<MemPortIdVec></MemPortIdVec>
<condition id="8">
<or_exp><and_exp><literal name="tmp_2" val="0"/>
</and_exp></or_exp>
</condition>

<Node id="30" bw="0" op_0_bw="0">
<![CDATA[
:4  br label %2

]]></Node>
<StgValue><ssdm name=""/></StgValue>
</operation>

<operation id="30" st_id="3" stage="1" lat="1">
<core>NULL</core>
<MemPortIdVec></MemPortIdVec>
<condition id="10">
<or_exp><and_exp><literal name="tmp_2" val="1"/>
</and_exp></or_exp>
</condition>

<Node id="57" bw="0" op_0_bw="0">
<![CDATA[
.loopexit.loopexit:0  br label %.loopexit

]]></Node>
<StgValue><ssdm name=""/></StgValue>
</operation>
</state>

<state id="4" st_id="4">

<operation id="31" st_id="4" stage="1" lat="1">
<core>NULL</core>
<MemPortIdVec></MemPortIdVec>
<condition id="11">
<or_exp><and_exp></and_exp></or_exp>
</condition>

<Node id="32" bw="16" op_0_bw="16" op_1_bw="0">
<![CDATA[
:0  %Matrix_C_load = phi i16 [ 0, %1 ], [ %tmp_9, %3 ]

]]></Node>
<StgValue><ssdm name="Matrix_C_load"/></StgValue>
</operation>

<operation id="32" st_id="4" stage="1" lat="1">
<core>NULL</core>
<MemPortIdVec></MemPortIdVec>
<condition id="11">
<or_exp><and_exp></and_exp></or_exp>
</condition>

<Node id="33" bw="3" op_0_bw="3" op_1_bw="0">
<![CDATA[
:1  %k = phi i3 [ 0, %1 ], [ %k_1, %3 ]

]]></Node>
<StgValue><ssdm name="k"/></StgValue>
</operation>

<operation id="33" st_id="4" stage="1" lat="1">
<core>RAM</core>
<MemPortIdVec>0 </MemPortIdVec>
<condition id="11">
<or_exp><and_exp></and_exp></or_exp>
</condition>

<Node id="34" bw="0" op_0_bw="16" op_1_bw="4">
<![CDATA[
:2  store i16 %Matrix_C_load, i16* %Matrix_C_addr, align 2

]]></Node>
<StgValue><ssdm name=""/></StgValue>
</operation>

<operation id="34" st_id="4" stage="1" lat="1">
<core>Cmp</core>
<MemPortIdVec></MemPortIdVec>
<condition id="11">
<or_exp><and_exp></and_exp></or_exp>
</condition>

<Node id="35" bw="1" op_0_bw="3" op_1_bw="3">
<![CDATA[
:3  %tmp_5 = icmp eq i3 %k, -4

]]></Node>
<StgValue><ssdm name="tmp_5"/></StgValue>
</operation>

<operation id="35" st_id="4" stage="1" lat="1">
<core>NULL</core>
<MemPortIdVec></MemPortIdVec>
<condition id="11">
<or_exp><and_exp></and_exp></or_exp>
</condition>

<Node id="36" bw="32" op_0_bw="32" op_1_bw="64" op_2_bw="64" op_3_bw="64">
<![CDATA[
:4  %empty_6 = call i32 (...)* @_ssdm_op_SpecLoopTripCount(i64 4, i64 4, i64 4) nounwind

]]></Node>
<StgValue><ssdm name="empty_6"/></StgValue>
</operation>

<operation id="36" st_id="4" stage="1" lat="1">
<core>AddSub</core>
<MemPortIdVec></MemPortIdVec>
<condition id="11">
<or_exp><and_exp></and_exp></or_exp>
</condition>

<Node id="37" bw="3" op_0_bw="3" op_1_bw="3">
<![CDATA[
:5  %k_1 = add i3 %k, 1

]]></Node>
<StgValue><ssdm name="k_1"/></StgValue>
</operation>

<operation id="37" st_id="4" stage="1" lat="1">
<core>NULL</core>
<MemPortIdVec></MemPortIdVec>
<condition id="11">
<or_exp><and_exp></and_exp></or_exp>
</condition>

<Node id="38" bw="0" op_0_bw="1" op_1_bw="0" op_2_bw="0">
<![CDATA[
:6  br i1 %tmp_5, label %.preheader.loopexit, label %3

]]></Node>
<StgValue><ssdm name=""/></StgValue>
</operation>

<operation id="38" st_id="4" stage="1" lat="1">
<core>NULL</core>
<MemPortIdVec></MemPortIdVec>
<condition id="13">
<or_exp><and_exp><literal name="tmp_5" val="0"/>
</and_exp></or_exp>
</condition>

<Node id="40" bw="6" op_0_bw="3">
<![CDATA[
:0  %tmp_7_cast = zext i3 %k to i6

]]></Node>
<StgValue><ssdm name="tmp_7_cast"/></StgValue>
</operation>

<operation id="39" st_id="4" stage="1" lat="1">
<core>AddSub</core>
<MemPortIdVec></MemPortIdVec>
<condition id="13">
<or_exp><and_exp><literal name="tmp_5" val="0"/>
</and_exp></or_exp>
</condition>

<Node id="41" bw="6" op_0_bw="6" op_1_bw="6">
<![CDATA[
:1  %tmp_s = add i6 %tmp_7_cast, %tmp_3_cast

]]></Node>
<StgValue><ssdm name="tmp_s"/></StgValue>
</operation>

<operation id="40" st_id="4" stage="1" lat="1">
<core>NULL</core>
<MemPortIdVec></MemPortIdVec>
<condition id="13">
<or_exp><and_exp><literal name="tmp_5" val="0"/>
</and_exp></or_exp>
</condition>

<Node id="42" bw="32" op_0_bw="6">
<![CDATA[
:2  %tmp_10_cast = zext i6 %tmp_s to i32

]]></Node>
<StgValue><ssdm name="tmp_10_cast"/></StgValue>
</operation>

<operation id="41" st_id="4" stage="1" lat="1">
<core>NULL</core>
<MemPortIdVec></MemPortIdVec>
<condition id="13">
<or_exp><and_exp><literal name="tmp_5" val="0"/>
</and_exp></or_exp>
</condition>

<Node id="43" bw="4" op_0_bw="16" op_1_bw="32" op_2_bw="32">
<![CDATA[
:3  %Matrix_A_addr = getelementptr [16 x i16]* %Matrix_A, i32 0, i32 %tmp_10_cast

]]></Node>
<StgValue><ssdm name="Matrix_A_addr"/></StgValue>
</operation>

<operation id="42" st_id="4" stage="1" lat="1">
<core>NULL</core>
<MemPortIdVec></MemPortIdVec>
<condition id="13">
<or_exp><and_exp><literal name="tmp_5" val="0"/>
</and_exp></or_exp>
</condition>

<Node id="44" bw="5" op_0_bw="5" op_1_bw="3" op_2_bw="2">
<![CDATA[
:4  %tmp_3 = call i5 @_ssdm_op_BitConcatenate.i5.i3.i2(i3 %k, i2 0)

]]></Node>
<StgValue><ssdm name="tmp_3"/></StgValue>
</operation>

<operation id="43" st_id="4" stage="1" lat="1">
<core>NULL</core>
<MemPortIdVec></MemPortIdVec>
<condition id="13">
<or_exp><and_exp><literal name="tmp_5" val="0"/>
</and_exp></or_exp>
</condition>

<Node id="45" bw="6" op_0_bw="5">
<![CDATA[
:5  %tmp_12_cast = zext i5 %tmp_3 to i6

]]></Node>
<StgValue><ssdm name="tmp_12_cast"/></StgValue>
</operation>

<operation id="44" st_id="4" stage="1" lat="1">
<core>AddSub</core>
<MemPortIdVec></MemPortIdVec>
<condition id="13">
<or_exp><and_exp><literal name="tmp_5" val="0"/>
</and_exp></or_exp>
</condition>

<Node id="46" bw="6" op_0_bw="6" op_1_bw="6">
<![CDATA[
:6  %tmp_4 = add i6 %tmp_4_cast, %tmp_12_cast

]]></Node>
<StgValue><ssdm name="tmp_4"/></StgValue>
</operation>

<operation id="45" st_id="4" stage="1" lat="1">
<core>NULL</core>
<MemPortIdVec></MemPortIdVec>
<condition id="13">
<or_exp><and_exp><literal name="tmp_5" val="0"/>
</and_exp></or_exp>
</condition>

<Node id="47" bw="32" op_0_bw="6">
<![CDATA[
:7  %tmp_13_cast = zext i6 %tmp_4 to i32

]]></Node>
<StgValue><ssdm name="tmp_13_cast"/></StgValue>
</operation>

<operation id="46" st_id="4" stage="1" lat="1">
<core>NULL</core>
<MemPortIdVec></MemPortIdVec>
<condition id="13">
<or_exp><and_exp><literal name="tmp_5" val="0"/>
</and_exp></or_exp>
</condition>

<Node id="48" bw="4" op_0_bw="16" op_1_bw="32" op_2_bw="32">
<![CDATA[
:8  %Matrix_B_addr = getelementptr [16 x i16]* %Matrix_B, i32 0, i32 %tmp_13_cast

]]></Node>
<StgValue><ssdm name="Matrix_B_addr"/></StgValue>
</operation>

<operation id="47" st_id="4" stage="2" lat="2">
<core>RAM</core>
<MemPortIdVec>0 </MemPortIdVec>
<condition id="13">
<or_exp><and_exp><literal name="tmp_5" val="0"/>
</and_exp></or_exp>
</condition>

<Node id="49" bw="16" op_0_bw="4">
<![CDATA[
:9  %Matrix_A_load = load i16* %Matrix_A_addr, align 2

]]></Node>
<StgValue><ssdm name="Matrix_A_load"/></StgValue>
</operation>

<operation id="48" st_id="4" stage="2" lat="2">
<core>RAM</core>
<MemPortIdVec>0 </MemPortIdVec>
<condition id="13">
<or_exp><and_exp><literal name="tmp_5" val="0"/>
</and_exp></or_exp>
</condition>

<Node id="50" bw="16" op_0_bw="4">
<![CDATA[
:10  %Matrix_B_load = load i16* %Matrix_B_addr, align 2

]]></Node>
<StgValue><ssdm name="Matrix_B_load"/></StgValue>
</operation>

<operation id="49" st_id="4" stage="1" lat="1">
<core>NULL</core>
<MemPortIdVec></MemPortIdVec>
<condition id="15">
<or_exp><and_exp><literal name="tmp_5" val="1"/>
</and_exp></or_exp>
</condition>

<Node id="55" bw="0" op_0_bw="0">
<![CDATA[
.preheader.loopexit:0  br label %.preheader

]]></Node>
<StgValue><ssdm name=""/></StgValue>
</operation>
</state>

<state id="5" st_id="5">

<operation id="50" st_id="5" stage="1" lat="2">
<core>RAM</core>
<MemPortIdVec>0 </MemPortIdVec>
<condition id="16">
<or_exp><and_exp></and_exp></or_exp>
</condition>

<Node id="49" bw="16" op_0_bw="4">
<![CDATA[
:9  %Matrix_A_load = load i16* %Matrix_A_addr, align 2

]]></Node>
<StgValue><ssdm name="Matrix_A_load"/></StgValue>
</operation>

<operation id="51" st_id="5" stage="1" lat="2">
<core>RAM</core>
<MemPortIdVec>0 </MemPortIdVec>
<condition id="16">
<or_exp><and_exp></and_exp></or_exp>
</condition>

<Node id="50" bw="16" op_0_bw="4">
<![CDATA[
:10  %Matrix_B_load = load i16* %Matrix_B_addr, align 2

]]></Node>
<StgValue><ssdm name="Matrix_B_load"/></StgValue>
</operation>

<operation id="52" st_id="5" stage="1" lat="1">
<core>DSP48</core>
<MemPortIdVec></MemPortIdVec>
<condition id="16">
<or_exp><and_exp></and_exp></or_exp>
</condition>

<Node id="51" bw="16" op_0_bw="16" op_1_bw="16">
<![CDATA[
:11  %tmp_8 = mul i16 %Matrix_A_load, %Matrix_B_load

]]></Node>
<StgValue><ssdm name="tmp_8"/></StgValue>
</operation>

<operation id="53" st_id="5" stage="1" lat="1">
<core>DSP48</core>
<MemPortIdVec></MemPortIdVec>
<condition id="16">
<or_exp><and_exp></and_exp></or_exp>
</condition>

<Node id="52" bw="16" op_0_bw="16" op_1_bw="16">
<![CDATA[
:12  %tmp_9 = add i16 %Matrix_C_load, %tmp_8

]]></Node>
<StgValue><ssdm name="tmp_9"/></StgValue>
</operation>

<operation id="54" st_id="5" stage="1" lat="1">
<core>NULL</core>
<MemPortIdVec></MemPortIdVec>
<condition id="16">
<or_exp><and_exp></and_exp></or_exp>
</condition>

<Node id="53" bw="0" op_0_bw="0">
<![CDATA[
:13  br label %2

]]></Node>
<StgValue><ssdm name=""/></StgValue>
</operation>
</state>
</state_list>


<ports>
<port id="63" name="Matrix_A" dir="0" iftype="1">
<core>RAM</core><StgValue><ssdm name="Matrix_A"/><MemPortTyVec>1 3 </MemPortTyVec>
</StgValue>
</port>
<port id="64" name="Matrix_B" dir="0" iftype="1">
<core>RAM</core><StgValue><ssdm name="Matrix_B"/><MemPortTyVec>1 3 </MemPortTyVec>
</StgValue>
</port>
<port id="65" name="Matrix_C" dir="1" iftype="1">
<core>RAM</core><StgValue><ssdm name="Matrix_C"/><MemPortTyVec>0 3 </MemPortTyVec>
</StgValue>
</port>
</ports>


<dataflows>
<dataflow id="67" from="_ssdm_op_SpecBitsMap" to="StgValue_6" fromId="66" toId="6">
</dataflow>
<dataflow id="68" from="Matrix_A" to="StgValue_6" fromId="63" toId="6">
</dataflow>
<dataflow id="69" from="_ssdm_op_SpecBitsMap" to="StgValue_7" fromId="66" toId="7">
</dataflow>
<dataflow id="70" from="Matrix_B" to="StgValue_7" fromId="64" toId="7">
</dataflow>
<dataflow id="71" from="_ssdm_op_SpecBitsMap" to="StgValue_8" fromId="66" toId="8">
</dataflow>
<dataflow id="72" from="Matrix_C" to="StgValue_8" fromId="65" toId="8">
</dataflow>
<dataflow id="74" from="_ssdm_op_SpecTopModule" to="StgValue_9" fromId="73" toId="9">
</dataflow>
<dataflow id="76" from="Matrix_multiplicatio" to="StgValue_9" fromId="75" toId="9">
</dataflow>
<dataflow id="78" from="StgValue_77" to="i" fromId="77" toId="11">
<condition id="36">
<or_exp><and_exp></and_exp></or_exp>
</condition>
</dataflow>
<dataflow id="79" from="StgValue_10" to="i" fromId="10" toId="11">
</dataflow>
<dataflow id="80" from="i_1" to="i" fromId="14" toId="11">
<BackEdge/>
<condition id="37">
<or_exp><and_exp><literal name="tmp_2" val="1"/>
</and_exp></or_exp>
</condition>
</dataflow>
<dataflow id="81" from="StgValue_30" to="i" fromId="30" toId="11">
<BackEdge/>
</dataflow>
<dataflow id="82" from="i" to="tmp" fromId="11" toId="12">
</dataflow>
<dataflow id="84" from="StgValue_83" to="tmp" fromId="83" toId="12">
</dataflow>
<dataflow id="86" from="_ssdm_op_SpecLoopTripCount" to="empty" fromId="85" toId="13">
</dataflow>
<dataflow id="88" from="StgValue_87" to="empty" fromId="87" toId="13">
</dataflow>
<dataflow id="89" from="StgValue_87" to="empty" fromId="87" toId="13">
</dataflow>
<dataflow id="90" from="StgValue_87" to="empty" fromId="87" toId="13">
</dataflow>
<dataflow id="91" from="i" to="i_1" fromId="11" toId="14">
</dataflow>
<dataflow id="93" from="StgValue_92" to="i_1" fromId="92" toId="14">
</dataflow>
<dataflow id="94" from="tmp" to="StgValue_15" fromId="12" toId="15">
</dataflow>
<dataflow id="96" from="_ssdm_op_BitConcatenate.i5.i3.i2" to="tmp_1" fromId="95" toId="16">
</dataflow>
<dataflow id="97" from="i" to="tmp_1" fromId="11" toId="16">
</dataflow>
<dataflow id="99" from="StgValue_98" to="tmp_1" fromId="98" toId="16">
</dataflow>
<dataflow id="100" from="tmp_1" to="tmp_3_cast" fromId="16" toId="17">
</dataflow>
<dataflow id="101" from="StgValue_77" to="j" fromId="77" toId="20">
<condition id="38">
<or_exp><and_exp><literal name="tmp" val="0"/>
</and_exp></or_exp>
</condition>
</dataflow>
<dataflow id="102" from="StgValue_18" to="j" fromId="18" toId="20">
</dataflow>
<dataflow id="103" from="j_1" to="j" fromId="23" toId="20">
<BackEdge/>
<condition id="39">
<or_exp><and_exp><literal name="tmp_5" val="1"/>
</and_exp></or_exp>
</condition>
</dataflow>
<dataflow id="104" from="StgValue_49" to="j" fromId="49" toId="20">
<BackEdge/>
</dataflow>
<dataflow id="105" from="j" to="tmp_2" fromId="20" toId="21">
</dataflow>
<dataflow id="106" from="StgValue_83" to="tmp_2" fromId="83" toId="21">
</dataflow>
<dataflow id="107" from="_ssdm_op_SpecLoopTripCount" to="empty_5" fromId="85" toId="22">
</dataflow>
<dataflow id="108" from="StgValue_87" to="empty_5" fromId="87" toId="22">
</dataflow>
<dataflow id="109" from="StgValue_87" to="empty_5" fromId="87" toId="22">
</dataflow>
<dataflow id="110" from="StgValue_87" to="empty_5" fromId="87" toId="22">
</dataflow>
<dataflow id="111" from="j" to="j_1" fromId="20" toId="23">
</dataflow>
<dataflow id="112" from="StgValue_92" to="j_1" fromId="92" toId="23">
</dataflow>
<dataflow id="113" from="tmp_2" to="StgValue_24" fromId="21" toId="24">
</dataflow>
<dataflow id="114" from="j" to="tmp_4_cast" fromId="20" toId="25">
</dataflow>
<dataflow id="115" from="tmp_3_cast" to="tmp_6" fromId="17" toId="26">
</dataflow>
<dataflow id="116" from="tmp_4_cast" to="tmp_6" fromId="25" toId="26">
</dataflow>
<dataflow id="117" from="tmp_6" to="tmp_6_cast" fromId="26" toId="27">
</dataflow>
<dataflow id="118" from="Matrix_C" to="Matrix_C_addr" fromId="65" toId="28">
</dataflow>
<dataflow id="120" from="StgValue_119" to="Matrix_C_addr" fromId="119" toId="28">
</dataflow>
<dataflow id="121" from="tmp_6_cast" to="Matrix_C_addr" fromId="27" toId="28">
</dataflow>
<dataflow id="123" from="StgValue_122" to="Matrix_C_load" fromId="122" toId="31">
<condition id="40">
<or_exp><and_exp><literal name="tmp_2" val="0"/>
</and_exp></or_exp>
</condition>
</dataflow>
<dataflow id="124" from="StgValue_29" to="Matrix_C_load" fromId="29" toId="31">
</dataflow>
<dataflow id="125" from="tmp_9" to="Matrix_C_load" fromId="53" toId="31">
<BackEdge/>
<condition id="41">
<or_exp><and_exp></and_exp></or_exp>
</condition>
</dataflow>
<dataflow id="126" from="StgValue_54" to="Matrix_C_load" fromId="54" toId="31">
<BackEdge/>
</dataflow>
<dataflow id="127" from="StgValue_77" to="k" fromId="77" toId="32">
<condition id="42">
<or_exp><and_exp><literal name="tmp_2" val="0"/>
</and_exp></or_exp>
</condition>
</dataflow>
<dataflow id="128" from="StgValue_29" to="k" fromId="29" toId="32">
</dataflow>
<dataflow id="129" from="k_1" to="k" fromId="36" toId="32">
<BackEdge/>
<condition id="43">
<or_exp><and_exp></and_exp></or_exp>
</condition>
</dataflow>
<dataflow id="130" from="StgValue_54" to="k" fromId="54" toId="32">
<BackEdge/>
</dataflow>
<dataflow id="131" from="Matrix_C_load" to="StgValue_33" fromId="31" toId="33">
</dataflow>
<dataflow id="132" from="Matrix_C_addr" to="StgValue_33" fromId="28" toId="33">
</dataflow>
<dataflow id="133" from="k" to="tmp_5" fromId="32" toId="34">
</dataflow>
<dataflow id="134" from="StgValue_83" to="tmp_5" fromId="83" toId="34">
</dataflow>
<dataflow id="135" from="_ssdm_op_SpecLoopTripCount" to="empty_6" fromId="85" toId="35">
</dataflow>
<dataflow id="136" from="StgValue_87" to="empty_6" fromId="87" toId="35">
</dataflow>
<dataflow id="137" from="StgValue_87" to="empty_6" fromId="87" toId="35">
</dataflow>
<dataflow id="138" from="StgValue_87" to="empty_6" fromId="87" toId="35">
</dataflow>
<dataflow id="139" from="k" to="k_1" fromId="32" toId="36">
</dataflow>
<dataflow id="140" from="StgValue_92" to="k_1" fromId="92" toId="36">
</dataflow>
<dataflow id="141" from="tmp_5" to="StgValue_37" fromId="34" toId="37">
</dataflow>
<dataflow id="142" from="k" to="tmp_7_cast" fromId="32" toId="38">
</dataflow>
<dataflow id="143" from="tmp_7_cast" to="tmp_s" fromId="38" toId="39">
</dataflow>
<dataflow id="144" from="tmp_3_cast" to="tmp_s" fromId="17" toId="39">
</dataflow>
<dataflow id="145" from="tmp_s" to="tmp_10_cast" fromId="39" toId="40">
</dataflow>
<dataflow id="146" from="Matrix_A" to="Matrix_A_addr" fromId="63" toId="41">
</dataflow>
<dataflow id="147" from="StgValue_119" to="Matrix_A_addr" fromId="119" toId="41">
</dataflow>
<dataflow id="148" from="tmp_10_cast" to="Matrix_A_addr" fromId="40" toId="41">
</dataflow>
<dataflow id="149" from="_ssdm_op_BitConcatenate.i5.i3.i2" to="tmp_3" fromId="95" toId="42">
</dataflow>
<dataflow id="150" from="k" to="tmp_3" fromId="32" toId="42">
</dataflow>
<dataflow id="151" from="StgValue_98" to="tmp_3" fromId="98" toId="42">
</dataflow>
<dataflow id="152" from="tmp_3" to="tmp_12_cast" fromId="42" toId="43">
</dataflow>
<dataflow id="153" from="tmp_4_cast" to="tmp_4" fromId="25" toId="44">
</dataflow>
<dataflow id="154" from="tmp_12_cast" to="tmp_4" fromId="43" toId="44">
</dataflow>
<dataflow id="155" from="tmp_4" to="tmp_13_cast" fromId="44" toId="45">
</dataflow>
<dataflow id="156" from="Matrix_B" to="Matrix_B_addr" fromId="64" toId="46">
</dataflow>
<dataflow id="157" from="StgValue_119" to="Matrix_B_addr" fromId="119" toId="46">
</dataflow>
<dataflow id="158" from="tmp_13_cast" to="Matrix_B_addr" fromId="45" toId="46">
</dataflow>
<dataflow id="159" from="Matrix_A_addr" to="Matrix_A_load" fromId="41" toId="47">
</dataflow>
<dataflow id="160" from="Matrix_B_addr" to="Matrix_B_load" fromId="46" toId="48">
</dataflow>
<dataflow id="161" from="Matrix_A_addr" to="Matrix_A_load" fromId="41" toId="50">
</dataflow>
<dataflow id="162" from="Matrix_B_addr" to="Matrix_B_load" fromId="46" toId="51">
</dataflow>
<dataflow id="163" from="Matrix_A_load" to="tmp_8" fromId="50" toId="52">
</dataflow>
<dataflow id="164" from="Matrix_B_load" to="tmp_8" fromId="51" toId="52">
</dataflow>
<dataflow id="165" from="Matrix_C_load" to="tmp_9" fromId="31" toId="53">
</dataflow>
<dataflow id="166" from="tmp_8" to="tmp_9" fromId="52" toId="53">
</dataflow>
<dataflow id="167" from="tmp" to="StgValue_2" fromId="12" toId="2">
</dataflow>
<dataflow id="168" from="tmp_2" to="StgValue_3" fromId="21" toId="3">
</dataflow>
<dataflow id="169" from="tmp_5" to="StgValue_4" fromId="34" toId="4">
</dataflow>
</dataflows>


</stg>
