<profile>

<section name = "Vivado HLS Report for 'Matrix_multiplication'" level="0">
<item name = "Date">Sat Oct 21 15:23:11 2017
</item>
<item name = "Version">2017.2 (Build 1909853 on Thu Jun 15 18:55:24 MDT 2017)</item>
<item name = "Project">ELEC522_project3</item>
<item name = "Solution">solution1</item>
<item name = "Product family">zynq</item>
<item name = "Target device">xc7z020clg484-1</item>
</section>

<section name = "Performance Estimates" level="0">
<item name = "Timing (ns)">
<section name = "" level="1">
<item name = "Target clock period (ns)">10.00</item>
<item name = "Clock uncertainty (ns)">1.25</item>
<item name = "Estimated clock period (ns)">8.70</item>
</section>
</item>
<item name = "Latency (clock cycles)">
<section name = "" level="1">
<item name = "Summary"><table name="" hasTotal="0">
<keys size="6">, min, max, min, max, Type</keys>
<column name="">169, 169, 170, 170, none</column>
</table>
</item>
<item name = "Detail">
<section name = "" level="1">
<item name = "Instance"><table name="" hasTotal="0">
<keys size="7">Instance, Module, min, max, min, max, Type</keys>
</table>
</item>
<item name = "Loop"><table name="" hasTotal="0">
<keys size="8">Loop Name, min, max, Latency, achieved, target, Count, Pipelined</keys>
<column name="- Loop 1">168, 168, 42, -, -, 4, no</column>
<column name=" + Loop 1.1">40, 40, 10, -, -, 4, no</column>
<column name="  ++ Loop 1.1.1">8, 8, 2, -, -, 4, no</column>
</table>
</item>
</section>
</item>
</section>
</item>
</section>

<section name = "Utilization Estimates" level="0">
<item name = "Summary"><table name="" hasTotal="1">
<keys size="5">Name, BRAM_18K, DSP48E, FF, LUT</keys>
<column name="DSP">-, 1, -, -</column>
<column name="Expression">-, -, 111, 66</column>
<column name="FIFO">-, -, -, -</column>
<column name="Instance">-, -, -, -</column>
<column name="Memory">-, -, -, -</column>
<column name="Multiplexer">-, -, -, 69</column>
<column name="Register">-, -, 49, -</column>
<specialColumn name="Available">280, 220, 106400, 53200</specialColumn>
<specialColumn name="Utilization (%)">0, ~0, ~0, ~0</specialColumn>
</table>
</item>
<item name = "Detail">
<section name = "" level="1">
<item name = "Instance"><table name="" hasTotal="1">
<keys size="6">Instance, Module, BRAM_18K, DSP48E, FF, LUT</keys>
</table>
</item>
<item name = "DSP48"><table name="" hasTotal="0">
<keys size="3">Instance, Module, Expression</keys>
<column name="Matrix_multiplicabkb_U0">Matrix_multiplicabkb, i0 + i1 * i2</column>
</table>
</item>
<item name = "Memory"><table name="" hasTotal="1">
<keys size="9">Memory, Module, BRAM_18K, FF, LUT, Words, Bits, Banks, W*Bits*Banks</keys>
</table>
</item>
<item name = "FIFO"><table name="" hasTotal="1">
<keys size="7">Name, BRAM_18K, FF, LUT, Depth, Bits, Size:D*B</keys>
</table>
</item>
<item name = "Expression"><table name="" hasTotal="1">
<keys size="7">Variable Name, Operation, DSP48E, FF, LUT, Bitwidth P0, Bitwidth P1</keys>
<column name="i_1_fu_117_p2">+, 0, 14, 9, 3, 1</column>
<column name="j_1_fu_141_p2">+, 0, 14, 9, 3, 1</column>
<column name="k_1_fu_167_p2">+, 0, 14, 9, 3, 1</column>
<column name="tmp_4_fu_199_p2">+, 0, 23, 11, 6, 6</column>
<column name="tmp_6_fu_151_p2">+, 0, 23, 11, 6, 6</column>
<column name="tmp_s_fu_177_p2">+, 0, 23, 11, 6, 6</column>
<column name="tmp_2_fu_135_p2">icmp, 0, 0, 2, 3, 4</column>
<column name="tmp_5_fu_161_p2">icmp, 0, 0, 2, 3, 4</column>
<column name="tmp_fu_111_p2">icmp, 0, 0, 2, 3, 4</column>
</table>
</item>
<item name = "Multiplexer"><table name="" hasTotal="1">
<keys size="5">Name, LUT, Input Size, Bits, Total Bits</keys>
<column name="Matrix_C_load_reg_87">9, 2, 16, 32</column>
<column name="ap_NS_fsm">33, 6, 1, 6</column>
<column name="i_reg_65">9, 2, 3, 6</column>
<column name="j_reg_76">9, 2, 3, 6</column>
<column name="k_reg_100">9, 2, 3, 6</column>
</table>
</item>
<item name = "Register"><table name="" hasTotal="1">
<keys size="5">Name, FF, LUT, Bits, Const Bits</keys>
<column name="Matrix_C_addr_reg_244">4, 0, 4, 0</column>
<column name="Matrix_C_load_reg_87">16, 0, 16, 0</column>
<column name="ap_CS_fsm">5, 0, 5, 0</column>
<column name="i_1_reg_220">3, 0, 3, 0</column>
<column name="i_reg_65">3, 0, 3, 0</column>
<column name="j_1_reg_234">3, 0, 3, 0</column>
<column name="j_reg_76">3, 0, 3, 0</column>
<column name="k_1_reg_252">3, 0, 3, 0</column>
<column name="k_reg_100">3, 0, 3, 0</column>
<column name="tmp_3_cast_reg_225">3, 0, 6, 3</column>
<column name="tmp_4_cast_reg_239">3, 0, 6, 3</column>
</table>
</item>
</section>
</item>
</section>

<section name = "Interface" level="0">
<item name = "Summary"><table name="" hasTotal="0">
<keys size="6">RTL Ports, Dir, Bits, Protocol, Source Object, C Type</keys>
<column name="ap_clk">in, 1, ap_ctrl_hs, Matrix_multiplication, return value</column>
<column name="ap_rst">in, 1, ap_ctrl_hs, Matrix_multiplication, return value</column>
<column name="ap_start">in, 1, ap_ctrl_hs, Matrix_multiplication, return value</column>
<column name="ap_done">out, 1, ap_ctrl_hs, Matrix_multiplication, return value</column>
<column name="ap_idle">out, 1, ap_ctrl_hs, Matrix_multiplication, return value</column>
<column name="ap_ready">out, 1, ap_ctrl_hs, Matrix_multiplication, return value</column>
<column name="Matrix_A_address0">out, 4, ap_memory, Matrix_A, array</column>
<column name="Matrix_A_ce0">out, 1, ap_memory, Matrix_A, array</column>
<column name="Matrix_A_q0">in, 16, ap_memory, Matrix_A, array</column>
<column name="Matrix_B_address0">out, 4, ap_memory, Matrix_B, array</column>
<column name="Matrix_B_ce0">out, 1, ap_memory, Matrix_B, array</column>
<column name="Matrix_B_q0">in, 16, ap_memory, Matrix_B, array</column>
<column name="Matrix_C_address0">out, 4, ap_memory, Matrix_C, array</column>
<column name="Matrix_C_ce0">out, 1, ap_memory, Matrix_C, array</column>
<column name="Matrix_C_we0">out, 1, ap_memory, Matrix_C, array</column>
<column name="Matrix_C_d0">out, 16, ap_memory, Matrix_C, array</column>
</table>
</item>
</section>

<section name = "Critical Path" level="0">
<item name = "Max Delay">8.70</item>
<item name = "Critical Path Table"><table name="Critical Path Table" hasTotal="0">
<keys size="15">Name, Operator, Delay, Accumulated Delay, Store Source, Resource, Core, Interface, Type, Port, Array, Scope, Pointer, Callee, Phi Node</keys>
<column name="'Matrix_A_load', ELEC522_project3/M_NULT.cpp:14">load, 2.32, 2.32, -, -, -, -, -, -, &apos;Matrix_A&apos;, -, -, -, -</column>
<column name="'tmp_8', ELEC522_project3/M_NULT.cpp:14">mul, 3.36, 5.68, -, -, -, -, -, -, -, -, -, -, -</column>
<column name="'tmp_9', ELEC522_project3/M_NULT.cpp:14">add, 3.02, 8.70, -, -, -, -, -, -, -, -, -, -, -</column>
</table>
</item>
</section>
</profile>
