<?xml version="1.0" encoding="utf-8"?>
<AdditionalInfo>
  <CTypeInfo>
    <RtlPort>
      <name>ap_clk</name>
      <type>bool</type>
      <fractionWidth>0</fractionWidth>
    </RtlPort>
    <RtlPort>
      <name>ap_rst</name>
      <type>bool</type>
      <fractionWidth>0</fractionWidth>
    </RtlPort>
    <RtlPort>
      <name>ap_start</name>
      <type>bool</type>
      <fractionWidth>0</fractionWidth>
    </RtlPort>
    <RtlPort>
      <name>ap_done</name>
      <type>bool</type>
      <fractionWidth>0</fractionWidth>
    </RtlPort>
    <RtlPort>
      <name>ap_idle</name>
      <type>bool</type>
      <fractionWidth>0</fractionWidth>
    </RtlPort>
    <RtlPort>
      <name>ap_ready</name>
      <type>bool</type>
      <fractionWidth>0</fractionWidth>
    </RtlPort>
    <RtlPort>
      <name>Matrix_A_address0</name>
      <type>Unsigned</type>
      <fractionWidth>0</fractionWidth>
    </RtlPort>
    <RtlPort>
      <name>Matrix_A_ce0</name>
      <type>bool</type>
      <fractionWidth>0</fractionWidth>
    </RtlPort>
    <RtlPort>
      <name>Matrix_A_q0</name>
      <type>Signed</type>
      <fractionWidth>0</fractionWidth>
    </RtlPort>
    <RtlPort>
      <name>Matrix_B_address0</name>
      <type>Unsigned</type>
      <fractionWidth>0</fractionWidth>
    </RtlPort>
    <RtlPort>
      <name>Matrix_B_ce0</name>
      <type>bool</type>
      <fractionWidth>0</fractionWidth>
    </RtlPort>
    <RtlPort>
      <name>Matrix_B_q0</name>
      <type>Signed</type>
      <fractionWidth>0</fractionWidth>
    </RtlPort>
    <RtlPort>
      <name>Matrix_C_address0</name>
      <type>Unsigned</type>
      <fractionWidth>0</fractionWidth>
    </RtlPort>
    <RtlPort>
      <name>Matrix_C_ce0</name>
      <type>bool</type>
      <fractionWidth>0</fractionWidth>
    </RtlPort>
    <RtlPort>
      <name>Matrix_C_we0</name>
      <type>bool</type>
      <fractionWidth>0</fractionWidth>
    </RtlPort>
    <RtlPort>
      <name>Matrix_C_d0</name>
      <type>Signed</type>
      <fractionWidth>0</fractionWidth>
    </RtlPort>
  </CTypeInfo>
  <DesignConstraint>
    <clk_period>13.000000</clk_period>
  </DesignConstraint>
  <Machine>32</Machine>
  <modelParameters>
    <combinational>0</combinational>
    <latency>19</latency>
    <II>x</II>
  </modelParameters>
</AdditionalInfo>
