<profile>

<section name = "Vivado HLS Report for 'Matrix_multiplication'" level="0">
<item name = "Date">Mon Oct 23 00:39:40 2017
</item>
<item name = "Version">2017.2 (Build 1909853 on Thu Jun 15 18:55:24 MDT 2017)</item>
<item name = "Project">ELEC522_project3</item>
<item name = "Solution">solution6</item>
<item name = "Product family">zynq</item>
<item name = "Target device">xc7z020clg484-1</item>
</section>

<section name = "Performance Estimates" level="0">
<item name = "Timing (ns)">
<section name = "" level="1">
<item name = "Summary"><table name="" hasTotal="0">
<keys size="4">Clock, Target, Estimated, Uncertainty</keys>
<column name="ap_clk">10.00, 11.09, 1.25</column>
</table>
</item>
</section>
</item>
<item name = "Latency (clock cycles)">
<section name = "" level="1">
<item name = "Summary"><table name="" hasTotal="0">
<keys size="6">, min, max, min, max, Type</keys>
<column name="">12, 12, 13, 13, none</column>
</table>
</item>
<item name = "Detail">
<section name = "" level="1">
<item name = "Instance"><table name="" hasTotal="0">
<keys size="7">Instance, Module, min, max, min, max, Type</keys>
</table>
</item>
<item name = "Loop"><table name="" hasTotal="0">
<keys size="8">Loop Name, min, max, Latency, achieved, target, Count, Pipelined</keys>
<column name="- Matrix_multiplication_label2">10, 10, 5, 2, 1, 4, yes</column>
</table>
</item>
</section>
</item>
</section>
</item>
</section>

<section name = "Utilization Estimates" level="0">
<item name = "Summary"><table name="" hasTotal="1">
<keys size="5">Name, BRAM_18K, DSP48E, FF, LUT</keys>
<column name="DSP">-, 16, -, -</column>
<column name="Expression">-, -, 226, 114</column>
<column name="FIFO">-, -, -, -</column>
<column name="Instance">-, -, 170, 42</column>
<column name="Memory">-, -, -, -</column>
<column name="Multiplexer">-, -, -, 393</column>
<column name="Register">-, -, 407, -</column>
<specialColumn name="Available">280, 220, 106400, 53200</specialColumn>
<specialColumn name="Utilization (%)">0, 7, ~0, 1</specialColumn>
</table>
</item>
<item name = "Detail">
<section name = "" level="1">
<item name = "Instance"><table name="" hasTotal="1">
<keys size="6">Instance, Module, BRAM_18K, DSP48E, FF, LUT</keys>
<column name="Matrix_multiplicabkb_U0">Matrix_multiplicabkb, 0, 0, 85, 21</column>
<column name="Matrix_multiplicabkb_U1">Matrix_multiplicabkb, 0, 0, 85, 21</column>
</table>
</item>
<item name = "DSP48"><table name="" hasTotal="0">
<keys size="3">Instance, Module, Expression</keys>
<column name="Matrix_multiplicacud_U2">Matrix_multiplicacud, i0 * i1</column>
<column name="Matrix_multiplicacud_U3">Matrix_multiplicacud, i0 * i1</column>
<column name="Matrix_multiplicacud_U4">Matrix_multiplicacud, i0 * i1</column>
<column name="Matrix_multiplicacud_U5">Matrix_multiplicacud, i0 * i1</column>
<column name="Matrix_multiplicacud_U6">Matrix_multiplicacud, i0 * i1</column>
<column name="Matrix_multiplicacud_U7">Matrix_multiplicacud, i0 * i1</column>
<column name="Matrix_multiplicacud_U8">Matrix_multiplicacud, i0 * i1</column>
<column name="Matrix_multiplicacud_U9">Matrix_multiplicacud, i0 * i1</column>
<column name="Matrix_multiplicadEe_U10">Matrix_multiplicadEe, i0 + i1 * i2</column>
<column name="Matrix_multiplicadEe_U11">Matrix_multiplicadEe, i0 + i1 * i2</column>
<column name="Matrix_multiplicadEe_U12">Matrix_multiplicadEe, i0 + i1 * i2</column>
<column name="Matrix_multiplicadEe_U13">Matrix_multiplicadEe, i0 + i1 * i2</column>
<column name="Matrix_multiplicadEe_U14">Matrix_multiplicadEe, i0 + i1 * i2</column>
<column name="Matrix_multiplicadEe_U15">Matrix_multiplicadEe, i0 + i1 * i2</column>
<column name="Matrix_multiplicadEe_U16">Matrix_multiplicadEe, i0 + i1 * i2</column>
<column name="Matrix_multiplicadEe_U17">Matrix_multiplicadEe, i0 + i1 * i2</column>
</table>
</item>
<item name = "Memory"><table name="" hasTotal="1">
<keys size="9">Memory, Module, BRAM_18K, FF, LUT, Words, Bits, Banks, W*Bits*Banks</keys>
</table>
</item>
<item name = "FIFO"><table name="" hasTotal="1">
<keys size="7">Name, BRAM_18K, FF, LUT, Depth, Bits, Size:D*B</keys>
</table>
</item>
<item name = "Expression"><table name="" hasTotal="1">
<keys size="7">Variable Name, Operation, DSP48E, FF, LUT, Bitwidth P0, Bitwidth P1</keys>
<column name="i_1_fu_475_p2">+, 0, 14, 9, 3, 1</column>
<column name="tmp_9_0_3_fu_513_p2">+, 0, 53, 21, 16, 16</column>
<column name="tmp_9_1_3_fu_518_p2">+, 0, 53, 21, 16, 16</column>
<column name="tmp_9_2_3_fu_523_p2">+, 0, 53, 21, 16, 16</column>
<column name="tmp_9_3_3_fu_527_p2">+, 0, 53, 21, 16, 16</column>
<column name="tmp_fu_469_p2">icmp, 0, 0, 2, 3, 4</column>
<column name="tmp_10_fu_531_p2">or, 0, 0, 5, 5, 2</column>
<column name="tmp_12_fu_545_p2">or, 0, 0, 5, 5, 2</column>
<column name="tmp_8_fu_499_p2">or, 0, 0, 5, 5, 1</column>
<column name="ap_enable_pp0">xor, 0, 0, 2, 1, 2</column>
<column name="ap_enable_reg_pp0_iter1">xor, 0, 0, 2, 1, 2</column>
</table>
</item>
<item name = "Multiplexer"><table name="" hasTotal="1">
<keys size="5">Name, LUT, Input Size, Bits, Total Bits</keys>
<column name="Matrix_A_0_address0">15, 3, 2, 6</column>
<column name="Matrix_A_0_address1">15, 3, 2, 6</column>
<column name="Matrix_A_1_address0">15, 3, 2, 6</column>
<column name="Matrix_A_1_address1">15, 3, 2, 6</column>
<column name="Matrix_A_2_address0">15, 3, 2, 6</column>
<column name="Matrix_A_2_address1">15, 3, 2, 6</column>
<column name="Matrix_A_3_address0">15, 3, 2, 6</column>
<column name="Matrix_A_3_address1">15, 3, 2, 6</column>
<column name="Matrix_B_0_address0">15, 3, 2, 6</column>
<column name="Matrix_B_0_address1">15, 3, 2, 6</column>
<column name="Matrix_B_1_address0">15, 3, 2, 6</column>
<column name="Matrix_B_1_address1">15, 3, 2, 6</column>
<column name="Matrix_B_2_address0">15, 3, 2, 6</column>
<column name="Matrix_B_2_address1">15, 3, 2, 6</column>
<column name="Matrix_B_3_address0">15, 3, 2, 6</column>
<column name="Matrix_B_3_address1">15, 3, 2, 6</column>
<column name="Matrix_C_address0">15, 3, 4, 12</column>
<column name="Matrix_C_address1">15, 3, 4, 12</column>
<column name="Matrix_C_d0">15, 3, 16, 48</column>
<column name="Matrix_C_d1">15, 3, 16, 48</column>
<column name="ap_NS_fsm">27, 5, 1, 5</column>
<column name="ap_enable_reg_pp0_iter1">9, 2, 1, 2</column>
<column name="ap_enable_reg_pp0_iter2">9, 2, 1, 2</column>
<column name="grp_fu_435_p5">15, 3, 2, 6</column>
<column name="grp_fu_448_p5">15, 3, 2, 6</column>
<column name="i_phi_fu_427_p4">9, 2, 3, 6</column>
<column name="i_reg_423">9, 2, 3, 6</column>
</table>
</item>
<item name = "Register"><table name="" hasTotal="1">
<keys size="5">Name, FF, LUT, Bits, Const Bits</keys>
<column name="Matrix_B_0_load_1_reg_862">16, 0, 16, 0</column>
<column name="Matrix_B_0_load_reg_842">16, 0, 16, 0</column>
<column name="Matrix_B_1_load_1_reg_867">16, 0, 16, 0</column>
<column name="Matrix_B_1_load_2_reg_907">16, 0, 16, 0</column>
<column name="Matrix_B_1_load_3_reg_927">16, 0, 16, 0</column>
<column name="Matrix_B_1_load_reg_847">16, 0, 16, 0</column>
<column name="Matrix_B_2_load_1_reg_872">16, 0, 16, 0</column>
<column name="Matrix_B_2_load_2_reg_912">16, 0, 16, 0</column>
<column name="Matrix_B_2_load_3_reg_932">16, 0, 16, 0</column>
<column name="Matrix_B_2_load_reg_852">16, 0, 16, 0</column>
<column name="Matrix_B_3_load_1_reg_877">16, 0, 16, 0</column>
<column name="Matrix_B_3_load_reg_857">16, 0, 16, 0</column>
<column name="ap_CS_fsm">4, 0, 4, 0</column>
<column name="ap_enable_reg_pp0_iter0">1, 0, 1, 0</column>
<column name="ap_enable_reg_pp0_iter1">1, 0, 1, 0</column>
<column name="ap_enable_reg_pp0_iter2">1, 0, 1, 0</column>
<column name="ap_reg_pp0_iter1_tmp_1_reg_828">3, 0, 5, 2</column>
<column name="ap_reg_pp0_iter1_tmp_reg_819">1, 0, 1, 0</column>
<column name="i_1_reg_823">3, 0, 3, 0</column>
<column name="i_reg_423">3, 0, 3, 0</column>
<column name="reg_461">16, 0, 16, 0</column>
<column name="reg_465">16, 0, 16, 0</column>
<column name="tmp_14_reg_836">2, 0, 2, 0</column>
<column name="tmp_1_reg_828">3, 0, 5, 2</column>
<column name="tmp_8_0_3_reg_887">16, 0, 16, 0</column>
<column name="tmp_8_1_3_reg_897">16, 0, 16, 0</column>
<column name="tmp_8_1_reg_892">16, 0, 16, 0</column>
<column name="tmp_8_2_3_reg_917">16, 0, 16, 0</column>
<column name="tmp_8_2_reg_902">16, 0, 16, 0</column>
<column name="tmp_8_3_3_reg_937">16, 0, 16, 0</column>
<column name="tmp_8_3_reg_922">16, 0, 16, 0</column>
<column name="tmp_9_2_3_reg_942">16, 0, 16, 0</column>
<column name="tmp_9_3_3_reg_947">16, 0, 16, 0</column>
<column name="tmp_reg_819">1, 0, 1, 0</column>
<column name="tmp_s_reg_882">16, 0, 16, 0</column>
</table>
</item>
</section>
</item>
</section>

<section name = "Interface" level="0">
<item name = "Summary"><table name="" hasTotal="0">
<keys size="6">RTL Ports, Dir, Bits, Protocol, Source Object, C Type</keys>
<column name="ap_clk">in, 1, ap_ctrl_hs, Matrix_multiplication, return value</column>
<column name="ap_rst">in, 1, ap_ctrl_hs, Matrix_multiplication, return value</column>
<column name="ap_start">in, 1, ap_ctrl_hs, Matrix_multiplication, return value</column>
<column name="ap_done">out, 1, ap_ctrl_hs, Matrix_multiplication, return value</column>
<column name="ap_idle">out, 1, ap_ctrl_hs, Matrix_multiplication, return value</column>
<column name="ap_ready">out, 1, ap_ctrl_hs, Matrix_multiplication, return value</column>
<column name="Matrix_A_0_address0">out, 2, ap_memory, Matrix_A_0, array</column>
<column name="Matrix_A_0_ce0">out, 1, ap_memory, Matrix_A_0, array</column>
<column name="Matrix_A_0_q0">in, 16, ap_memory, Matrix_A_0, array</column>
<column name="Matrix_A_0_address1">out, 2, ap_memory, Matrix_A_0, array</column>
<column name="Matrix_A_0_ce1">out, 1, ap_memory, Matrix_A_0, array</column>
<column name="Matrix_A_0_q1">in, 16, ap_memory, Matrix_A_0, array</column>
<column name="Matrix_A_1_address0">out, 2, ap_memory, Matrix_A_1, array</column>
<column name="Matrix_A_1_ce0">out, 1, ap_memory, Matrix_A_1, array</column>
<column name="Matrix_A_1_q0">in, 16, ap_memory, Matrix_A_1, array</column>
<column name="Matrix_A_1_address1">out, 2, ap_memory, Matrix_A_1, array</column>
<column name="Matrix_A_1_ce1">out, 1, ap_memory, Matrix_A_1, array</column>
<column name="Matrix_A_1_q1">in, 16, ap_memory, Matrix_A_1, array</column>
<column name="Matrix_A_2_address0">out, 2, ap_memory, Matrix_A_2, array</column>
<column name="Matrix_A_2_ce0">out, 1, ap_memory, Matrix_A_2, array</column>
<column name="Matrix_A_2_q0">in, 16, ap_memory, Matrix_A_2, array</column>
<column name="Matrix_A_2_address1">out, 2, ap_memory, Matrix_A_2, array</column>
<column name="Matrix_A_2_ce1">out, 1, ap_memory, Matrix_A_2, array</column>
<column name="Matrix_A_2_q1">in, 16, ap_memory, Matrix_A_2, array</column>
<column name="Matrix_A_3_address0">out, 2, ap_memory, Matrix_A_3, array</column>
<column name="Matrix_A_3_ce0">out, 1, ap_memory, Matrix_A_3, array</column>
<column name="Matrix_A_3_q0">in, 16, ap_memory, Matrix_A_3, array</column>
<column name="Matrix_A_3_address1">out, 2, ap_memory, Matrix_A_3, array</column>
<column name="Matrix_A_3_ce1">out, 1, ap_memory, Matrix_A_3, array</column>
<column name="Matrix_A_3_q1">in, 16, ap_memory, Matrix_A_3, array</column>
<column name="Matrix_B_0_address0">out, 2, ap_memory, Matrix_B_0, array</column>
<column name="Matrix_B_0_ce0">out, 1, ap_memory, Matrix_B_0, array</column>
<column name="Matrix_B_0_q0">in, 16, ap_memory, Matrix_B_0, array</column>
<column name="Matrix_B_0_address1">out, 2, ap_memory, Matrix_B_0, array</column>
<column name="Matrix_B_0_ce1">out, 1, ap_memory, Matrix_B_0, array</column>
<column name="Matrix_B_0_q1">in, 16, ap_memory, Matrix_B_0, array</column>
<column name="Matrix_B_1_address0">out, 2, ap_memory, Matrix_B_1, array</column>
<column name="Matrix_B_1_ce0">out, 1, ap_memory, Matrix_B_1, array</column>
<column name="Matrix_B_1_q0">in, 16, ap_memory, Matrix_B_1, array</column>
<column name="Matrix_B_1_address1">out, 2, ap_memory, Matrix_B_1, array</column>
<column name="Matrix_B_1_ce1">out, 1, ap_memory, Matrix_B_1, array</column>
<column name="Matrix_B_1_q1">in, 16, ap_memory, Matrix_B_1, array</column>
<column name="Matrix_B_2_address0">out, 2, ap_memory, Matrix_B_2, array</column>
<column name="Matrix_B_2_ce0">out, 1, ap_memory, Matrix_B_2, array</column>
<column name="Matrix_B_2_q0">in, 16, ap_memory, Matrix_B_2, array</column>
<column name="Matrix_B_2_address1">out, 2, ap_memory, Matrix_B_2, array</column>
<column name="Matrix_B_2_ce1">out, 1, ap_memory, Matrix_B_2, array</column>
<column name="Matrix_B_2_q1">in, 16, ap_memory, Matrix_B_2, array</column>
<column name="Matrix_B_3_address0">out, 2, ap_memory, Matrix_B_3, array</column>
<column name="Matrix_B_3_ce0">out, 1, ap_memory, Matrix_B_3, array</column>
<column name="Matrix_B_3_q0">in, 16, ap_memory, Matrix_B_3, array</column>
<column name="Matrix_B_3_address1">out, 2, ap_memory, Matrix_B_3, array</column>
<column name="Matrix_B_3_ce1">out, 1, ap_memory, Matrix_B_3, array</column>
<column name="Matrix_B_3_q1">in, 16, ap_memory, Matrix_B_3, array</column>
<column name="Matrix_C_address0">out, 4, ap_memory, Matrix_C, array</column>
<column name="Matrix_C_ce0">out, 1, ap_memory, Matrix_C, array</column>
<column name="Matrix_C_we0">out, 1, ap_memory, Matrix_C, array</column>
<column name="Matrix_C_d0">out, 16, ap_memory, Matrix_C, array</column>
<column name="Matrix_C_address1">out, 4, ap_memory, Matrix_C, array</column>
<column name="Matrix_C_ce1">out, 1, ap_memory, Matrix_C, array</column>
<column name="Matrix_C_we1">out, 1, ap_memory, Matrix_C, array</column>
<column name="Matrix_C_d1">out, 16, ap_memory, Matrix_C, array</column>
</table>
</item>
</section>
</profile>
