<stg><name>Matrix_multiplication</name>


<trans_list>

<trans id="175" from="1" to="2">
<condition id="14">
<or_exp><and_exp></and_exp></or_exp>
</condition>
</trans>

<trans id="188" from="2" to="7">
<condition id="24">
<or_exp><and_exp><literal name="tmp" val="1"/>
</and_exp></or_exp>
</condition>
</trans>

<trans id="189" from="2" to="3">
<condition id="29">
<or_exp><and_exp><literal name="tmp" val="0"/>
</and_exp></or_exp>
</condition>
</trans>

<trans id="184" from="3" to="4">
<condition id="25">
<or_exp><and_exp></and_exp></or_exp>
</condition>
</trans>

<trans id="185" from="4" to="5">
<condition id="26">
<or_exp><and_exp></and_exp></or_exp>
</condition>
</trans>

<trans id="186" from="5" to="6">
<condition id="27">
<or_exp><and_exp></and_exp></or_exp>
</condition>
</trans>

<trans id="187" from="6" to="2">
<condition id="28">
<or_exp><and_exp></and_exp></or_exp>
</condition>
</trans>
</trans_list>



<state_list>

<state id="1" st_id="1">

<operation id="8" st_id="1" stage="1" lat="1">
<core>NULL</core>
<MemPortIdVec></MemPortIdVec>
<condition id="11">
<or_exp><and_exp></and_exp></or_exp>
</condition>

<Node id="10" bw="0" op_0_bw="0" op_1_bw="16">
<![CDATA[
:0  call void (...)* @_ssdm_op_SpecBitsMap([4 x i16]* %Matrix_A_3), !map !7

]]></Node>
<StgValue><ssdm name=""/></StgValue>
</operation>

<operation id="9" st_id="1" stage="1" lat="1">
<core>NULL</core>
<MemPortIdVec></MemPortIdVec>
<condition id="11">
<or_exp><and_exp></and_exp></or_exp>
</condition>

<Node id="11" bw="0" op_0_bw="0" op_1_bw="16">
<![CDATA[
:1  call void (...)* @_ssdm_op_SpecBitsMap([4 x i16]* %Matrix_A_2), !map !14

]]></Node>
<StgValue><ssdm name=""/></StgValue>
</operation>

<operation id="10" st_id="1" stage="1" lat="1">
<core>NULL</core>
<MemPortIdVec></MemPortIdVec>
<condition id="11">
<or_exp><and_exp></and_exp></or_exp>
</condition>

<Node id="12" bw="0" op_0_bw="0" op_1_bw="16">
<![CDATA[
:2  call void (...)* @_ssdm_op_SpecBitsMap([4 x i16]* %Matrix_A_1), !map !20

]]></Node>
<StgValue><ssdm name=""/></StgValue>
</operation>

<operation id="11" st_id="1" stage="1" lat="1">
<core>NULL</core>
<MemPortIdVec></MemPortIdVec>
<condition id="11">
<or_exp><and_exp></and_exp></or_exp>
</condition>

<Node id="13" bw="0" op_0_bw="0" op_1_bw="16">
<![CDATA[
:3  call void (...)* @_ssdm_op_SpecBitsMap([4 x i16]* %Matrix_A_0), !map !26

]]></Node>
<StgValue><ssdm name=""/></StgValue>
</operation>

<operation id="12" st_id="1" stage="1" lat="1">
<core>NULL</core>
<MemPortIdVec></MemPortIdVec>
<condition id="11">
<or_exp><and_exp></and_exp></or_exp>
</condition>

<Node id="14" bw="0" op_0_bw="0" op_1_bw="16">
<![CDATA[
:4  call void (...)* @_ssdm_op_SpecBitsMap([4 x i16]* %Matrix_B_3), !map !32

]]></Node>
<StgValue><ssdm name=""/></StgValue>
</operation>

<operation id="13" st_id="1" stage="1" lat="1">
<core>NULL</core>
<MemPortIdVec></MemPortIdVec>
<condition id="11">
<or_exp><and_exp></and_exp></or_exp>
</condition>

<Node id="15" bw="0" op_0_bw="0" op_1_bw="16">
<![CDATA[
:5  call void (...)* @_ssdm_op_SpecBitsMap([4 x i16]* %Matrix_B_2), !map !36

]]></Node>
<StgValue><ssdm name=""/></StgValue>
</operation>

<operation id="14" st_id="1" stage="1" lat="1">
<core>NULL</core>
<MemPortIdVec></MemPortIdVec>
<condition id="11">
<or_exp><and_exp></and_exp></or_exp>
</condition>

<Node id="16" bw="0" op_0_bw="0" op_1_bw="16">
<![CDATA[
:6  call void (...)* @_ssdm_op_SpecBitsMap([4 x i16]* %Matrix_B_1), !map !40

]]></Node>
<StgValue><ssdm name=""/></StgValue>
</operation>

<operation id="15" st_id="1" stage="1" lat="1">
<core>NULL</core>
<MemPortIdVec></MemPortIdVec>
<condition id="11">
<or_exp><and_exp></and_exp></or_exp>
</condition>

<Node id="17" bw="0" op_0_bw="0" op_1_bw="16">
<![CDATA[
:7  call void (...)* @_ssdm_op_SpecBitsMap([4 x i16]* %Matrix_B_0), !map !44

]]></Node>
<StgValue><ssdm name=""/></StgValue>
</operation>

<operation id="16" st_id="1" stage="1" lat="1">
<core>NULL</core>
<MemPortIdVec></MemPortIdVec>
<condition id="11">
<or_exp><and_exp></and_exp></or_exp>
</condition>

<Node id="18" bw="0" op_0_bw="0" op_1_bw="16">
<![CDATA[
:8  call void (...)* @_ssdm_op_SpecBitsMap([16 x i16]* %Matrix_C), !map !48

]]></Node>
<StgValue><ssdm name=""/></StgValue>
</operation>

<operation id="17" st_id="1" stage="1" lat="1">
<core>NULL</core>
<MemPortIdVec></MemPortIdVec>
<condition id="11">
<or_exp><and_exp></and_exp></or_exp>
</condition>

<Node id="19" bw="0" op_0_bw="0" op_1_bw="0">
<![CDATA[
:9  call void (...)* @_ssdm_op_SpecTopModule([22 x i8]* @Matrix_multiplicatio) nounwind

]]></Node>
<StgValue><ssdm name=""/></StgValue>
</operation>

<operation id="18" st_id="1" stage="1" lat="1">
<core>NULL</core>
<MemPortIdVec></MemPortIdVec>
<condition id="11">
<or_exp><and_exp></and_exp></or_exp>
</condition>

<Node id="20" bw="2" op_0_bw="16" op_1_bw="32" op_2_bw="32">
<![CDATA[
:10  %Matrix_B_0_addr = getelementptr [4 x i16]* %Matrix_B_0, i32 0, i32 0

]]></Node>
<StgValue><ssdm name="Matrix_B_0_addr"/></StgValue>
</operation>

<operation id="19" st_id="1" stage="1" lat="1">
<core>NULL</core>
<MemPortIdVec></MemPortIdVec>
<condition id="11">
<or_exp><and_exp></and_exp></or_exp>
</condition>

<Node id="21" bw="2" op_0_bw="16" op_1_bw="32" op_2_bw="32">
<![CDATA[
:11  %Matrix_B_1_addr = getelementptr [4 x i16]* %Matrix_B_1, i32 0, i32 0

]]></Node>
<StgValue><ssdm name="Matrix_B_1_addr"/></StgValue>
</operation>

<operation id="20" st_id="1" stage="1" lat="1">
<core>NULL</core>
<MemPortIdVec></MemPortIdVec>
<condition id="11">
<or_exp><and_exp></and_exp></or_exp>
</condition>

<Node id="22" bw="2" op_0_bw="16" op_1_bw="32" op_2_bw="32">
<![CDATA[
:12  %Matrix_B_2_addr = getelementptr [4 x i16]* %Matrix_B_2, i32 0, i32 0

]]></Node>
<StgValue><ssdm name="Matrix_B_2_addr"/></StgValue>
</operation>

<operation id="21" st_id="1" stage="1" lat="1">
<core>NULL</core>
<MemPortIdVec></MemPortIdVec>
<condition id="11">
<or_exp><and_exp></and_exp></or_exp>
</condition>

<Node id="23" bw="2" op_0_bw="16" op_1_bw="32" op_2_bw="32">
<![CDATA[
:13  %Matrix_B_3_addr = getelementptr [4 x i16]* %Matrix_B_3, i32 0, i32 0

]]></Node>
<StgValue><ssdm name="Matrix_B_3_addr"/></StgValue>
</operation>

<operation id="22" st_id="1" stage="1" lat="1">
<core>NULL</core>
<MemPortIdVec></MemPortIdVec>
<condition id="11">
<or_exp><and_exp></and_exp></or_exp>
</condition>

<Node id="24" bw="2" op_0_bw="16" op_1_bw="32" op_2_bw="32">
<![CDATA[
:14  %Matrix_B_0_addr_1 = getelementptr [4 x i16]* %Matrix_B_0, i32 0, i32 1

]]></Node>
<StgValue><ssdm name="Matrix_B_0_addr_1"/></StgValue>
</operation>

<operation id="23" st_id="1" stage="1" lat="1">
<core>NULL</core>
<MemPortIdVec></MemPortIdVec>
<condition id="11">
<or_exp><and_exp></and_exp></or_exp>
</condition>

<Node id="25" bw="2" op_0_bw="16" op_1_bw="32" op_2_bw="32">
<![CDATA[
:15  %Matrix_B_1_addr_1 = getelementptr [4 x i16]* %Matrix_B_1, i32 0, i32 1

]]></Node>
<StgValue><ssdm name="Matrix_B_1_addr_1"/></StgValue>
</operation>

<operation id="24" st_id="1" stage="1" lat="1">
<core>NULL</core>
<MemPortIdVec></MemPortIdVec>
<condition id="11">
<or_exp><and_exp></and_exp></or_exp>
</condition>

<Node id="26" bw="2" op_0_bw="16" op_1_bw="32" op_2_bw="32">
<![CDATA[
:16  %Matrix_B_2_addr_1 = getelementptr [4 x i16]* %Matrix_B_2, i32 0, i32 1

]]></Node>
<StgValue><ssdm name="Matrix_B_2_addr_1"/></StgValue>
</operation>

<operation id="25" st_id="1" stage="1" lat="1">
<core>NULL</core>
<MemPortIdVec></MemPortIdVec>
<condition id="11">
<or_exp><and_exp></and_exp></or_exp>
</condition>

<Node id="27" bw="2" op_0_bw="16" op_1_bw="32" op_2_bw="32">
<![CDATA[
:17  %Matrix_B_3_addr_1 = getelementptr [4 x i16]* %Matrix_B_3, i32 0, i32 1

]]></Node>
<StgValue><ssdm name="Matrix_B_3_addr_1"/></StgValue>
</operation>

<operation id="26" st_id="1" stage="1" lat="1">
<core>NULL</core>
<MemPortIdVec></MemPortIdVec>
<condition id="11">
<or_exp><and_exp></and_exp></or_exp>
</condition>

<Node id="28" bw="2" op_0_bw="16" op_1_bw="32" op_2_bw="32">
<![CDATA[
:18  %Matrix_B_0_addr_2 = getelementptr [4 x i16]* %Matrix_B_0, i32 0, i32 2

]]></Node>
<StgValue><ssdm name="Matrix_B_0_addr_2"/></StgValue>
</operation>

<operation id="27" st_id="1" stage="1" lat="1">
<core>NULL</core>
<MemPortIdVec></MemPortIdVec>
<condition id="11">
<or_exp><and_exp></and_exp></or_exp>
</condition>

<Node id="29" bw="2" op_0_bw="16" op_1_bw="32" op_2_bw="32">
<![CDATA[
:19  %Matrix_B_1_addr_2 = getelementptr [4 x i16]* %Matrix_B_1, i32 0, i32 2

]]></Node>
<StgValue><ssdm name="Matrix_B_1_addr_2"/></StgValue>
</operation>

<operation id="28" st_id="1" stage="1" lat="1">
<core>NULL</core>
<MemPortIdVec></MemPortIdVec>
<condition id="11">
<or_exp><and_exp></and_exp></or_exp>
</condition>

<Node id="30" bw="2" op_0_bw="16" op_1_bw="32" op_2_bw="32">
<![CDATA[
:20  %Matrix_B_2_addr_2 = getelementptr [4 x i16]* %Matrix_B_2, i32 0, i32 2

]]></Node>
<StgValue><ssdm name="Matrix_B_2_addr_2"/></StgValue>
</operation>

<operation id="29" st_id="1" stage="1" lat="1">
<core>NULL</core>
<MemPortIdVec></MemPortIdVec>
<condition id="11">
<or_exp><and_exp></and_exp></or_exp>
</condition>

<Node id="31" bw="2" op_0_bw="16" op_1_bw="32" op_2_bw="32">
<![CDATA[
:21  %Matrix_B_3_addr_2 = getelementptr [4 x i16]* %Matrix_B_3, i32 0, i32 2

]]></Node>
<StgValue><ssdm name="Matrix_B_3_addr_2"/></StgValue>
</operation>

<operation id="30" st_id="1" stage="1" lat="1">
<core>NULL</core>
<MemPortIdVec></MemPortIdVec>
<condition id="11">
<or_exp><and_exp></and_exp></or_exp>
</condition>

<Node id="32" bw="2" op_0_bw="16" op_1_bw="32" op_2_bw="32">
<![CDATA[
:22  %Matrix_B_0_addr_3 = getelementptr [4 x i16]* %Matrix_B_0, i32 0, i32 3

]]></Node>
<StgValue><ssdm name="Matrix_B_0_addr_3"/></StgValue>
</operation>

<operation id="31" st_id="1" stage="1" lat="1">
<core>NULL</core>
<MemPortIdVec></MemPortIdVec>
<condition id="11">
<or_exp><and_exp></and_exp></or_exp>
</condition>

<Node id="33" bw="2" op_0_bw="16" op_1_bw="32" op_2_bw="32">
<![CDATA[
:23  %Matrix_B_1_addr_3 = getelementptr [4 x i16]* %Matrix_B_1, i32 0, i32 3

]]></Node>
<StgValue><ssdm name="Matrix_B_1_addr_3"/></StgValue>
</operation>

<operation id="32" st_id="1" stage="1" lat="1">
<core>NULL</core>
<MemPortIdVec></MemPortIdVec>
<condition id="11">
<or_exp><and_exp></and_exp></or_exp>
</condition>

<Node id="34" bw="2" op_0_bw="16" op_1_bw="32" op_2_bw="32">
<![CDATA[
:24  %Matrix_B_2_addr_3 = getelementptr [4 x i16]* %Matrix_B_2, i32 0, i32 3

]]></Node>
<StgValue><ssdm name="Matrix_B_2_addr_3"/></StgValue>
</operation>

<operation id="33" st_id="1" stage="1" lat="1">
<core>NULL</core>
<MemPortIdVec></MemPortIdVec>
<condition id="11">
<or_exp><and_exp></and_exp></or_exp>
</condition>

<Node id="35" bw="2" op_0_bw="16" op_1_bw="32" op_2_bw="32">
<![CDATA[
:25  %Matrix_B_3_addr_3 = getelementptr [4 x i16]* %Matrix_B_3, i32 0, i32 3

]]></Node>
<StgValue><ssdm name="Matrix_B_3_addr_3"/></StgValue>
</operation>

<operation id="34" st_id="1" stage="1" lat="1">
<core>NULL</core>
<MemPortIdVec></MemPortIdVec>
<condition id="11">
<or_exp><and_exp></and_exp></or_exp>
</condition>

<Node id="36" bw="2" op_0_bw="16" op_1_bw="32" op_2_bw="32">
<![CDATA[
:26  %Matrix_A_0_addr = getelementptr [4 x i16]* %Matrix_A_0, i32 0, i32 0

]]></Node>
<StgValue><ssdm name="Matrix_A_0_addr"/></StgValue>
</operation>

<operation id="35" st_id="1" stage="1" lat="1">
<core>NULL</core>
<MemPortIdVec></MemPortIdVec>
<condition id="11">
<or_exp><and_exp></and_exp></or_exp>
</condition>

<Node id="37" bw="2" op_0_bw="16" op_1_bw="32" op_2_bw="32">
<![CDATA[
:27  %Matrix_A_1_addr = getelementptr [4 x i16]* %Matrix_A_1, i32 0, i32 0

]]></Node>
<StgValue><ssdm name="Matrix_A_1_addr"/></StgValue>
</operation>

<operation id="36" st_id="1" stage="1" lat="1">
<core>NULL</core>
<MemPortIdVec></MemPortIdVec>
<condition id="11">
<or_exp><and_exp></and_exp></or_exp>
</condition>

<Node id="38" bw="2" op_0_bw="16" op_1_bw="32" op_2_bw="32">
<![CDATA[
:28  %Matrix_A_2_addr = getelementptr [4 x i16]* %Matrix_A_2, i32 0, i32 0

]]></Node>
<StgValue><ssdm name="Matrix_A_2_addr"/></StgValue>
</operation>

<operation id="37" st_id="1" stage="1" lat="1">
<core>NULL</core>
<MemPortIdVec></MemPortIdVec>
<condition id="11">
<or_exp><and_exp></and_exp></or_exp>
</condition>

<Node id="39" bw="2" op_0_bw="16" op_1_bw="32" op_2_bw="32">
<![CDATA[
:29  %Matrix_A_3_addr = getelementptr [4 x i16]* %Matrix_A_3, i32 0, i32 0

]]></Node>
<StgValue><ssdm name="Matrix_A_3_addr"/></StgValue>
</operation>

<operation id="38" st_id="1" stage="1" lat="1">
<core>NULL</core>
<MemPortIdVec></MemPortIdVec>
<condition id="11">
<or_exp><and_exp></and_exp></or_exp>
</condition>

<Node id="40" bw="2" op_0_bw="16" op_1_bw="32" op_2_bw="32">
<![CDATA[
:30  %Matrix_A_0_addr_1 = getelementptr [4 x i16]* %Matrix_A_0, i32 0, i32 1

]]></Node>
<StgValue><ssdm name="Matrix_A_0_addr_1"/></StgValue>
</operation>

<operation id="39" st_id="1" stage="1" lat="1">
<core>NULL</core>
<MemPortIdVec></MemPortIdVec>
<condition id="11">
<or_exp><and_exp></and_exp></or_exp>
</condition>

<Node id="41" bw="2" op_0_bw="16" op_1_bw="32" op_2_bw="32">
<![CDATA[
:31  %Matrix_A_1_addr_1 = getelementptr [4 x i16]* %Matrix_A_1, i32 0, i32 1

]]></Node>
<StgValue><ssdm name="Matrix_A_1_addr_1"/></StgValue>
</operation>

<operation id="40" st_id="1" stage="1" lat="1">
<core>NULL</core>
<MemPortIdVec></MemPortIdVec>
<condition id="11">
<or_exp><and_exp></and_exp></or_exp>
</condition>

<Node id="42" bw="2" op_0_bw="16" op_1_bw="32" op_2_bw="32">
<![CDATA[
:32  %Matrix_A_2_addr_1 = getelementptr [4 x i16]* %Matrix_A_2, i32 0, i32 1

]]></Node>
<StgValue><ssdm name="Matrix_A_2_addr_1"/></StgValue>
</operation>

<operation id="41" st_id="1" stage="1" lat="1">
<core>NULL</core>
<MemPortIdVec></MemPortIdVec>
<condition id="11">
<or_exp><and_exp></and_exp></or_exp>
</condition>

<Node id="43" bw="2" op_0_bw="16" op_1_bw="32" op_2_bw="32">
<![CDATA[
:33  %Matrix_A_3_addr_1 = getelementptr [4 x i16]* %Matrix_A_3, i32 0, i32 1

]]></Node>
<StgValue><ssdm name="Matrix_A_3_addr_1"/></StgValue>
</operation>

<operation id="42" st_id="1" stage="1" lat="1">
<core>NULL</core>
<MemPortIdVec></MemPortIdVec>
<condition id="11">
<or_exp><and_exp></and_exp></or_exp>
</condition>

<Node id="44" bw="2" op_0_bw="16" op_1_bw="32" op_2_bw="32">
<![CDATA[
:34  %Matrix_A_0_addr_2 = getelementptr [4 x i16]* %Matrix_A_0, i32 0, i32 2

]]></Node>
<StgValue><ssdm name="Matrix_A_0_addr_2"/></StgValue>
</operation>

<operation id="43" st_id="1" stage="1" lat="1">
<core>NULL</core>
<MemPortIdVec></MemPortIdVec>
<condition id="11">
<or_exp><and_exp></and_exp></or_exp>
</condition>

<Node id="45" bw="2" op_0_bw="16" op_1_bw="32" op_2_bw="32">
<![CDATA[
:35  %Matrix_A_1_addr_2 = getelementptr [4 x i16]* %Matrix_A_1, i32 0, i32 2

]]></Node>
<StgValue><ssdm name="Matrix_A_1_addr_2"/></StgValue>
</operation>

<operation id="44" st_id="1" stage="1" lat="1">
<core>NULL</core>
<MemPortIdVec></MemPortIdVec>
<condition id="11">
<or_exp><and_exp></and_exp></or_exp>
</condition>

<Node id="46" bw="2" op_0_bw="16" op_1_bw="32" op_2_bw="32">
<![CDATA[
:36  %Matrix_A_2_addr_2 = getelementptr [4 x i16]* %Matrix_A_2, i32 0, i32 2

]]></Node>
<StgValue><ssdm name="Matrix_A_2_addr_2"/></StgValue>
</operation>

<operation id="45" st_id="1" stage="1" lat="1">
<core>NULL</core>
<MemPortIdVec></MemPortIdVec>
<condition id="11">
<or_exp><and_exp></and_exp></or_exp>
</condition>

<Node id="47" bw="2" op_0_bw="16" op_1_bw="32" op_2_bw="32">
<![CDATA[
:37  %Matrix_A_3_addr_2 = getelementptr [4 x i16]* %Matrix_A_3, i32 0, i32 2

]]></Node>
<StgValue><ssdm name="Matrix_A_3_addr_2"/></StgValue>
</operation>

<operation id="46" st_id="1" stage="1" lat="1">
<core>NULL</core>
<MemPortIdVec></MemPortIdVec>
<condition id="11">
<or_exp><and_exp></and_exp></or_exp>
</condition>

<Node id="48" bw="2" op_0_bw="16" op_1_bw="32" op_2_bw="32">
<![CDATA[
:38  %Matrix_A_0_addr_3 = getelementptr [4 x i16]* %Matrix_A_0, i32 0, i32 3

]]></Node>
<StgValue><ssdm name="Matrix_A_0_addr_3"/></StgValue>
</operation>

<operation id="47" st_id="1" stage="1" lat="1">
<core>NULL</core>
<MemPortIdVec></MemPortIdVec>
<condition id="11">
<or_exp><and_exp></and_exp></or_exp>
</condition>

<Node id="49" bw="2" op_0_bw="16" op_1_bw="32" op_2_bw="32">
<![CDATA[
:39  %Matrix_A_1_addr_3 = getelementptr [4 x i16]* %Matrix_A_1, i32 0, i32 3

]]></Node>
<StgValue><ssdm name="Matrix_A_1_addr_3"/></StgValue>
</operation>

<operation id="48" st_id="1" stage="1" lat="1">
<core>NULL</core>
<MemPortIdVec></MemPortIdVec>
<condition id="11">
<or_exp><and_exp></and_exp></or_exp>
</condition>

<Node id="50" bw="2" op_0_bw="16" op_1_bw="32" op_2_bw="32">
<![CDATA[
:40  %Matrix_A_2_addr_3 = getelementptr [4 x i16]* %Matrix_A_2, i32 0, i32 3

]]></Node>
<StgValue><ssdm name="Matrix_A_2_addr_3"/></StgValue>
</operation>

<operation id="49" st_id="1" stage="1" lat="1">
<core>NULL</core>
<MemPortIdVec></MemPortIdVec>
<condition id="11">
<or_exp><and_exp></and_exp></or_exp>
</condition>

<Node id="51" bw="2" op_0_bw="16" op_1_bw="32" op_2_bw="32">
<![CDATA[
:41  %Matrix_A_3_addr_3 = getelementptr [4 x i16]* %Matrix_A_3, i32 0, i32 3

]]></Node>
<StgValue><ssdm name="Matrix_A_3_addr_3"/></StgValue>
</operation>

<operation id="50" st_id="1" stage="1" lat="1">
<core>NULL</core>
<MemPortIdVec></MemPortIdVec>
<condition id="11">
<or_exp><and_exp></and_exp></or_exp>
</condition>

<Node id="52" bw="0" op_0_bw="0">
<![CDATA[
:42  br label %1

]]></Node>
<StgValue><ssdm name=""/></StgValue>
</operation>
</state>

<state id="2" st_id="2">

<operation id="51" st_id="2" stage="1" lat="1">
<core>NULL</core>
<MemPortIdVec></MemPortIdVec>
<condition id="-1">
<or_exp><and_exp></and_exp></or_exp>
</condition>

<Node id="54" bw="3" op_0_bw="3" op_1_bw="0">
<![CDATA[
:0  %i = phi i3 [ 0, %0 ], [ %i_1, %2 ]

]]></Node>
<StgValue><ssdm name="i"/></StgValue>
</operation>

<operation id="52" st_id="2" stage="1" lat="1">
<core>Cmp</core>
<MemPortIdVec></MemPortIdVec>
<condition id="-1">
<or_exp><and_exp></and_exp></or_exp>
</condition>

<Node id="55" bw="1" op_0_bw="3" op_1_bw="3">
<![CDATA[
:1  %tmp = icmp eq i3 %i, -4

]]></Node>
<StgValue><ssdm name="tmp"/></StgValue>
</operation>

<operation id="53" st_id="2" stage="1" lat="1">
<core>AddSub</core>
<MemPortIdVec></MemPortIdVec>
<condition id="-1">
<or_exp><and_exp></and_exp></or_exp>
</condition>

<Node id="56" bw="3" op_0_bw="3" op_1_bw="3">
<![CDATA[
:2  %i_1 = add i3 %i, 1

]]></Node>
<StgValue><ssdm name="i_1"/></StgValue>
</operation>

<operation id="54" st_id="2" stage="1" lat="1">
<core>NULL</core>
<MemPortIdVec></MemPortIdVec>
<condition id="-1">
<or_exp><and_exp></and_exp></or_exp>
</condition>

<Node id="57" bw="0" op_0_bw="1" op_1_bw="0" op_2_bw="0">
<![CDATA[
:3  br i1 %tmp, label %3, label %2

]]></Node>
<StgValue><ssdm name=""/></StgValue>
</operation>

<operation id="55" st_id="2" stage="2" lat="2">
<core>RAM</core>
<MemPortIdVec></MemPortIdVec>
<condition id="0">
<or_exp><and_exp><literal name="tmp" val="0"/>
</and_exp></or_exp>
</condition>

<Node id="76" bw="16" op_0_bw="2">
<![CDATA[
:17  %Matrix_A_0_load = load i16* %Matrix_A_0_addr, align 2

]]></Node>
<StgValue><ssdm name="Matrix_A_0_load"/></StgValue>
</operation>

<operation id="56" st_id="2" stage="2" lat="2">
<core>RAM</core>
<MemPortIdVec></MemPortIdVec>
<condition id="0">
<or_exp><and_exp><literal name="tmp" val="0"/>
</and_exp></or_exp>
</condition>

<Node id="77" bw="16" op_0_bw="2">
<![CDATA[
:18  %Matrix_A_1_load = load i16* %Matrix_A_1_addr, align 2

]]></Node>
<StgValue><ssdm name="Matrix_A_1_load"/></StgValue>
</operation>

<operation id="57" st_id="2" stage="2" lat="2">
<core>RAM</core>
<MemPortIdVec></MemPortIdVec>
<condition id="0">
<or_exp><and_exp><literal name="tmp" val="0"/>
</and_exp></or_exp>
</condition>

<Node id="78" bw="16" op_0_bw="2">
<![CDATA[
:19  %Matrix_A_2_load = load i16* %Matrix_A_2_addr, align 2

]]></Node>
<StgValue><ssdm name="Matrix_A_2_load"/></StgValue>
</operation>

<operation id="58" st_id="2" stage="2" lat="2">
<core>RAM</core>
<MemPortIdVec></MemPortIdVec>
<condition id="0">
<or_exp><and_exp><literal name="tmp" val="0"/>
</and_exp></or_exp>
</condition>

<Node id="79" bw="16" op_0_bw="2">
<![CDATA[
:20  %Matrix_A_3_load = load i16* %Matrix_A_3_addr, align 2

]]></Node>
<StgValue><ssdm name="Matrix_A_3_load"/></StgValue>
</operation>

<operation id="59" st_id="2" stage="2" lat="2">
<core>RAM</core>
<MemPortIdVec></MemPortIdVec>
<condition id="0">
<or_exp><and_exp><literal name="tmp" val="0"/>
</and_exp></or_exp>
</condition>

<Node id="81" bw="16" op_0_bw="2">
<![CDATA[
:22  %Matrix_B_0_load = load i16* %Matrix_B_0_addr, align 2

]]></Node>
<StgValue><ssdm name="Matrix_B_0_load"/></StgValue>
</operation>

<operation id="60" st_id="2" stage="2" lat="2">
<core>RAM</core>
<MemPortIdVec></MemPortIdVec>
<condition id="0">
<or_exp><and_exp><literal name="tmp" val="0"/>
</and_exp></or_exp>
</condition>

<Node id="88" bw="16" op_0_bw="2">
<![CDATA[
:29  %Matrix_B_1_load = load i16* %Matrix_B_1_addr, align 2

]]></Node>
<StgValue><ssdm name="Matrix_B_1_load"/></StgValue>
</operation>

<operation id="61" st_id="2" stage="2" lat="2">
<core>RAM</core>
<MemPortIdVec></MemPortIdVec>
<condition id="0">
<or_exp><and_exp><literal name="tmp" val="0"/>
</and_exp></or_exp>
</condition>

<Node id="95" bw="16" op_0_bw="2">
<![CDATA[
:36  %Matrix_B_2_load = load i16* %Matrix_B_2_addr, align 2

]]></Node>
<StgValue><ssdm name="Matrix_B_2_load"/></StgValue>
</operation>

<operation id="62" st_id="2" stage="2" lat="2">
<core>RAM</core>
<MemPortIdVec></MemPortIdVec>
<condition id="0">
<or_exp><and_exp><literal name="tmp" val="0"/>
</and_exp></or_exp>
</condition>

<Node id="97" bw="16" op_0_bw="2">
<![CDATA[
:38  %Matrix_A_0_load_3 = load i16* %Matrix_A_0_addr_3, align 2

]]></Node>
<StgValue><ssdm name="Matrix_A_0_load_3"/></StgValue>
</operation>

<operation id="63" st_id="2" stage="2" lat="2">
<core>RAM</core>
<MemPortIdVec></MemPortIdVec>
<condition id="0">
<or_exp><and_exp><literal name="tmp" val="0"/>
</and_exp></or_exp>
</condition>

<Node id="98" bw="16" op_0_bw="2">
<![CDATA[
:39  %Matrix_A_1_load_3 = load i16* %Matrix_A_1_addr_3, align 2

]]></Node>
<StgValue><ssdm name="Matrix_A_1_load_3"/></StgValue>
</operation>

<operation id="64" st_id="2" stage="2" lat="2">
<core>RAM</core>
<MemPortIdVec></MemPortIdVec>
<condition id="0">
<or_exp><and_exp><literal name="tmp" val="0"/>
</and_exp></or_exp>
</condition>

<Node id="99" bw="16" op_0_bw="2">
<![CDATA[
:40  %Matrix_A_2_load_3 = load i16* %Matrix_A_2_addr_3, align 2

]]></Node>
<StgValue><ssdm name="Matrix_A_2_load_3"/></StgValue>
</operation>

<operation id="65" st_id="2" stage="2" lat="2">
<core>RAM</core>
<MemPortIdVec></MemPortIdVec>
<condition id="0">
<or_exp><and_exp><literal name="tmp" val="0"/>
</and_exp></or_exp>
</condition>

<Node id="100" bw="16" op_0_bw="2">
<![CDATA[
:41  %Matrix_A_3_load_3 = load i16* %Matrix_A_3_addr_3, align 2

]]></Node>
<StgValue><ssdm name="Matrix_A_3_load_3"/></StgValue>
</operation>

<operation id="66" st_id="2" stage="2" lat="2">
<core>RAM</core>
<MemPortIdVec></MemPortIdVec>
<condition id="0">
<or_exp><and_exp><literal name="tmp" val="0"/>
</and_exp></or_exp>
</condition>

<Node id="102" bw="16" op_0_bw="2">
<![CDATA[
:43  %Matrix_B_3_load = load i16* %Matrix_B_3_addr, align 2

]]></Node>
<StgValue><ssdm name="Matrix_B_3_load"/></StgValue>
</operation>

<operation id="67" st_id="2" stage="2" lat="2">
<core>RAM</core>
<MemPortIdVec></MemPortIdVec>
<condition id="0">
<or_exp><and_exp><literal name="tmp" val="0"/>
</and_exp></or_exp>
</condition>

<Node id="108" bw="16" op_0_bw="2">
<![CDATA[
:49  %Matrix_B_0_load_1 = load i16* %Matrix_B_0_addr_1, align 2

]]></Node>
<StgValue><ssdm name="Matrix_B_0_load_1"/></StgValue>
</operation>

<operation id="68" st_id="2" stage="2" lat="2">
<core>RAM</core>
<MemPortIdVec></MemPortIdVec>
<condition id="0">
<or_exp><and_exp><literal name="tmp" val="0"/>
</and_exp></or_exp>
</condition>

<Node id="110" bw="16" op_0_bw="2">
<![CDATA[
:51  %Matrix_B_1_load_1 = load i16* %Matrix_B_1_addr_1, align 2

]]></Node>
<StgValue><ssdm name="Matrix_B_1_load_1"/></StgValue>
</operation>

<operation id="69" st_id="2" stage="2" lat="2">
<core>RAM</core>
<MemPortIdVec></MemPortIdVec>
<condition id="0">
<or_exp><and_exp><literal name="tmp" val="0"/>
</and_exp></or_exp>
</condition>

<Node id="112" bw="16" op_0_bw="2">
<![CDATA[
:53  %Matrix_B_2_load_1 = load i16* %Matrix_B_2_addr_1, align 2

]]></Node>
<StgValue><ssdm name="Matrix_B_2_load_1"/></StgValue>
</operation>

<operation id="70" st_id="2" stage="2" lat="2">
<core>RAM</core>
<MemPortIdVec></MemPortIdVec>
<condition id="0">
<or_exp><and_exp><literal name="tmp" val="0"/>
</and_exp></or_exp>
</condition>

<Node id="114" bw="16" op_0_bw="2">
<![CDATA[
:55  %Matrix_B_3_load_1 = load i16* %Matrix_B_3_addr_1, align 2

]]></Node>
<StgValue><ssdm name="Matrix_B_3_load_1"/></StgValue>
</operation>
</state>

<state id="3" st_id="3">

<operation id="71" st_id="3" stage="1" lat="1">
<core>NULL</core>
<MemPortIdVec></MemPortIdVec>
<condition id="0">
<or_exp><and_exp><literal name="tmp" val="0"/>
</and_exp></or_exp>
</condition>

<Node id="63" bw="5" op_0_bw="5" op_1_bw="3" op_2_bw="2">
<![CDATA[
:4  %tmp_1 = call i5 @_ssdm_op_BitConcatenate.i5.i3.i2(i3 %i, i2 0)

]]></Node>
<StgValue><ssdm name="tmp_1"/></StgValue>
</operation>

<operation id="72" st_id="3" stage="1" lat="1">
<core>NULL</core>
<MemPortIdVec></MemPortIdVec>
<condition id="0">
<or_exp><and_exp><literal name="tmp" val="0"/>
</and_exp></or_exp>
</condition>

<Node id="75" bw="2" op_0_bw="3">
<![CDATA[
:16  %tmp_14 = trunc i3 %i to i2

]]></Node>
<StgValue><ssdm name="tmp_14"/></StgValue>
</operation>

<operation id="73" st_id="3" stage="1" lat="2">
<core>RAM</core>
<MemPortIdVec></MemPortIdVec>
<condition id="0">
<or_exp><and_exp><literal name="tmp" val="0"/>
</and_exp></or_exp>
</condition>

<Node id="76" bw="16" op_0_bw="2">
<![CDATA[
:17  %Matrix_A_0_load = load i16* %Matrix_A_0_addr, align 2

]]></Node>
<StgValue><ssdm name="Matrix_A_0_load"/></StgValue>
</operation>

<operation id="74" st_id="3" stage="1" lat="2">
<core>RAM</core>
<MemPortIdVec></MemPortIdVec>
<condition id="0">
<or_exp><and_exp><literal name="tmp" val="0"/>
</and_exp></or_exp>
</condition>

<Node id="77" bw="16" op_0_bw="2">
<![CDATA[
:18  %Matrix_A_1_load = load i16* %Matrix_A_1_addr, align 2

]]></Node>
<StgValue><ssdm name="Matrix_A_1_load"/></StgValue>
</operation>

<operation id="75" st_id="3" stage="1" lat="2">
<core>RAM</core>
<MemPortIdVec></MemPortIdVec>
<condition id="0">
<or_exp><and_exp><literal name="tmp" val="0"/>
</and_exp></or_exp>
</condition>

<Node id="78" bw="16" op_0_bw="2">
<![CDATA[
:19  %Matrix_A_2_load = load i16* %Matrix_A_2_addr, align 2

]]></Node>
<StgValue><ssdm name="Matrix_A_2_load"/></StgValue>
</operation>

<operation id="76" st_id="3" stage="1" lat="2">
<core>RAM</core>
<MemPortIdVec></MemPortIdVec>
<condition id="0">
<or_exp><and_exp><literal name="tmp" val="0"/>
</and_exp></or_exp>
</condition>

<Node id="79" bw="16" op_0_bw="2">
<![CDATA[
:20  %Matrix_A_3_load = load i16* %Matrix_A_3_addr, align 2

]]></Node>
<StgValue><ssdm name="Matrix_A_3_load"/></StgValue>
</operation>

<operation id="77" st_id="3" stage="1" lat="1">
<core>MuxnS</core>
<MemPortIdVec></MemPortIdVec>
<condition id="0">
<or_exp><and_exp><literal name="tmp" val="0"/>
</and_exp></or_exp>
</condition>

<Node id="80" bw="16" op_0_bw="16" op_1_bw="16" op_2_bw="16" op_3_bw="16" op_4_bw="16" op_5_bw="2">
<![CDATA[
:21  %tmp_3 = call i16 @_ssdm_op_Mux.ap_auto.4i16.i2(i16 %Matrix_A_0_load, i16 %Matrix_A_1_load, i16 %Matrix_A_2_load, i16 %Matrix_A_3_load, i2 %tmp_14)

]]></Node>
<StgValue><ssdm name="tmp_3"/></StgValue>
</operation>

<operation id="78" st_id="3" stage="1" lat="2">
<core>RAM</core>
<MemPortIdVec></MemPortIdVec>
<condition id="0">
<or_exp><and_exp><literal name="tmp" val="0"/>
</and_exp></or_exp>
</condition>

<Node id="81" bw="16" op_0_bw="2">
<![CDATA[
:22  %Matrix_B_0_load = load i16* %Matrix_B_0_addr, align 2

]]></Node>
<StgValue><ssdm name="Matrix_B_0_load"/></StgValue>
</operation>

<operation id="79" st_id="3" stage="2" lat="2">
<core>RAM</core>
<MemPortIdVec></MemPortIdVec>
<condition id="0">
<or_exp><and_exp><literal name="tmp" val="0"/>
</and_exp></or_exp>
</condition>

<Node id="83" bw="16" op_0_bw="2">
<![CDATA[
:24  %Matrix_A_0_load_1 = load i16* %Matrix_A_0_addr_1, align 2

]]></Node>
<StgValue><ssdm name="Matrix_A_0_load_1"/></StgValue>
</operation>

<operation id="80" st_id="3" stage="2" lat="2">
<core>RAM</core>
<MemPortIdVec></MemPortIdVec>
<condition id="0">
<or_exp><and_exp><literal name="tmp" val="0"/>
</and_exp></or_exp>
</condition>

<Node id="84" bw="16" op_0_bw="2">
<![CDATA[
:25  %Matrix_A_1_load_1 = load i16* %Matrix_A_1_addr_1, align 2

]]></Node>
<StgValue><ssdm name="Matrix_A_1_load_1"/></StgValue>
</operation>

<operation id="81" st_id="3" stage="2" lat="2">
<core>RAM</core>
<MemPortIdVec></MemPortIdVec>
<condition id="0">
<or_exp><and_exp><literal name="tmp" val="0"/>
</and_exp></or_exp>
</condition>

<Node id="85" bw="16" op_0_bw="2">
<![CDATA[
:26  %Matrix_A_2_load_1 = load i16* %Matrix_A_2_addr_1, align 2

]]></Node>
<StgValue><ssdm name="Matrix_A_2_load_1"/></StgValue>
</operation>

<operation id="82" st_id="3" stage="2" lat="2">
<core>RAM</core>
<MemPortIdVec></MemPortIdVec>
<condition id="0">
<or_exp><and_exp><literal name="tmp" val="0"/>
</and_exp></or_exp>
</condition>

<Node id="86" bw="16" op_0_bw="2">
<![CDATA[
:27  %Matrix_A_3_load_1 = load i16* %Matrix_A_3_addr_1, align 2

]]></Node>
<StgValue><ssdm name="Matrix_A_3_load_1"/></StgValue>
</operation>

<operation id="83" st_id="3" stage="1" lat="2">
<core>RAM</core>
<MemPortIdVec></MemPortIdVec>
<condition id="0">
<or_exp><and_exp><literal name="tmp" val="0"/>
</and_exp></or_exp>
</condition>

<Node id="88" bw="16" op_0_bw="2">
<![CDATA[
:29  %Matrix_B_1_load = load i16* %Matrix_B_1_addr, align 2

]]></Node>
<StgValue><ssdm name="Matrix_B_1_load"/></StgValue>
</operation>

<operation id="84" st_id="3" stage="2" lat="2">
<core>RAM</core>
<MemPortIdVec></MemPortIdVec>
<condition id="0">
<or_exp><and_exp><literal name="tmp" val="0"/>
</and_exp></or_exp>
</condition>

<Node id="90" bw="16" op_0_bw="2">
<![CDATA[
:31  %Matrix_A_0_load_2 = load i16* %Matrix_A_0_addr_2, align 2

]]></Node>
<StgValue><ssdm name="Matrix_A_0_load_2"/></StgValue>
</operation>

<operation id="85" st_id="3" stage="2" lat="2">
<core>RAM</core>
<MemPortIdVec></MemPortIdVec>
<condition id="0">
<or_exp><and_exp><literal name="tmp" val="0"/>
</and_exp></or_exp>
</condition>

<Node id="91" bw="16" op_0_bw="2">
<![CDATA[
:32  %Matrix_A_1_load_2 = load i16* %Matrix_A_1_addr_2, align 2

]]></Node>
<StgValue><ssdm name="Matrix_A_1_load_2"/></StgValue>
</operation>

<operation id="86" st_id="3" stage="2" lat="2">
<core>RAM</core>
<MemPortIdVec></MemPortIdVec>
<condition id="0">
<or_exp><and_exp><literal name="tmp" val="0"/>
</and_exp></or_exp>
</condition>

<Node id="92" bw="16" op_0_bw="2">
<![CDATA[
:33  %Matrix_A_2_load_2 = load i16* %Matrix_A_2_addr_2, align 2

]]></Node>
<StgValue><ssdm name="Matrix_A_2_load_2"/></StgValue>
</operation>

<operation id="87" st_id="3" stage="2" lat="2">
<core>RAM</core>
<MemPortIdVec></MemPortIdVec>
<condition id="0">
<or_exp><and_exp><literal name="tmp" val="0"/>
</and_exp></or_exp>
</condition>

<Node id="93" bw="16" op_0_bw="2">
<![CDATA[
:34  %Matrix_A_3_load_2 = load i16* %Matrix_A_3_addr_2, align 2

]]></Node>
<StgValue><ssdm name="Matrix_A_3_load_2"/></StgValue>
</operation>

<operation id="88" st_id="3" stage="1" lat="2">
<core>RAM</core>
<MemPortIdVec></MemPortIdVec>
<condition id="0">
<or_exp><and_exp><literal name="tmp" val="0"/>
</and_exp></or_exp>
</condition>

<Node id="95" bw="16" op_0_bw="2">
<![CDATA[
:36  %Matrix_B_2_load = load i16* %Matrix_B_2_addr, align 2

]]></Node>
<StgValue><ssdm name="Matrix_B_2_load"/></StgValue>
</operation>

<operation id="89" st_id="3" stage="1" lat="2">
<core>RAM</core>
<MemPortIdVec></MemPortIdVec>
<condition id="0">
<or_exp><and_exp><literal name="tmp" val="0"/>
</and_exp></or_exp>
</condition>

<Node id="97" bw="16" op_0_bw="2">
<![CDATA[
:38  %Matrix_A_0_load_3 = load i16* %Matrix_A_0_addr_3, align 2

]]></Node>
<StgValue><ssdm name="Matrix_A_0_load_3"/></StgValue>
</operation>

<operation id="90" st_id="3" stage="1" lat="2">
<core>RAM</core>
<MemPortIdVec></MemPortIdVec>
<condition id="0">
<or_exp><and_exp><literal name="tmp" val="0"/>
</and_exp></or_exp>
</condition>

<Node id="98" bw="16" op_0_bw="2">
<![CDATA[
:39  %Matrix_A_1_load_3 = load i16* %Matrix_A_1_addr_3, align 2

]]></Node>
<StgValue><ssdm name="Matrix_A_1_load_3"/></StgValue>
</operation>

<operation id="91" st_id="3" stage="1" lat="2">
<core>RAM</core>
<MemPortIdVec></MemPortIdVec>
<condition id="0">
<or_exp><and_exp><literal name="tmp" val="0"/>
</and_exp></or_exp>
</condition>

<Node id="99" bw="16" op_0_bw="2">
<![CDATA[
:40  %Matrix_A_2_load_3 = load i16* %Matrix_A_2_addr_3, align 2

]]></Node>
<StgValue><ssdm name="Matrix_A_2_load_3"/></StgValue>
</operation>

<operation id="92" st_id="3" stage="1" lat="2">
<core>RAM</core>
<MemPortIdVec></MemPortIdVec>
<condition id="0">
<or_exp><and_exp><literal name="tmp" val="0"/>
</and_exp></or_exp>
</condition>

<Node id="100" bw="16" op_0_bw="2">
<![CDATA[
:41  %Matrix_A_3_load_3 = load i16* %Matrix_A_3_addr_3, align 2

]]></Node>
<StgValue><ssdm name="Matrix_A_3_load_3"/></StgValue>
</operation>

<operation id="93" st_id="3" stage="1" lat="1">
<core>MuxnS</core>
<MemPortIdVec></MemPortIdVec>
<condition id="0">
<or_exp><and_exp><literal name="tmp" val="0"/>
</and_exp></or_exp>
</condition>

<Node id="101" bw="16" op_0_bw="16" op_1_bw="16" op_2_bw="16" op_3_bw="16" op_4_bw="16" op_5_bw="2">
<![CDATA[
:42  %tmp_6 = call i16 @_ssdm_op_Mux.ap_auto.4i16.i2(i16 %Matrix_A_0_load_3, i16 %Matrix_A_1_load_3, i16 %Matrix_A_2_load_3, i16 %Matrix_A_3_load_3, i2 %tmp_14)

]]></Node>
<StgValue><ssdm name="tmp_6"/></StgValue>
</operation>

<operation id="94" st_id="3" stage="1" lat="2">
<core>RAM</core>
<MemPortIdVec></MemPortIdVec>
<condition id="0">
<or_exp><and_exp><literal name="tmp" val="0"/>
</and_exp></or_exp>
</condition>

<Node id="102" bw="16" op_0_bw="2">
<![CDATA[
:43  %Matrix_B_3_load = load i16* %Matrix_B_3_addr, align 2

]]></Node>
<StgValue><ssdm name="Matrix_B_3_load"/></StgValue>
</operation>

<operation id="95" st_id="3" stage="1" lat="2">
<core>RAM</core>
<MemPortIdVec></MemPortIdVec>
<condition id="0">
<or_exp><and_exp><literal name="tmp" val="0"/>
</and_exp></or_exp>
</condition>

<Node id="108" bw="16" op_0_bw="2">
<![CDATA[
:49  %Matrix_B_0_load_1 = load i16* %Matrix_B_0_addr_1, align 2

]]></Node>
<StgValue><ssdm name="Matrix_B_0_load_1"/></StgValue>
</operation>

<operation id="96" st_id="3" stage="1" lat="2">
<core>RAM</core>
<MemPortIdVec></MemPortIdVec>
<condition id="0">
<or_exp><and_exp><literal name="tmp" val="0"/>
</and_exp></or_exp>
</condition>

<Node id="110" bw="16" op_0_bw="2">
<![CDATA[
:51  %Matrix_B_1_load_1 = load i16* %Matrix_B_1_addr_1, align 2

]]></Node>
<StgValue><ssdm name="Matrix_B_1_load_1"/></StgValue>
</operation>

<operation id="97" st_id="3" stage="1" lat="2">
<core>RAM</core>
<MemPortIdVec></MemPortIdVec>
<condition id="0">
<or_exp><and_exp><literal name="tmp" val="0"/>
</and_exp></or_exp>
</condition>

<Node id="112" bw="16" op_0_bw="2">
<![CDATA[
:53  %Matrix_B_2_load_1 = load i16* %Matrix_B_2_addr_1, align 2

]]></Node>
<StgValue><ssdm name="Matrix_B_2_load_1"/></StgValue>
</operation>

<operation id="98" st_id="3" stage="1" lat="2">
<core>RAM</core>
<MemPortIdVec></MemPortIdVec>
<condition id="0">
<or_exp><and_exp><literal name="tmp" val="0"/>
</and_exp></or_exp>
</condition>

<Node id="114" bw="16" op_0_bw="2">
<![CDATA[
:55  %Matrix_B_3_load_1 = load i16* %Matrix_B_3_addr_1, align 2

]]></Node>
<StgValue><ssdm name="Matrix_B_3_load_1"/></StgValue>
</operation>

<operation id="99" st_id="3" stage="2" lat="2">
<core>RAM</core>
<MemPortIdVec></MemPortIdVec>
<condition id="0">
<or_exp><and_exp><literal name="tmp" val="0"/>
</and_exp></or_exp>
</condition>

<Node id="120" bw="16" op_0_bw="2">
<![CDATA[
:61  %Matrix_B_0_load_2 = load i16* %Matrix_B_0_addr_2, align 2

]]></Node>
<StgValue><ssdm name="Matrix_B_0_load_2"/></StgValue>
</operation>

<operation id="100" st_id="3" stage="2" lat="2">
<core>RAM</core>
<MemPortIdVec></MemPortIdVec>
<condition id="0">
<or_exp><and_exp><literal name="tmp" val="0"/>
</and_exp></or_exp>
</condition>

<Node id="122" bw="16" op_0_bw="2">
<![CDATA[
:63  %Matrix_B_1_load_2 = load i16* %Matrix_B_1_addr_2, align 2

]]></Node>
<StgValue><ssdm name="Matrix_B_1_load_2"/></StgValue>
</operation>

<operation id="101" st_id="3" stage="2" lat="2">
<core>RAM</core>
<MemPortIdVec></MemPortIdVec>
<condition id="0">
<or_exp><and_exp><literal name="tmp" val="0"/>
</and_exp></or_exp>
</condition>

<Node id="124" bw="16" op_0_bw="2">
<![CDATA[
:65  %Matrix_B_2_load_2 = load i16* %Matrix_B_2_addr_2, align 2

]]></Node>
<StgValue><ssdm name="Matrix_B_2_load_2"/></StgValue>
</operation>

<operation id="102" st_id="3" stage="2" lat="2">
<core>RAM</core>
<MemPortIdVec></MemPortIdVec>
<condition id="0">
<or_exp><and_exp><literal name="tmp" val="0"/>
</and_exp></or_exp>
</condition>

<Node id="126" bw="16" op_0_bw="2">
<![CDATA[
:67  %Matrix_B_3_load_2 = load i16* %Matrix_B_3_addr_2, align 2

]]></Node>
<StgValue><ssdm name="Matrix_B_3_load_2"/></StgValue>
</operation>

<operation id="103" st_id="3" stage="2" lat="2">
<core>RAM</core>
<MemPortIdVec></MemPortIdVec>
<condition id="0">
<or_exp><and_exp><literal name="tmp" val="0"/>
</and_exp></or_exp>
</condition>

<Node id="132" bw="16" op_0_bw="2">
<![CDATA[
:73  %Matrix_B_0_load_3 = load i16* %Matrix_B_0_addr_3, align 2

]]></Node>
<StgValue><ssdm name="Matrix_B_0_load_3"/></StgValue>
</operation>

<operation id="104" st_id="3" stage="2" lat="2">
<core>RAM</core>
<MemPortIdVec></MemPortIdVec>
<condition id="0">
<or_exp><and_exp><literal name="tmp" val="0"/>
</and_exp></or_exp>
</condition>

<Node id="134" bw="16" op_0_bw="2">
<![CDATA[
:75  %Matrix_B_1_load_3 = load i16* %Matrix_B_1_addr_3, align 2

]]></Node>
<StgValue><ssdm name="Matrix_B_1_load_3"/></StgValue>
</operation>

<operation id="105" st_id="3" stage="2" lat="2">
<core>RAM</core>
<MemPortIdVec></MemPortIdVec>
<condition id="0">
<or_exp><and_exp><literal name="tmp" val="0"/>
</and_exp></or_exp>
</condition>

<Node id="136" bw="16" op_0_bw="2">
<![CDATA[
:77  %Matrix_B_2_load_3 = load i16* %Matrix_B_2_addr_3, align 2

]]></Node>
<StgValue><ssdm name="Matrix_B_2_load_3"/></StgValue>
</operation>

<operation id="106" st_id="3" stage="2" lat="2">
<core>RAM</core>
<MemPortIdVec></MemPortIdVec>
<condition id="0">
<or_exp><and_exp><literal name="tmp" val="0"/>
</and_exp></or_exp>
</condition>

<Node id="138" bw="16" op_0_bw="2">
<![CDATA[
:79  %Matrix_B_3_load_3 = load i16* %Matrix_B_3_addr_3, align 2

]]></Node>
<StgValue><ssdm name="Matrix_B_3_load_3"/></StgValue>
</operation>
</state>

<state id="4" st_id="4">

<operation id="107" st_id="4" stage="1" lat="1">
<core>DSP48</core>
<MemPortIdVec></MemPortIdVec>
<condition id="0">
<or_exp><and_exp><literal name="tmp" val="0"/>
</and_exp></or_exp>
</condition>

<Node id="82" bw="16" op_0_bw="16" op_1_bw="16">
<![CDATA[
:23  %tmp_s = mul i16 %tmp_3, %Matrix_B_0_load

]]></Node>
<StgValue><ssdm name="tmp_s"/></StgValue>
</operation>

<operation id="108" st_id="4" stage="1" lat="2">
<core>RAM</core>
<MemPortIdVec></MemPortIdVec>
<condition id="0">
<or_exp><and_exp><literal name="tmp" val="0"/>
</and_exp></or_exp>
</condition>

<Node id="83" bw="16" op_0_bw="2">
<![CDATA[
:24  %Matrix_A_0_load_1 = load i16* %Matrix_A_0_addr_1, align 2

]]></Node>
<StgValue><ssdm name="Matrix_A_0_load_1"/></StgValue>
</operation>

<operation id="109" st_id="4" stage="1" lat="2">
<core>RAM</core>
<MemPortIdVec></MemPortIdVec>
<condition id="0">
<or_exp><and_exp><literal name="tmp" val="0"/>
</and_exp></or_exp>
</condition>

<Node id="84" bw="16" op_0_bw="2">
<![CDATA[
:25  %Matrix_A_1_load_1 = load i16* %Matrix_A_1_addr_1, align 2

]]></Node>
<StgValue><ssdm name="Matrix_A_1_load_1"/></StgValue>
</operation>

<operation id="110" st_id="4" stage="1" lat="2">
<core>RAM</core>
<MemPortIdVec></MemPortIdVec>
<condition id="0">
<or_exp><and_exp><literal name="tmp" val="0"/>
</and_exp></or_exp>
</condition>

<Node id="85" bw="16" op_0_bw="2">
<![CDATA[
:26  %Matrix_A_2_load_1 = load i16* %Matrix_A_2_addr_1, align 2

]]></Node>
<StgValue><ssdm name="Matrix_A_2_load_1"/></StgValue>
</operation>

<operation id="111" st_id="4" stage="1" lat="2">
<core>RAM</core>
<MemPortIdVec></MemPortIdVec>
<condition id="0">
<or_exp><and_exp><literal name="tmp" val="0"/>
</and_exp></or_exp>
</condition>

<Node id="86" bw="16" op_0_bw="2">
<![CDATA[
:27  %Matrix_A_3_load_1 = load i16* %Matrix_A_3_addr_1, align 2

]]></Node>
<StgValue><ssdm name="Matrix_A_3_load_1"/></StgValue>
</operation>

<operation id="112" st_id="4" stage="1" lat="1">
<core>MuxnS</core>
<MemPortIdVec></MemPortIdVec>
<condition id="0">
<or_exp><and_exp><literal name="tmp" val="0"/>
</and_exp></or_exp>
</condition>

<Node id="87" bw="16" op_0_bw="16" op_1_bw="16" op_2_bw="16" op_3_bw="16" op_4_bw="16" op_5_bw="2">
<![CDATA[
:28  %tmp_4 = call i16 @_ssdm_op_Mux.ap_auto.4i16.i2(i16 %Matrix_A_0_load_1, i16 %Matrix_A_1_load_1, i16 %Matrix_A_2_load_1, i16 %Matrix_A_3_load_1, i2 %tmp_14)

]]></Node>
<StgValue><ssdm name="tmp_4"/></StgValue>
</operation>

<operation id="113" st_id="4" stage="1" lat="2">
<core>RAM</core>
<MemPortIdVec></MemPortIdVec>
<condition id="0">
<or_exp><and_exp><literal name="tmp" val="0"/>
</and_exp></or_exp>
</condition>

<Node id="90" bw="16" op_0_bw="2">
<![CDATA[
:31  %Matrix_A_0_load_2 = load i16* %Matrix_A_0_addr_2, align 2

]]></Node>
<StgValue><ssdm name="Matrix_A_0_load_2"/></StgValue>
</operation>

<operation id="114" st_id="4" stage="1" lat="2">
<core>RAM</core>
<MemPortIdVec></MemPortIdVec>
<condition id="0">
<or_exp><and_exp><literal name="tmp" val="0"/>
</and_exp></or_exp>
</condition>

<Node id="91" bw="16" op_0_bw="2">
<![CDATA[
:32  %Matrix_A_1_load_2 = load i16* %Matrix_A_1_addr_2, align 2

]]></Node>
<StgValue><ssdm name="Matrix_A_1_load_2"/></StgValue>
</operation>

<operation id="115" st_id="4" stage="1" lat="2">
<core>RAM</core>
<MemPortIdVec></MemPortIdVec>
<condition id="0">
<or_exp><and_exp><literal name="tmp" val="0"/>
</and_exp></or_exp>
</condition>

<Node id="92" bw="16" op_0_bw="2">
<![CDATA[
:33  %Matrix_A_2_load_2 = load i16* %Matrix_A_2_addr_2, align 2

]]></Node>
<StgValue><ssdm name="Matrix_A_2_load_2"/></StgValue>
</operation>

<operation id="116" st_id="4" stage="1" lat="2">
<core>RAM</core>
<MemPortIdVec></MemPortIdVec>
<condition id="0">
<or_exp><and_exp><literal name="tmp" val="0"/>
</and_exp></or_exp>
</condition>

<Node id="93" bw="16" op_0_bw="2">
<![CDATA[
:34  %Matrix_A_3_load_2 = load i16* %Matrix_A_3_addr_2, align 2

]]></Node>
<StgValue><ssdm name="Matrix_A_3_load_2"/></StgValue>
</operation>

<operation id="117" st_id="4" stage="1" lat="1">
<core>MuxnS</core>
<MemPortIdVec></MemPortIdVec>
<condition id="0">
<or_exp><and_exp><literal name="tmp" val="0"/>
</and_exp></or_exp>
</condition>

<Node id="94" bw="16" op_0_bw="16" op_1_bw="16" op_2_bw="16" op_3_bw="16" op_4_bw="16" op_5_bw="2">
<![CDATA[
:35  %tmp_5 = call i16 @_ssdm_op_Mux.ap_auto.4i16.i2(i16 %Matrix_A_0_load_2, i16 %Matrix_A_1_load_2, i16 %Matrix_A_2_load_2, i16 %Matrix_A_3_load_2, i2 %tmp_14)

]]></Node>
<StgValue><ssdm name="tmp_5"/></StgValue>
</operation>

<operation id="118" st_id="4" stage="1" lat="1">
<core>DSP48</core>
<MemPortIdVec></MemPortIdVec>
<condition id="0">
<or_exp><and_exp><literal name="tmp" val="0"/>
</and_exp></or_exp>
</condition>

<Node id="103" bw="16" op_0_bw="16" op_1_bw="16">
<![CDATA[
:44  %tmp_8_0_3 = mul i16 %tmp_6, %Matrix_B_3_load

]]></Node>
<StgValue><ssdm name="tmp_8_0_3"/></StgValue>
</operation>

<operation id="119" st_id="4" stage="1" lat="1">
<core>DSP48</core>
<MemPortIdVec></MemPortIdVec>
<condition id="0">
<or_exp><and_exp><literal name="tmp" val="0"/>
</and_exp></or_exp>
</condition>

<Node id="109" bw="16" op_0_bw="16" op_1_bw="16">
<![CDATA[
:50  %tmp_8_1 = mul i16 %tmp_3, %Matrix_B_0_load_1

]]></Node>
<StgValue><ssdm name="tmp_8_1"/></StgValue>
</operation>

<operation id="120" st_id="4" stage="1" lat="1">
<core>DSP48</core>
<MemPortIdVec></MemPortIdVec>
<condition id="0">
<or_exp><and_exp><literal name="tmp" val="0"/>
</and_exp></or_exp>
</condition>

<Node id="115" bw="16" op_0_bw="16" op_1_bw="16">
<![CDATA[
:56  %tmp_8_1_3 = mul i16 %tmp_6, %Matrix_B_3_load_1

]]></Node>
<StgValue><ssdm name="tmp_8_1_3"/></StgValue>
</operation>

<operation id="121" st_id="4" stage="1" lat="2">
<core>RAM</core>
<MemPortIdVec></MemPortIdVec>
<condition id="0">
<or_exp><and_exp><literal name="tmp" val="0"/>
</and_exp></or_exp>
</condition>

<Node id="120" bw="16" op_0_bw="2">
<![CDATA[
:61  %Matrix_B_0_load_2 = load i16* %Matrix_B_0_addr_2, align 2

]]></Node>
<StgValue><ssdm name="Matrix_B_0_load_2"/></StgValue>
</operation>

<operation id="122" st_id="4" stage="1" lat="1">
<core>DSP48</core>
<MemPortIdVec></MemPortIdVec>
<condition id="0">
<or_exp><and_exp><literal name="tmp" val="0"/>
</and_exp></or_exp>
</condition>

<Node id="121" bw="16" op_0_bw="16" op_1_bw="16">
<![CDATA[
:62  %tmp_8_2 = mul i16 %tmp_3, %Matrix_B_0_load_2

]]></Node>
<StgValue><ssdm name="tmp_8_2"/></StgValue>
</operation>

<operation id="123" st_id="4" stage="1" lat="2">
<core>RAM</core>
<MemPortIdVec></MemPortIdVec>
<condition id="0">
<or_exp><and_exp><literal name="tmp" val="0"/>
</and_exp></or_exp>
</condition>

<Node id="122" bw="16" op_0_bw="2">
<![CDATA[
:63  %Matrix_B_1_load_2 = load i16* %Matrix_B_1_addr_2, align 2

]]></Node>
<StgValue><ssdm name="Matrix_B_1_load_2"/></StgValue>
</operation>

<operation id="124" st_id="4" stage="1" lat="2">
<core>RAM</core>
<MemPortIdVec></MemPortIdVec>
<condition id="0">
<or_exp><and_exp><literal name="tmp" val="0"/>
</and_exp></or_exp>
</condition>

<Node id="124" bw="16" op_0_bw="2">
<![CDATA[
:65  %Matrix_B_2_load_2 = load i16* %Matrix_B_2_addr_2, align 2

]]></Node>
<StgValue><ssdm name="Matrix_B_2_load_2"/></StgValue>
</operation>

<operation id="125" st_id="4" stage="1" lat="2">
<core>RAM</core>
<MemPortIdVec></MemPortIdVec>
<condition id="0">
<or_exp><and_exp><literal name="tmp" val="0"/>
</and_exp></or_exp>
</condition>

<Node id="126" bw="16" op_0_bw="2">
<![CDATA[
:67  %Matrix_B_3_load_2 = load i16* %Matrix_B_3_addr_2, align 2

]]></Node>
<StgValue><ssdm name="Matrix_B_3_load_2"/></StgValue>
</operation>

<operation id="126" st_id="4" stage="1" lat="1">
<core>DSP48</core>
<MemPortIdVec></MemPortIdVec>
<condition id="0">
<or_exp><and_exp><literal name="tmp" val="0"/>
</and_exp></or_exp>
</condition>

<Node id="127" bw="16" op_0_bw="16" op_1_bw="16">
<![CDATA[
:68  %tmp_8_2_3 = mul i16 %tmp_6, %Matrix_B_3_load_2

]]></Node>
<StgValue><ssdm name="tmp_8_2_3"/></StgValue>
</operation>

<operation id="127" st_id="4" stage="1" lat="2">
<core>RAM</core>
<MemPortIdVec></MemPortIdVec>
<condition id="0">
<or_exp><and_exp><literal name="tmp" val="0"/>
</and_exp></or_exp>
</condition>

<Node id="132" bw="16" op_0_bw="2">
<![CDATA[
:73  %Matrix_B_0_load_3 = load i16* %Matrix_B_0_addr_3, align 2

]]></Node>
<StgValue><ssdm name="Matrix_B_0_load_3"/></StgValue>
</operation>

<operation id="128" st_id="4" stage="1" lat="1">
<core>DSP48</core>
<MemPortIdVec></MemPortIdVec>
<condition id="0">
<or_exp><and_exp><literal name="tmp" val="0"/>
</and_exp></or_exp>
</condition>

<Node id="133" bw="16" op_0_bw="16" op_1_bw="16">
<![CDATA[
:74  %tmp_8_3 = mul i16 %tmp_3, %Matrix_B_0_load_3

]]></Node>
<StgValue><ssdm name="tmp_8_3"/></StgValue>
</operation>

<operation id="129" st_id="4" stage="1" lat="2">
<core>RAM</core>
<MemPortIdVec></MemPortIdVec>
<condition id="0">
<or_exp><and_exp><literal name="tmp" val="0"/>
</and_exp></or_exp>
</condition>

<Node id="134" bw="16" op_0_bw="2">
<![CDATA[
:75  %Matrix_B_1_load_3 = load i16* %Matrix_B_1_addr_3, align 2

]]></Node>
<StgValue><ssdm name="Matrix_B_1_load_3"/></StgValue>
</operation>

<operation id="130" st_id="4" stage="1" lat="2">
<core>RAM</core>
<MemPortIdVec></MemPortIdVec>
<condition id="0">
<or_exp><and_exp><literal name="tmp" val="0"/>
</and_exp></or_exp>
</condition>

<Node id="136" bw="16" op_0_bw="2">
<![CDATA[
:77  %Matrix_B_2_load_3 = load i16* %Matrix_B_2_addr_3, align 2

]]></Node>
<StgValue><ssdm name="Matrix_B_2_load_3"/></StgValue>
</operation>

<operation id="131" st_id="4" stage="1" lat="2">
<core>RAM</core>
<MemPortIdVec></MemPortIdVec>
<condition id="0">
<or_exp><and_exp><literal name="tmp" val="0"/>
</and_exp></or_exp>
</condition>

<Node id="138" bw="16" op_0_bw="2">
<![CDATA[
:79  %Matrix_B_3_load_3 = load i16* %Matrix_B_3_addr_3, align 2

]]></Node>
<StgValue><ssdm name="Matrix_B_3_load_3"/></StgValue>
</operation>

<operation id="132" st_id="4" stage="1" lat="1">
<core>DSP48</core>
<MemPortIdVec></MemPortIdVec>
<condition id="0">
<or_exp><and_exp><literal name="tmp" val="0"/>
</and_exp></or_exp>
</condition>

<Node id="139" bw="16" op_0_bw="16" op_1_bw="16">
<![CDATA[
:80  %tmp_8_3_3 = mul i16 %tmp_6, %Matrix_B_3_load_3

]]></Node>
<StgValue><ssdm name="tmp_8_3_3"/></StgValue>
</operation>
</state>

<state id="5" st_id="5">

<operation id="133" st_id="5" stage="1" lat="1">
<core>NULL</core>
<MemPortIdVec></MemPortIdVec>
<condition id="0">
<or_exp><and_exp><literal name="tmp" val="0"/>
</and_exp></or_exp>
</condition>

<Node id="64" bw="32" op_0_bw="5">
<![CDATA[
:5  %tmp_7 = zext i5 %tmp_1 to i32

]]></Node>
<StgValue><ssdm name="tmp_7"/></StgValue>
</operation>

<operation id="134" st_id="5" stage="1" lat="1">
<core>NULL</core>
<MemPortIdVec></MemPortIdVec>
<condition id="0">
<or_exp><and_exp><literal name="tmp" val="0"/>
</and_exp></or_exp>
</condition>

<Node id="65" bw="4" op_0_bw="16" op_1_bw="32" op_2_bw="32">
<![CDATA[
:6  %Matrix_C_addr = getelementptr [16 x i16]* %Matrix_C, i32 0, i32 %tmp_7

]]></Node>
<StgValue><ssdm name="Matrix_C_addr"/></StgValue>
</operation>

<operation id="135" st_id="5" stage="1" lat="1">
<core>NULL</core>
<MemPortIdVec></MemPortIdVec>
<condition id="0">
<or_exp><and_exp><literal name="tmp" val="0"/>
</and_exp></or_exp>
</condition>

<Node id="66" bw="5" op_0_bw="5" op_1_bw="5">
<![CDATA[
:7  %tmp_8 = or i5 %tmp_1, 1

]]></Node>
<StgValue><ssdm name="tmp_8"/></StgValue>
</operation>

<operation id="136" st_id="5" stage="1" lat="1">
<core>NULL</core>
<MemPortIdVec></MemPortIdVec>
<condition id="0">
<or_exp><and_exp><literal name="tmp" val="0"/>
</and_exp></or_exp>
</condition>

<Node id="67" bw="32" op_0_bw="32" op_1_bw="27" op_2_bw="5">
<![CDATA[
:8  %tmp_9 = call i32 @_ssdm_op_BitConcatenate.i32.i27.i5(i27 0, i5 %tmp_8)

]]></Node>
<StgValue><ssdm name="tmp_9"/></StgValue>
</operation>

<operation id="137" st_id="5" stage="1" lat="1">
<core>NULL</core>
<MemPortIdVec></MemPortIdVec>
<condition id="0">
<or_exp><and_exp><literal name="tmp" val="0"/>
</and_exp></or_exp>
</condition>

<Node id="68" bw="4" op_0_bw="16" op_1_bw="32" op_2_bw="32">
<![CDATA[
:9  %Matrix_C_addr_1 = getelementptr [16 x i16]* %Matrix_C, i32 0, i32 %tmp_9

]]></Node>
<StgValue><ssdm name="Matrix_C_addr_1"/></StgValue>
</operation>

<operation id="138" st_id="5" stage="1" lat="1">
<core>DSP48</core>
<MemPortIdVec></MemPortIdVec>
<condition id="0">
<or_exp><and_exp><literal name="tmp" val="0"/>
</and_exp></or_exp>
</condition>

<Node id="89" bw="16" op_0_bw="16" op_1_bw="16">
<![CDATA[
:30  %tmp_8_0_1 = mul i16 %tmp_4, %Matrix_B_1_load

]]></Node>
<StgValue><ssdm name="tmp_8_0_1"/></StgValue>
</operation>

<operation id="139" st_id="5" stage="1" lat="1">
<core>DSP48</core>
<MemPortIdVec></MemPortIdVec>
<condition id="0">
<or_exp><and_exp><literal name="tmp" val="0"/>
</and_exp></or_exp>
</condition>

<Node id="96" bw="16" op_0_bw="16" op_1_bw="16">
<![CDATA[
:37  %tmp_8_0_2 = mul i16 %tmp_5, %Matrix_B_2_load

]]></Node>
<StgValue><ssdm name="tmp_8_0_2"/></StgValue>
</operation>

<operation id="140" st_id="5" stage="1" lat="1">
<core>DSP48</core>
<MemPortIdVec></MemPortIdVec>
<condition id="0">
<or_exp><and_exp><literal name="tmp" val="0"/>
</and_exp></or_exp>
</condition>

<Node id="104" bw="16" op_0_bw="16" op_1_bw="16">
<![CDATA[
:45  %tmp1 = add i16 %tmp_s, %tmp_8_0_1

]]></Node>
<StgValue><ssdm name="tmp1"/></StgValue>
</operation>

<operation id="141" st_id="5" stage="1" lat="1">
<core>DSP48</core>
<MemPortIdVec></MemPortIdVec>
<condition id="0">
<or_exp><and_exp><literal name="tmp" val="0"/>
</and_exp></or_exp>
</condition>

<Node id="105" bw="16" op_0_bw="16" op_1_bw="16">
<![CDATA[
:46  %tmp2 = add i16 %tmp_8_0_3, %tmp_8_0_2

]]></Node>
<StgValue><ssdm name="tmp2"/></StgValue>
</operation>

<operation id="142" st_id="5" stage="1" lat="1">
<core>AddSub</core>
<MemPortIdVec></MemPortIdVec>
<condition id="0">
<or_exp><and_exp><literal name="tmp" val="0"/>
</and_exp></or_exp>
</condition>

<Node id="106" bw="16" op_0_bw="16" op_1_bw="16">
<![CDATA[
:47  %tmp_9_0_3 = add i16 %tmp1, %tmp2

]]></Node>
<StgValue><ssdm name="tmp_9_0_3"/></StgValue>
</operation>

<operation id="143" st_id="5" stage="1" lat="1">
<core>RAM</core>
<MemPortIdVec></MemPortIdVec>
<condition id="0">
<or_exp><and_exp><literal name="tmp" val="0"/>
</and_exp></or_exp>
</condition>

<Node id="107" bw="0" op_0_bw="16" op_1_bw="4">
<![CDATA[
:48  store i16 %tmp_9_0_3, i16* %Matrix_C_addr, align 2

]]></Node>
<StgValue><ssdm name=""/></StgValue>
</operation>

<operation id="144" st_id="5" stage="1" lat="1">
<core>DSP48</core>
<MemPortIdVec></MemPortIdVec>
<condition id="0">
<or_exp><and_exp><literal name="tmp" val="0"/>
</and_exp></or_exp>
</condition>

<Node id="111" bw="16" op_0_bw="16" op_1_bw="16">
<![CDATA[
:52  %tmp_8_1_1 = mul i16 %tmp_4, %Matrix_B_1_load_1

]]></Node>
<StgValue><ssdm name="tmp_8_1_1"/></StgValue>
</operation>

<operation id="145" st_id="5" stage="1" lat="1">
<core>DSP48</core>
<MemPortIdVec></MemPortIdVec>
<condition id="0">
<or_exp><and_exp><literal name="tmp" val="0"/>
</and_exp></or_exp>
</condition>

<Node id="113" bw="16" op_0_bw="16" op_1_bw="16">
<![CDATA[
:54  %tmp_8_1_2 = mul i16 %tmp_5, %Matrix_B_2_load_1

]]></Node>
<StgValue><ssdm name="tmp_8_1_2"/></StgValue>
</operation>

<operation id="146" st_id="5" stage="1" lat="1">
<core>DSP48</core>
<MemPortIdVec></MemPortIdVec>
<condition id="0">
<or_exp><and_exp><literal name="tmp" val="0"/>
</and_exp></or_exp>
</condition>

<Node id="116" bw="16" op_0_bw="16" op_1_bw="16">
<![CDATA[
:57  %tmp3 = add i16 %tmp_8_1, %tmp_8_1_1

]]></Node>
<StgValue><ssdm name="tmp3"/></StgValue>
</operation>

<operation id="147" st_id="5" stage="1" lat="1">
<core>DSP48</core>
<MemPortIdVec></MemPortIdVec>
<condition id="0">
<or_exp><and_exp><literal name="tmp" val="0"/>
</and_exp></or_exp>
</condition>

<Node id="117" bw="16" op_0_bw="16" op_1_bw="16">
<![CDATA[
:58  %tmp4 = add i16 %tmp_8_1_3, %tmp_8_1_2

]]></Node>
<StgValue><ssdm name="tmp4"/></StgValue>
</operation>

<operation id="148" st_id="5" stage="1" lat="1">
<core>AddSub</core>
<MemPortIdVec></MemPortIdVec>
<condition id="0">
<or_exp><and_exp><literal name="tmp" val="0"/>
</and_exp></or_exp>
</condition>

<Node id="118" bw="16" op_0_bw="16" op_1_bw="16">
<![CDATA[
:59  %tmp_9_1_3 = add i16 %tmp3, %tmp4

]]></Node>
<StgValue><ssdm name="tmp_9_1_3"/></StgValue>
</operation>

<operation id="149" st_id="5" stage="1" lat="1">
<core>RAM</core>
<MemPortIdVec></MemPortIdVec>
<condition id="0">
<or_exp><and_exp><literal name="tmp" val="0"/>
</and_exp></or_exp>
</condition>

<Node id="119" bw="0" op_0_bw="16" op_1_bw="4">
<![CDATA[
:60  store i16 %tmp_9_1_3, i16* %Matrix_C_addr_1, align 2

]]></Node>
<StgValue><ssdm name=""/></StgValue>
</operation>

<operation id="150" st_id="5" stage="1" lat="1">
<core>DSP48</core>
<MemPortIdVec></MemPortIdVec>
<condition id="0">
<or_exp><and_exp><literal name="tmp" val="0"/>
</and_exp></or_exp>
</condition>

<Node id="123" bw="16" op_0_bw="16" op_1_bw="16">
<![CDATA[
:64  %tmp_8_2_1 = mul i16 %tmp_4, %Matrix_B_1_load_2

]]></Node>
<StgValue><ssdm name="tmp_8_2_1"/></StgValue>
</operation>

<operation id="151" st_id="5" stage="1" lat="1">
<core>DSP48</core>
<MemPortIdVec></MemPortIdVec>
<condition id="0">
<or_exp><and_exp><literal name="tmp" val="0"/>
</and_exp></or_exp>
</condition>

<Node id="125" bw="16" op_0_bw="16" op_1_bw="16">
<![CDATA[
:66  %tmp_8_2_2 = mul i16 %tmp_5, %Matrix_B_2_load_2

]]></Node>
<StgValue><ssdm name="tmp_8_2_2"/></StgValue>
</operation>

<operation id="152" st_id="5" stage="1" lat="1">
<core>DSP48</core>
<MemPortIdVec></MemPortIdVec>
<condition id="0">
<or_exp><and_exp><literal name="tmp" val="0"/>
</and_exp></or_exp>
</condition>

<Node id="128" bw="16" op_0_bw="16" op_1_bw="16">
<![CDATA[
:69  %tmp5 = add i16 %tmp_8_2, %tmp_8_2_1

]]></Node>
<StgValue><ssdm name="tmp5"/></StgValue>
</operation>

<operation id="153" st_id="5" stage="1" lat="1">
<core>DSP48</core>
<MemPortIdVec></MemPortIdVec>
<condition id="0">
<or_exp><and_exp><literal name="tmp" val="0"/>
</and_exp></or_exp>
</condition>

<Node id="129" bw="16" op_0_bw="16" op_1_bw="16">
<![CDATA[
:70  %tmp6 = add i16 %tmp_8_2_3, %tmp_8_2_2

]]></Node>
<StgValue><ssdm name="tmp6"/></StgValue>
</operation>

<operation id="154" st_id="5" stage="1" lat="1">
<core>AddSub</core>
<MemPortIdVec></MemPortIdVec>
<condition id="0">
<or_exp><and_exp><literal name="tmp" val="0"/>
</and_exp></or_exp>
</condition>

<Node id="130" bw="16" op_0_bw="16" op_1_bw="16">
<![CDATA[
:71  %tmp_9_2_3 = add i16 %tmp5, %tmp6

]]></Node>
<StgValue><ssdm name="tmp_9_2_3"/></StgValue>
</operation>

<operation id="155" st_id="5" stage="1" lat="1">
<core>DSP48</core>
<MemPortIdVec></MemPortIdVec>
<condition id="0">
<or_exp><and_exp><literal name="tmp" val="0"/>
</and_exp></or_exp>
</condition>

<Node id="135" bw="16" op_0_bw="16" op_1_bw="16">
<![CDATA[
:76  %tmp_8_3_1 = mul i16 %tmp_4, %Matrix_B_1_load_3

]]></Node>
<StgValue><ssdm name="tmp_8_3_1"/></StgValue>
</operation>

<operation id="156" st_id="5" stage="1" lat="1">
<core>DSP48</core>
<MemPortIdVec></MemPortIdVec>
<condition id="0">
<or_exp><and_exp><literal name="tmp" val="0"/>
</and_exp></or_exp>
</condition>

<Node id="137" bw="16" op_0_bw="16" op_1_bw="16">
<![CDATA[
:78  %tmp_8_3_2 = mul i16 %tmp_5, %Matrix_B_2_load_3

]]></Node>
<StgValue><ssdm name="tmp_8_3_2"/></StgValue>
</operation>

<operation id="157" st_id="5" stage="1" lat="1">
<core>DSP48</core>
<MemPortIdVec></MemPortIdVec>
<condition id="0">
<or_exp><and_exp><literal name="tmp" val="0"/>
</and_exp></or_exp>
</condition>

<Node id="140" bw="16" op_0_bw="16" op_1_bw="16">
<![CDATA[
:81  %tmp7 = add i16 %tmp_8_3, %tmp_8_3_1

]]></Node>
<StgValue><ssdm name="tmp7"/></StgValue>
</operation>

<operation id="158" st_id="5" stage="1" lat="1">
<core>DSP48</core>
<MemPortIdVec></MemPortIdVec>
<condition id="0">
<or_exp><and_exp><literal name="tmp" val="0"/>
</and_exp></or_exp>
</condition>

<Node id="141" bw="16" op_0_bw="16" op_1_bw="16">
<![CDATA[
:82  %tmp8 = add i16 %tmp_8_3_3, %tmp_8_3_2

]]></Node>
<StgValue><ssdm name="tmp8"/></StgValue>
</operation>

<operation id="159" st_id="5" stage="1" lat="1">
<core>AddSub</core>
<MemPortIdVec></MemPortIdVec>
<condition id="0">
<or_exp><and_exp><literal name="tmp" val="0"/>
</and_exp></or_exp>
</condition>

<Node id="142" bw="16" op_0_bw="16" op_1_bw="16">
<![CDATA[
:83  %tmp_9_3_3 = add i16 %tmp7, %tmp8

]]></Node>
<StgValue><ssdm name="tmp_9_3_3"/></StgValue>
</operation>
</state>

<state id="6" st_id="6">

<operation id="160" st_id="6" stage="1" lat="1">
<core>NULL</core>
<MemPortIdVec></MemPortIdVec>
<condition id="0">
<or_exp><and_exp><literal name="tmp" val="0"/>
</and_exp></or_exp>
</condition>

<Node id="59" bw="32" op_0_bw="32" op_1_bw="64" op_2_bw="64" op_3_bw="64">
<![CDATA[
:0  %empty = call i32 (...)* @_ssdm_op_SpecLoopTripCount(i64 4, i64 4, i64 4) nounwind

]]></Node>
<StgValue><ssdm name="empty"/></StgValue>
</operation>

<operation id="161" st_id="6" stage="1" lat="1">
<core>NULL</core>
<MemPortIdVec></MemPortIdVec>
<condition id="0">
<or_exp><and_exp><literal name="tmp" val="0"/>
</and_exp></or_exp>
</condition>

<Node id="60" bw="0" op_0_bw="0" op_1_bw="0">
<![CDATA[
:1  call void (...)* @_ssdm_op_SpecLoopName([29 x i8]* @p_str2) nounwind

]]></Node>
<StgValue><ssdm name=""/></StgValue>
</operation>

<operation id="162" st_id="6" stage="1" lat="1">
<core>NULL</core>
<MemPortIdVec></MemPortIdVec>
<condition id="0">
<or_exp><and_exp><literal name="tmp" val="0"/>
</and_exp></or_exp>
</condition>

<Node id="61" bw="32" op_0_bw="32" op_1_bw="0">
<![CDATA[
:2  %tmp_2 = call i32 (...)* @_ssdm_op_SpecRegionBegin([29 x i8]* @p_str2) nounwind

]]></Node>
<StgValue><ssdm name="tmp_2"/></StgValue>
</operation>

<operation id="163" st_id="6" stage="1" lat="1">
<core>NULL</core>
<MemPortIdVec></MemPortIdVec>
<condition id="0">
<or_exp><and_exp><literal name="tmp" val="0"/>
</and_exp></or_exp>
</condition>

<Node id="62" bw="0" op_0_bw="0" op_1_bw="32" op_2_bw="32" op_3_bw="32" op_4_bw="32" op_5_bw="0">
<![CDATA[
:3  call void (...)* @_ssdm_op_SpecPipeline(i32 -1, i32 1, i32 1, i32 0, [1 x i8]* @p_str1) nounwind

]]></Node>
<StgValue><ssdm name=""/></StgValue>
</operation>

<operation id="164" st_id="6" stage="1" lat="1">
<core>NULL</core>
<MemPortIdVec></MemPortIdVec>
<condition id="0">
<or_exp><and_exp><literal name="tmp" val="0"/>
</and_exp></or_exp>
</condition>

<Node id="69" bw="5" op_0_bw="5" op_1_bw="5">
<![CDATA[
:10  %tmp_10 = or i5 %tmp_1, 2

]]></Node>
<StgValue><ssdm name="tmp_10"/></StgValue>
</operation>

<operation id="165" st_id="6" stage="1" lat="1">
<core>NULL</core>
<MemPortIdVec></MemPortIdVec>
<condition id="0">
<or_exp><and_exp><literal name="tmp" val="0"/>
</and_exp></or_exp>
</condition>

<Node id="70" bw="32" op_0_bw="32" op_1_bw="27" op_2_bw="5">
<![CDATA[
:11  %tmp_11 = call i32 @_ssdm_op_BitConcatenate.i32.i27.i5(i27 0, i5 %tmp_10)

]]></Node>
<StgValue><ssdm name="tmp_11"/></StgValue>
</operation>

<operation id="166" st_id="6" stage="1" lat="1">
<core>NULL</core>
<MemPortIdVec></MemPortIdVec>
<condition id="0">
<or_exp><and_exp><literal name="tmp" val="0"/>
</and_exp></or_exp>
</condition>

<Node id="71" bw="4" op_0_bw="16" op_1_bw="32" op_2_bw="32">
<![CDATA[
:12  %Matrix_C_addr_2 = getelementptr [16 x i16]* %Matrix_C, i32 0, i32 %tmp_11

]]></Node>
<StgValue><ssdm name="Matrix_C_addr_2"/></StgValue>
</operation>

<operation id="167" st_id="6" stage="1" lat="1">
<core>NULL</core>
<MemPortIdVec></MemPortIdVec>
<condition id="0">
<or_exp><and_exp><literal name="tmp" val="0"/>
</and_exp></or_exp>
</condition>

<Node id="72" bw="5" op_0_bw="5" op_1_bw="5">
<![CDATA[
:13  %tmp_12 = or i5 %tmp_1, 3

]]></Node>
<StgValue><ssdm name="tmp_12"/></StgValue>
</operation>

<operation id="168" st_id="6" stage="1" lat="1">
<core>NULL</core>
<MemPortIdVec></MemPortIdVec>
<condition id="0">
<or_exp><and_exp><literal name="tmp" val="0"/>
</and_exp></or_exp>
</condition>

<Node id="73" bw="32" op_0_bw="32" op_1_bw="27" op_2_bw="5">
<![CDATA[
:14  %tmp_13 = call i32 @_ssdm_op_BitConcatenate.i32.i27.i5(i27 0, i5 %tmp_12)

]]></Node>
<StgValue><ssdm name="tmp_13"/></StgValue>
</operation>

<operation id="169" st_id="6" stage="1" lat="1">
<core>NULL</core>
<MemPortIdVec></MemPortIdVec>
<condition id="0">
<or_exp><and_exp><literal name="tmp" val="0"/>
</and_exp></or_exp>
</condition>

<Node id="74" bw="4" op_0_bw="16" op_1_bw="32" op_2_bw="32">
<![CDATA[
:15  %Matrix_C_addr_3 = getelementptr [16 x i16]* %Matrix_C, i32 0, i32 %tmp_13

]]></Node>
<StgValue><ssdm name="Matrix_C_addr_3"/></StgValue>
</operation>

<operation id="170" st_id="6" stage="1" lat="1">
<core>RAM</core>
<MemPortIdVec></MemPortIdVec>
<condition id="0">
<or_exp><and_exp><literal name="tmp" val="0"/>
</and_exp></or_exp>
</condition>

<Node id="131" bw="0" op_0_bw="16" op_1_bw="4">
<![CDATA[
:72  store i16 %tmp_9_2_3, i16* %Matrix_C_addr_2, align 2

]]></Node>
<StgValue><ssdm name=""/></StgValue>
</operation>

<operation id="171" st_id="6" stage="1" lat="1">
<core>RAM</core>
<MemPortIdVec></MemPortIdVec>
<condition id="0">
<or_exp><and_exp><literal name="tmp" val="0"/>
</and_exp></or_exp>
</condition>

<Node id="143" bw="0" op_0_bw="16" op_1_bw="4">
<![CDATA[
:84  store i16 %tmp_9_3_3, i16* %Matrix_C_addr_3, align 2

]]></Node>
<StgValue><ssdm name=""/></StgValue>
</operation>

<operation id="172" st_id="6" stage="1" lat="1">
<core>NULL</core>
<MemPortIdVec></MemPortIdVec>
<condition id="0">
<or_exp><and_exp><literal name="tmp" val="0"/>
</and_exp></or_exp>
</condition>

<Node id="144" bw="32" op_0_bw="32" op_1_bw="0" op_2_bw="32">
<![CDATA[
:85  %empty_8 = call i32 (...)* @_ssdm_op_SpecRegionEnd([29 x i8]* @p_str2, i32 %tmp_2) nounwind

]]></Node>
<StgValue><ssdm name="empty_8"/></StgValue>
</operation>

<operation id="173" st_id="6" stage="1" lat="1">
<core>NULL</core>
<MemPortIdVec></MemPortIdVec>
<condition id="0">
<or_exp><and_exp><literal name="tmp" val="0"/>
</and_exp></or_exp>
</condition>

<Node id="145" bw="0" op_0_bw="0">
<![CDATA[
:86  br label %1

]]></Node>
<StgValue><ssdm name=""/></StgValue>
</operation>
</state>

<state id="7" st_id="7">

<operation id="174" st_id="7" stage="1" lat="1">
<core>NULL</core>
<MemPortIdVec></MemPortIdVec>
<condition id="12">
<or_exp><and_exp></and_exp></or_exp>
</condition>

<Node id="147" bw="0">
<![CDATA[
:0  ret void

]]></Node>
<StgValue><ssdm name=""/></StgValue>
</operation>
</state>
</state_list>


<ports>
</ports>


<dataflows>
</dataflows>


</stg>
