<profile>

<section name = "Vivado HLS Report for 'Matrix_multiplication'" level="0">
<item name = "Date">Sat Oct 21 00:39:29 2017
</item>
<item name = "Version">2017.2 (Build 1909853 on Thu Jun 15 18:55:24 MDT 2017)</item>
<item name = "Project">ELEC522_project3</item>
<item name = "Solution">solution5</item>
<item name = "Product family">zynq</item>
<item name = "Target device">xc7z020clg484-1</item>
</section>

<section name = "Performance Estimates" level="0">
<item name = "Timing (ns)">
<section name = "" level="1">
<item name = "Target clock period (ns)">10.00</item>
<item name = "Clock uncertainty (ns)">1.25</item>
<item name = "Estimated clock period (ns)">11.09</item>
</section>
</item>
<item name = "Latency (clock cycles)">
<section name = "" level="1">
<item name = "Summary"><table name="" hasTotal="0">
<keys size="6">, min, max, min, max, Type</keys>
<column name="">36, 36, 37, 37, none</column>
</table>
</item>
<item name = "Detail">
<section name = "" level="1">
<item name = "Instance"><table name="" hasTotal="0">
<keys size="7">Instance, Module, min, max, min, max, Type</keys>
</table>
</item>
<item name = "Loop"><table name="" hasTotal="0">
<keys size="8">Loop Name, min, max, Latency, achieved, target, Count, Pipelined</keys>
<column name="- Loop 1">34, 34, 5, 2, 1, 16, yes</column>
</table>
</item>
</section>
</item>
</section>
</item>
</section>

<section name = "Utilization Estimates" level="0">
<item name = "Summary"><table name="" hasTotal="1">
<keys size="5">Name, BRAM_18K, DSP48E, FF, LUT</keys>
<column name="DSP">-, 4, -, -</column>
<column name="Expression">-, -, 1740, 2283</column>
<column name="FIFO">-, -, -, -</column>
<column name="Instance">-, -, -, -</column>
<column name="Memory">-, -, -, -</column>
<column name="Multiplexer">-, -, -, 189</column>
<column name="Register">-, -, 454, -</column>
<specialColumn name="Available">280, 220, 106400, 53200</specialColumn>
<specialColumn name="Utilization (%)">0, 1, 2, 4</specialColumn>
</table>
</item>
<item name = "Detail">
<section name = "" level="1">
<item name = "Instance"><table name="" hasTotal="1">
<keys size="6">Instance, Module, BRAM_18K, DSP48E, FF, LUT</keys>
</table>
</item>
<item name = "DSP48"><table name="" hasTotal="0">
<keys size="3">Instance, Module, Expression</keys>
<column name="Matrix_multiplicabkb_U0">Matrix_multiplicabkb, i0 * i1</column>
<column name="Matrix_multiplicabkb_U1">Matrix_multiplicabkb, i0 * i1</column>
<column name="Matrix_multiplicacud_U2">Matrix_multiplicacud, i0 + i1 * i2</column>
<column name="Matrix_multiplicacud_U3">Matrix_multiplicacud, i0 + i1 * i2</column>
</table>
</item>
<item name = "Memory"><table name="" hasTotal="1">
<keys size="9">Memory, Module, BRAM_18K, FF, LUT, Words, Bits, Banks, W*Bits*Banks</keys>
</table>
</item>
<item name = "FIFO"><table name="" hasTotal="1">
<keys size="7">Name, BRAM_18K, FF, LUT, Depth, Bits, Size:D*B</keys>
</table>
</item>
<item name = "Expression"><table name="" hasTotal="1">
<keys size="7">Variable Name, Operation, DSP48E, FF, LUT, Bitwidth P0, Bitwidth P1</keys>
<column name="Matrix_C_d0">+, 0, 53, 21, 16, 16</column>
<column name="i_1_fu_194_p2">+, 0, 14, 9, 1, 3</column>
<column name="indvar_flatten_next_fu_188_p2">+, 0, 20, 10, 5, 1</column>
<column name="j_1_fu_395_p2">+, 0, 14, 9, 1, 3</column>
<column name="tmp_1_fu_672_p2">+, 0, 23, 11, 6, 6</column>
<column name="tmp_15_fu_261_p2">-, 0, 26, 12, 7, 7</column>
<column name="tmp_17_fu_273_p2">-, 0, 26, 12, 7, 7</column>
<column name="tmp_21_fu_303_p2">-, 0, 26, 12, 6, 7</column>
<column name="tmp_32_fu_438_p2">-, 0, 26, 12, 7, 7</column>
<column name="tmp_34_fu_450_p2">-, 0, 26, 12, 7, 7</column>
<column name="tmp_38_fu_480_p2">-, 0, 26, 12, 6, 7</column>
<column name="tmp_49_fu_512_p2">-, 0, 26, 12, 7, 7</column>
<column name="tmp_51_fu_524_p2">-, 0, 26, 12, 7, 7</column>
<column name="tmp_55_fu_554_p2">-, 0, 26, 12, 6, 7</column>
<column name="tmp_66_fu_337_p2">-, 0, 26, 12, 7, 7</column>
<column name="tmp_68_fu_349_p2">-, 0, 26, 12, 7, 7</column>
<column name="tmp_72_fu_379_p2">-, 0, 26, 12, 6, 7</column>
<column name="tmp_26_fu_413_p2">and, 0, 0, 64, 64, 64</column>
<column name="tmp_43_fu_611_p2">and, 0, 0, 64, 64, 64</column>
<column name="tmp_60_fu_639_p2">and, 0, 0, 64, 64, 64</column>
<column name="tmp_77_fu_579_p2">and, 0, 0, 64, 64, 64</column>
<column name="exitcond_flatten_fu_182_p2">icmp, 0, 0, 3, 5, 6</column>
<column name="grp_fu_174_p2">icmp, 0, 0, 3, 6, 6</column>
<column name="grp_fu_178_p2">icmp, 0, 0, 3, 6, 6</column>
<column name="tmp_s_fu_200_p2">icmp, 0, 0, 2, 3, 4</column>
<column name="tmp_24_fu_313_p2">lshr, 0, 163, 182, 64, 64</column>
<column name="tmp_25_fu_407_p2">lshr, 0, 163, 182, 2, 64</column>
<column name="tmp_41_fu_490_p2">lshr, 0, 163, 182, 64, 64</column>
<column name="tmp_42_fu_605_p2">lshr, 0, 163, 182, 2, 64</column>
<column name="tmp_58_fu_564_p2">lshr, 0, 163, 182, 64, 64</column>
<column name="tmp_59_fu_633_p2">lshr, 0, 163, 182, 2, 64</column>
<column name="tmp_75_fu_389_p2">lshr, 0, 163, 182, 64, 64</column>
<column name="tmp_76_fu_573_p2">lshr, 0, 163, 182, 2, 64</column>
<column name="tmp_9_fu_235_p2">or, 0, 0, 6, 6, 4</column>
<column name="j_mid2_fu_206_p3">select, 0, 0, 3, 1, 1</column>
<column name="tmp_18_fu_279_p3">select, 0, 0, 7, 1, 7</column>
<column name="tmp_19_fu_287_p3">select, 0, 0, 64, 1, 64</column>
<column name="tmp_1_mid2_v_fu_214_p3">select, 0, 0, 3, 1, 3</column>
<column name="tmp_20_fu_295_p3">select, 0, 0, 7, 1, 7</column>
<column name="tmp_35_fu_456_p3">select, 0, 0, 7, 1, 7</column>
<column name="tmp_36_fu_464_p3">select, 0, 0, 64, 1, 64</column>
<column name="tmp_37_fu_472_p3">select, 0, 0, 7, 1, 7</column>
<column name="tmp_52_fu_530_p3">select, 0, 0, 7, 1, 7</column>
<column name="tmp_53_fu_538_p3">select, 0, 0, 64, 1, 64</column>
<column name="tmp_54_fu_546_p3">select, 0, 0, 7, 1, 7</column>
<column name="tmp_69_fu_355_p3">select, 0, 0, 7, 1, 7</column>
<column name="tmp_70_fu_363_p3">select, 0, 0, 64, 1, 64</column>
<column name="tmp_71_fu_371_p3">select, 0, 0, 7, 1, 7</column>
<column name="ap_enable_pp0">xor, 0, 0, 2, 1, 2</column>
<column name="ap_enable_reg_pp0_iter1">xor, 0, 0, 2, 1, 2</column>
<column name="tmp_16_fu_267_p2">xor, 0, 0, 7, 7, 6</column>
<column name="tmp_33_fu_444_p2">xor, 0, 0, 7, 7, 6</column>
<column name="tmp_50_fu_518_p2">xor, 0, 0, 7, 7, 6</column>
<column name="tmp_67_fu_343_p2">xor, 0, 0, 7, 7, 6</column>
</table>
</item>
<item name = "Multiplexer"><table name="" hasTotal="1">
<keys size="5">Name, LUT, Input Size, Bits, Total Bits</keys>
<column name="Matrix_B_address0">15, 3, 2, 6</column>
<column name="Matrix_B_address1">15, 3, 2, 6</column>
<column name="ap_NS_fsm">27, 5, 1, 5</column>
<column name="ap_enable_reg_pp0_iter1">9, 2, 1, 2</column>
<column name="ap_enable_reg_pp0_iter2">9, 2, 1, 2</column>
<column name="grp_fu_174_p0">15, 3, 6, 18</column>
<column name="grp_fu_174_p1">15, 3, 6, 18</column>
<column name="grp_fu_178_p0">15, 3, 6, 18</column>
<column name="grp_fu_178_p1">15, 3, 6, 18</column>
<column name="i_phi_fu_156_p4">9, 2, 3, 6</column>
<column name="i_reg_152">9, 2, 3, 6</column>
<column name="indvar_flatten_phi_fu_145_p4">9, 2, 5, 10</column>
<column name="indvar_flatten_reg_141">9, 2, 5, 10</column>
<column name="j_phi_fu_167_p4">9, 2, 3, 6</column>
<column name="j_reg_163">9, 2, 3, 6</column>
</table>
</item>
<item name = "Register"><table name="" hasTotal="1">
<keys size="5">Name, FF, LUT, Bits, Const Bits</keys>
<column name="ap_CS_fsm">4, 0, 4, 0</column>
<column name="ap_enable_reg_pp0_iter0">1, 0, 1, 0</column>
<column name="ap_enable_reg_pp0_iter1">1, 0, 1, 0</column>
<column name="ap_enable_reg_pp0_iter2">1, 0, 1, 0</column>
<column name="ap_reg_pp0_iter1_exitcond_flatten_reg_730">1, 0, 1, 0</column>
<column name="ap_reg_pp0_iter1_j_mid2_reg_739">3, 0, 3, 0</column>
<column name="ap_reg_pp0_iter1_tmp_1_mid2_v_reg_745">3, 0, 3, 0</column>
<column name="exitcond_flatten_reg_730">1, 0, 1, 0</column>
<column name="i_reg_152">3, 0, 3, 0</column>
<column name="indvar_flatten_next_reg_734">5, 0, 5, 0</column>
<column name="indvar_flatten_reg_141">5, 0, 5, 0</column>
<column name="j_1_reg_793">3, 0, 3, 0</column>
<column name="j_mid2_reg_739">3, 0, 3, 0</column>
<column name="j_reg_163">3, 0, 3, 0</column>
<column name="tmp_11_reg_848">16, 0, 16, 0</column>
<column name="tmp_1_mid2_v_reg_745">3, 0, 3, 0</column>
<column name="tmp_21_reg_773">6, 0, 7, 1</column>
<column name="tmp_24_reg_778">64, 0, 64, 0</column>
<column name="tmp_27_reg_803">16, 0, 16, 0</column>
<column name="tmp_38_reg_808">6, 0, 7, 1</column>
<column name="tmp_41_reg_813">64, 0, 64, 0</column>
<column name="tmp_44_reg_843">16, 0, 16, 0</column>
<column name="tmp_4_reg_752">2, 0, 2, 0</column>
<column name="tmp_55_reg_818">6, 0, 7, 1</column>
<column name="tmp_58_reg_823">64, 0, 64, 0</column>
<column name="tmp_61_reg_853">16, 0, 16, 0</column>
<column name="tmp_6_reg_833">16, 0, 16, 0</column>
<column name="tmp_72_reg_783">6, 0, 7, 1</column>
<column name="tmp_75_reg_788">64, 0, 64, 0</column>
<column name="tmp_78_reg_828">16, 0, 16, 0</column>
<column name="tmp_7_reg_838">16, 0, 16, 0</column>
<column name="tmp_8_3_reg_858">16, 0, 16, 0</column>
<column name="tmp_8_reg_757">2, 0, 6, 4</column>
<column name="tmp_9_reg_765">2, 0, 6, 4</column>
</table>
</item>
</section>
</item>
</section>

<section name = "Interface" level="0">
<item name = "Summary"><table name="" hasTotal="0">
<keys size="6">RTL Ports, Dir, Bits, Protocol, Source Object, C Type</keys>
<column name="ap_clk">in, 1, ap_ctrl_hs, Matrix_multiplication, return value</column>
<column name="ap_rst">in, 1, ap_ctrl_hs, Matrix_multiplication, return value</column>
<column name="ap_start">in, 1, ap_ctrl_hs, Matrix_multiplication, return value</column>
<column name="ap_done">out, 1, ap_ctrl_hs, Matrix_multiplication, return value</column>
<column name="ap_idle">out, 1, ap_ctrl_hs, Matrix_multiplication, return value</column>
<column name="ap_ready">out, 1, ap_ctrl_hs, Matrix_multiplication, return value</column>
<column name="Matrix_A_address0">out, 2, ap_memory, Matrix_A, array</column>
<column name="Matrix_A_ce0">out, 1, ap_memory, Matrix_A, array</column>
<column name="Matrix_A_q0">in, 64, ap_memory, Matrix_A, array</column>
<column name="Matrix_B_address0">out, 2, ap_memory, Matrix_B, array</column>
<column name="Matrix_B_ce0">out, 1, ap_memory, Matrix_B, array</column>
<column name="Matrix_B_q0">in, 64, ap_memory, Matrix_B, array</column>
<column name="Matrix_B_address1">out, 2, ap_memory, Matrix_B, array</column>
<column name="Matrix_B_ce1">out, 1, ap_memory, Matrix_B, array</column>
<column name="Matrix_B_q1">in, 64, ap_memory, Matrix_B, array</column>
<column name="Matrix_C_address0">out, 4, ap_memory, Matrix_C, array</column>
<column name="Matrix_C_ce0">out, 1, ap_memory, Matrix_C, array</column>
<column name="Matrix_C_we0">out, 1, ap_memory, Matrix_C, array</column>
<column name="Matrix_C_d0">out, 16, ap_memory, Matrix_C, array</column>
</table>
</item>
</section>

<section name = "Critical Path" level="0">
<item name = "Max Delay">11.09</item>
<item name = "Critical Path Table"><table name="Critical Path Table" hasTotal="0">
<keys size="15">Name, Operator, Delay, Accumulated Delay, Store Source, Resource, Core, Interface, Type, Port, Array, Scope, Pointer, Callee, Phi Node</keys>
<column name="'tmp_8_1', ELEC522_project3/M_NULT.cpp:22">mul, 3.36, 3.36, -, -, -, -, -, -, -, -, -, -, -</column>
<column name="'tmp1', ELEC522_project3/M_NULT.cpp:22">add, 3.02, 6.38, -, -, -, -, -, -, -, -, -, -, -</column>
<column name="'tmp_9_3', ELEC522_project3/M_NULT.cpp:22">add, 2.39, 8.77, -, -, -, -, -, -, -, -, -, -, -</column>
<column name="ELEC522_project3/M_NULT.cpp:22">store, 2.32, 11.09, &apos;tmp_9_3&apos;, ELEC522_project3/M_NULT.cpp:22, -, -, -, -, -, &apos;Matrix_C&apos;, -, -, -, -</column>
</table>
</item>
</section>
</profile>
