<stg><name>Matrix_multiplication</name>


<trans_list>

<trans id="135" from="1" to="2">
<condition id="65">
<or_exp><and_exp></and_exp></or_exp>
</condition>
</trans>

<trans id="148" from="2" to="7">
<condition id="75">
<or_exp><and_exp><literal name="exitcond_flatten" val="1"/>
</and_exp></or_exp>
</condition>
</trans>

<trans id="149" from="2" to="3">
<condition id="80">
<or_exp><and_exp><literal name="exitcond_flatten" val="0"/>
</and_exp></or_exp>
</condition>
</trans>

<trans id="144" from="3" to="4">
<condition id="76">
<or_exp><and_exp></and_exp></or_exp>
</condition>
</trans>

<trans id="145" from="4" to="5">
<condition id="77">
<or_exp><and_exp></and_exp></or_exp>
</condition>
</trans>

<trans id="146" from="5" to="6">
<condition id="78">
<or_exp><and_exp></and_exp></or_exp>
</condition>
</trans>

<trans id="147" from="6" to="2">
<condition id="79">
<or_exp><and_exp></and_exp></or_exp>
</condition>
</trans>
</trans_list>



<state_list>

<state id="1" st_id="1">

<operation id="8" st_id="1" stage="1" lat="1">
<core>NULL</core>
<MemPortIdVec></MemPortIdVec>
<condition id="62">
<or_exp><and_exp></and_exp></or_exp>
</condition>

<Node id="4" bw="0" op_0_bw="0" op_1_bw="64">
<![CDATA[
:0  call void (...)* @_ssdm_op_SpecBitsMap([4 x i64]* %Matrix_B), !map !7

]]></Node>
<StgValue><ssdm name=""/></StgValue>
</operation>

<operation id="9" st_id="1" stage="1" lat="1">
<core>NULL</core>
<MemPortIdVec></MemPortIdVec>
<condition id="62">
<or_exp><and_exp></and_exp></or_exp>
</condition>

<Node id="5" bw="0" op_0_bw="0" op_1_bw="64">
<![CDATA[
:1  call void (...)* @_ssdm_op_SpecBitsMap([4 x i64]* %Matrix_A), !map !29

]]></Node>
<StgValue><ssdm name=""/></StgValue>
</operation>

<operation id="10" st_id="1" stage="1" lat="1">
<core>NULL</core>
<MemPortIdVec></MemPortIdVec>
<condition id="62">
<or_exp><and_exp></and_exp></or_exp>
</condition>

<Node id="6" bw="0" op_0_bw="0" op_1_bw="16">
<![CDATA[
:2  call void (...)* @_ssdm_op_SpecBitsMap([16 x i16]* %Matrix_C), !map !42

]]></Node>
<StgValue><ssdm name=""/></StgValue>
</operation>

<operation id="11" st_id="1" stage="1" lat="1">
<core>NULL</core>
<MemPortIdVec></MemPortIdVec>
<condition id="62">
<or_exp><and_exp></and_exp></or_exp>
</condition>

<Node id="7" bw="0" op_0_bw="0" op_1_bw="0">
<![CDATA[
:3  call void (...)* @_ssdm_op_SpecTopModule([22 x i8]* @Matrix_multiplicatio) nounwind

]]></Node>
<StgValue><ssdm name=""/></StgValue>
</operation>

<operation id="12" st_id="1" stage="1" lat="1">
<core>NULL</core>
<MemPortIdVec></MemPortIdVec>
<condition id="62">
<or_exp><and_exp></and_exp></or_exp>
</condition>

<Node id="8" bw="2" op_0_bw="64" op_1_bw="32" op_2_bw="32">
<![CDATA[
:4  %Matrix_B_addr = getelementptr [4 x i64]* %Matrix_B, i32 0, i32 0

]]></Node>
<StgValue><ssdm name="Matrix_B_addr"/></StgValue>
</operation>

<operation id="13" st_id="1" stage="1" lat="1">
<core>NULL</core>
<MemPortIdVec></MemPortIdVec>
<condition id="62">
<or_exp><and_exp></and_exp></or_exp>
</condition>

<Node id="9" bw="2" op_0_bw="64" op_1_bw="32" op_2_bw="32">
<![CDATA[
:5  %Matrix_B_addr_1 = getelementptr [4 x i64]* %Matrix_B, i32 0, i32 1

]]></Node>
<StgValue><ssdm name="Matrix_B_addr_1"/></StgValue>
</operation>

<operation id="14" st_id="1" stage="1" lat="1">
<core>NULL</core>
<MemPortIdVec></MemPortIdVec>
<condition id="62">
<or_exp><and_exp></and_exp></or_exp>
</condition>

<Node id="10" bw="2" op_0_bw="64" op_1_bw="32" op_2_bw="32">
<![CDATA[
:6  %Matrix_B_addr_2 = getelementptr [4 x i64]* %Matrix_B, i32 0, i32 2

]]></Node>
<StgValue><ssdm name="Matrix_B_addr_2"/></StgValue>
</operation>

<operation id="15" st_id="1" stage="1" lat="1">
<core>NULL</core>
<MemPortIdVec></MemPortIdVec>
<condition id="62">
<or_exp><and_exp></and_exp></or_exp>
</condition>

<Node id="11" bw="2" op_0_bw="64" op_1_bw="32" op_2_bw="32">
<![CDATA[
:7  %Matrix_B_addr_3 = getelementptr [4 x i64]* %Matrix_B, i32 0, i32 3

]]></Node>
<StgValue><ssdm name="Matrix_B_addr_3"/></StgValue>
</operation>

<operation id="16" st_id="1" stage="1" lat="1">
<core>NULL</core>
<MemPortIdVec></MemPortIdVec>
<condition id="62">
<or_exp><and_exp></and_exp></or_exp>
</condition>

<Node id="12" bw="0" op_0_bw="0">
<![CDATA[
:8  br label %.preheader

]]></Node>
<StgValue><ssdm name=""/></StgValue>
</operation>
</state>

<state id="2" st_id="2">

<operation id="17" st_id="2" stage="1" lat="1">
<core>NULL</core>
<MemPortIdVec></MemPortIdVec>
<condition id="-1">
<or_exp><and_exp></and_exp></or_exp>
</condition>

<Node id="14" bw="5" op_0_bw="5" op_1_bw="0">
<![CDATA[
.preheader:0  %indvar_flatten = phi i5 [ 0, %0 ], [ %indvar_flatten_next, %.preheader.preheader ]

]]></Node>
<StgValue><ssdm name="indvar_flatten"/></StgValue>
</operation>

<operation id="18" st_id="2" stage="1" lat="1">
<core>NULL</core>
<MemPortIdVec></MemPortIdVec>
<condition id="-1">
<or_exp><and_exp></and_exp></or_exp>
</condition>

<Node id="15" bw="3" op_0_bw="3" op_1_bw="0">
<![CDATA[
.preheader:1  %i = phi i3 [ 0, %0 ], [ %tmp_1_mid2_v, %.preheader.preheader ]

]]></Node>
<StgValue><ssdm name="i"/></StgValue>
</operation>

<operation id="19" st_id="2" stage="1" lat="1">
<core>NULL</core>
<MemPortIdVec></MemPortIdVec>
<condition id="-1">
<or_exp><and_exp></and_exp></or_exp>
</condition>

<Node id="16" bw="3" op_0_bw="3" op_1_bw="0">
<![CDATA[
.preheader:2  %j = phi i3 [ 0, %0 ], [ %j_1, %.preheader.preheader ]

]]></Node>
<StgValue><ssdm name="j"/></StgValue>
</operation>

<operation id="20" st_id="2" stage="1" lat="1">
<core>Cmp</core>
<MemPortIdVec></MemPortIdVec>
<condition id="-1">
<or_exp><and_exp></and_exp></or_exp>
</condition>

<Node id="17" bw="1" op_0_bw="5" op_1_bw="5">
<![CDATA[
.preheader:3  %exitcond_flatten = icmp eq i5 %indvar_flatten, -16

]]></Node>
<StgValue><ssdm name="exitcond_flatten"/></StgValue>
</operation>

<operation id="21" st_id="2" stage="1" lat="1">
<core>AddSub</core>
<MemPortIdVec></MemPortIdVec>
<condition id="-1">
<or_exp><and_exp></and_exp></or_exp>
</condition>

<Node id="18" bw="5" op_0_bw="5" op_1_bw="5">
<![CDATA[
.preheader:4  %indvar_flatten_next = add i5 %indvar_flatten, 1

]]></Node>
<StgValue><ssdm name="indvar_flatten_next"/></StgValue>
</operation>

<operation id="22" st_id="2" stage="1" lat="1">
<core>NULL</core>
<MemPortIdVec></MemPortIdVec>
<condition id="-1">
<or_exp><and_exp></and_exp></or_exp>
</condition>

<Node id="19" bw="0" op_0_bw="1" op_1_bw="0" op_2_bw="0">
<![CDATA[
.preheader:5  br i1 %exitcond_flatten, label %1, label %.preheader.preheader

]]></Node>
<StgValue><ssdm name=""/></StgValue>
</operation>

<operation id="23" st_id="2" stage="1" lat="1">
<core>AddSub</core>
<MemPortIdVec></MemPortIdVec>
<condition id="0">
<or_exp><and_exp><literal name="exitcond_flatten" val="0"/>
</and_exp></or_exp>
</condition>

<Node id="21" bw="3" op_0_bw="3" op_1_bw="3">
<![CDATA[
.preheader.preheader:0  %i_1 = add i3 1, %i

]]></Node>
<StgValue><ssdm name="i_1"/></StgValue>
</operation>

<operation id="24" st_id="2" stage="1" lat="1">
<core>Cmp</core>
<MemPortIdVec></MemPortIdVec>
<condition id="0">
<or_exp><and_exp><literal name="exitcond_flatten" val="0"/>
</and_exp></or_exp>
</condition>

<Node id="23" bw="1" op_0_bw="3" op_1_bw="3">
<![CDATA[
.preheader.preheader:2  %tmp_s = icmp eq i3 %j, -4

]]></Node>
<StgValue><ssdm name="tmp_s"/></StgValue>
</operation>

<operation id="25" st_id="2" stage="1" lat="1">
<core>Sel</core>
<MemPortIdVec></MemPortIdVec>
<condition id="0">
<or_exp><and_exp><literal name="exitcond_flatten" val="0"/>
</and_exp></or_exp>
</condition>

<Node id="24" bw="3" op_0_bw="1" op_1_bw="3" op_2_bw="3">
<![CDATA[
.preheader.preheader:3  %j_mid2 = select i1 %tmp_s, i3 0, i3 %j

]]></Node>
<StgValue><ssdm name="j_mid2"/></StgValue>
</operation>

<operation id="26" st_id="2" stage="1" lat="1">
<core>Sel</core>
<MemPortIdVec></MemPortIdVec>
<condition id="0">
<or_exp><and_exp><literal name="exitcond_flatten" val="0"/>
</and_exp></or_exp>
</condition>

<Node id="25" bw="3" op_0_bw="1" op_1_bw="3" op_2_bw="3">
<![CDATA[
.preheader.preheader:4  %tmp_1_mid2_v = select i1 %tmp_s, i3 %i_1, i3 %i

]]></Node>
<StgValue><ssdm name="tmp_1_mid2_v"/></StgValue>
</operation>

<operation id="27" st_id="2" stage="2" lat="2">
<core>RAM</core>
<MemPortIdVec>0 </MemPortIdVec>
<condition id="0">
<or_exp><and_exp><literal name="exitcond_flatten" val="0"/>
</and_exp></or_exp>
</condition>

<Node id="38" bw="64" op_0_bw="2">
<![CDATA[
.preheader.preheader:17  %Matrix_B_load = load i64* %Matrix_B_addr, align 8

]]></Node>
<StgValue><ssdm name="Matrix_B_load"/></StgValue>
</operation>

<operation id="28" st_id="2" stage="1" lat="1">
<core>NULL</core>
<MemPortIdVec></MemPortIdVec>
<condition id="0">
<or_exp><and_exp><literal name="exitcond_flatten" val="0"/>
</and_exp></or_exp>
</condition>

<Node id="39" bw="2" op_0_bw="3">
<![CDATA[
.preheader.preheader:18  %tmp_4 = trunc i3 %j_mid2 to i2

]]></Node>
<StgValue><ssdm name="tmp_4"/></StgValue>
</operation>

<operation id="29" st_id="2" stage="2" lat="2">
<core>RAM</core>
<MemPortIdVec>1 </MemPortIdVec>
<condition id="0">
<or_exp><and_exp><literal name="exitcond_flatten" val="0"/>
</and_exp></or_exp>
</condition>

<Node id="101" bw="64" op_0_bw="2">
<![CDATA[
.preheader.preheader:80  %Matrix_B_load_3 = load i64* %Matrix_B_addr_3, align 8

]]></Node>
<StgValue><ssdm name="Matrix_B_load_3"/></StgValue>
</operation>
</state>

<state id="3" st_id="3">

<operation id="30" st_id="3" stage="1" lat="2">
<core>RAM</core>
<MemPortIdVec>0 </MemPortIdVec>
<condition id="0">
<or_exp><and_exp><literal name="exitcond_flatten" val="0"/>
</and_exp></or_exp>
</condition>

<Node id="38" bw="64" op_0_bw="2">
<![CDATA[
.preheader.preheader:17  %Matrix_B_load = load i64* %Matrix_B_addr, align 8

]]></Node>
<StgValue><ssdm name="Matrix_B_load"/></StgValue>
</operation>

<operation id="31" st_id="3" stage="1" lat="1">
<core>NULL</core>
<MemPortIdVec></MemPortIdVec>
<condition id="0">
<or_exp><and_exp><literal name="exitcond_flatten" val="0"/>
</and_exp></or_exp>
</condition>

<Node id="40" bw="6" op_0_bw="6" op_1_bw="2" op_2_bw="4">
<![CDATA[
.preheader.preheader:19  %tmp_8 = call i6 @_ssdm_op_BitConcatenate.i6.i2.i4(i2 %tmp_4, i4 0)

]]></Node>
<StgValue><ssdm name="tmp_8"/></StgValue>
</operation>

<operation id="32" st_id="3" stage="1" lat="1">
<core>NULL</core>
<MemPortIdVec></MemPortIdVec>
<condition id="0">
<or_exp><and_exp><literal name="exitcond_flatten" val="0"/>
</and_exp></or_exp>
</condition>

<Node id="41" bw="6" op_0_bw="6" op_1_bw="6">
<![CDATA[
.preheader.preheader:20  %tmp_9 = or i6 %tmp_8, 15

]]></Node>
<StgValue><ssdm name="tmp_9"/></StgValue>
</operation>

<operation id="33" st_id="3" stage="1" lat="1">
<core>Cmp</core>
<MemPortIdVec></MemPortIdVec>
<condition id="0">
<or_exp><and_exp><literal name="exitcond_flatten" val="0"/>
</and_exp></or_exp>
</condition>

<Node id="42" bw="1" op_0_bw="6" op_1_bw="6">
<![CDATA[
.preheader.preheader:21  %tmp_5 = icmp ugt i6 %tmp_8, %tmp_9

]]></Node>
<StgValue><ssdm name="tmp_5"/></StgValue>
</operation>

<operation id="34" st_id="3" stage="1" lat="1">
<core>NULL</core>
<MemPortIdVec></MemPortIdVec>
<condition id="0">
<or_exp><and_exp><literal name="exitcond_flatten" val="0"/>
</and_exp></or_exp>
</condition>

<Node id="43" bw="7" op_0_bw="6">
<![CDATA[
.preheader.preheader:22  %tmp_10 = zext i6 %tmp_8 to i7

]]></Node>
<StgValue><ssdm name="tmp_10"/></StgValue>
</operation>

<operation id="35" st_id="3" stage="1" lat="1">
<core>NULL</core>
<MemPortIdVec></MemPortIdVec>
<condition id="0">
<or_exp><and_exp><literal name="exitcond_flatten" val="0"/>
</and_exp></or_exp>
</condition>

<Node id="44" bw="7" op_0_bw="6">
<![CDATA[
.preheader.preheader:23  %tmp_12 = zext i6 %tmp_9 to i7

]]></Node>
<StgValue><ssdm name="tmp_12"/></StgValue>
</operation>

<operation id="36" st_id="3" stage="1" lat="1">
<core>NULL</core>
<MemPortIdVec></MemPortIdVec>
<condition id="0">
<or_exp><and_exp><literal name="exitcond_flatten" val="0"/>
</and_exp></or_exp>
</condition>

<Node id="45" bw="64" op_0_bw="64" op_1_bw="64" op_2_bw="32" op_3_bw="32">
<![CDATA[
.preheader.preheader:24  %tmp_14 = call i64 @llvm.part.select.i64(i64 %Matrix_B_load, i32 63, i32 0)

]]></Node>
<StgValue><ssdm name="tmp_14"/></StgValue>
</operation>

<operation id="37" st_id="3" stage="1" lat="1">
<core>AddSub</core>
<MemPortIdVec></MemPortIdVec>
<condition id="0">
<or_exp><and_exp><literal name="exitcond_flatten" val="0"/>
</and_exp></or_exp>
</condition>

<Node id="46" bw="7" op_0_bw="7" op_1_bw="7">
<![CDATA[
.preheader.preheader:25  %tmp_15 = sub i7 %tmp_10, %tmp_12

]]></Node>
<StgValue><ssdm name="tmp_15"/></StgValue>
</operation>

<operation id="38" st_id="3" stage="1" lat="1">
<core>LogicGate</core>
<MemPortIdVec></MemPortIdVec>
<condition id="0">
<or_exp><and_exp><literal name="exitcond_flatten" val="0"/>
</and_exp></or_exp>
</condition>

<Node id="47" bw="7" op_0_bw="7" op_1_bw="7">
<![CDATA[
.preheader.preheader:26  %tmp_16 = xor i7 %tmp_10, 63

]]></Node>
<StgValue><ssdm name="tmp_16"/></StgValue>
</operation>

<operation id="39" st_id="3" stage="1" lat="1">
<core>AddSub</core>
<MemPortIdVec></MemPortIdVec>
<condition id="0">
<or_exp><and_exp><literal name="exitcond_flatten" val="0"/>
</and_exp></or_exp>
</condition>

<Node id="48" bw="7" op_0_bw="7" op_1_bw="7">
<![CDATA[
.preheader.preheader:27  %tmp_17 = sub i7 %tmp_12, %tmp_10

]]></Node>
<StgValue><ssdm name="tmp_17"/></StgValue>
</operation>

<operation id="40" st_id="3" stage="1" lat="1">
<core>Sel</core>
<MemPortIdVec></MemPortIdVec>
<condition id="0">
<or_exp><and_exp><literal name="exitcond_flatten" val="0"/>
</and_exp></or_exp>
</condition>

<Node id="49" bw="7" op_0_bw="1" op_1_bw="7" op_2_bw="7">
<![CDATA[
.preheader.preheader:28  %tmp_18 = select i1 %tmp_5, i7 %tmp_15, i7 %tmp_17

]]></Node>
<StgValue><ssdm name="tmp_18"/></StgValue>
</operation>

<operation id="41" st_id="3" stage="1" lat="1">
<core>Sel</core>
<MemPortIdVec></MemPortIdVec>
<condition id="0">
<or_exp><and_exp><literal name="exitcond_flatten" val="0"/>
</and_exp></or_exp>
</condition>

<Node id="50" bw="64" op_0_bw="1" op_1_bw="64" op_2_bw="64">
<![CDATA[
.preheader.preheader:29  %tmp_19 = select i1 %tmp_5, i64 %tmp_14, i64 %Matrix_B_load

]]></Node>
<StgValue><ssdm name="tmp_19"/></StgValue>
</operation>

<operation id="42" st_id="3" stage="1" lat="1">
<core>Sel</core>
<MemPortIdVec></MemPortIdVec>
<condition id="0">
<or_exp><and_exp><literal name="exitcond_flatten" val="0"/>
</and_exp></or_exp>
</condition>

<Node id="51" bw="7" op_0_bw="1" op_1_bw="7" op_2_bw="7">
<![CDATA[
.preheader.preheader:30  %tmp_20 = select i1 %tmp_5, i7 %tmp_16, i7 %tmp_10

]]></Node>
<StgValue><ssdm name="tmp_20"/></StgValue>
</operation>

<operation id="43" st_id="3" stage="1" lat="1">
<core>AddSub</core>
<MemPortIdVec></MemPortIdVec>
<condition id="0">
<or_exp><and_exp><literal name="exitcond_flatten" val="0"/>
</and_exp></or_exp>
</condition>

<Node id="52" bw="7" op_0_bw="7" op_1_bw="7">
<![CDATA[
.preheader.preheader:31  %tmp_21 = sub i7 63, %tmp_18

]]></Node>
<StgValue><ssdm name="tmp_21"/></StgValue>
</operation>

<operation id="44" st_id="3" stage="1" lat="1">
<core>NULL</core>
<MemPortIdVec></MemPortIdVec>
<condition id="0">
<or_exp><and_exp><literal name="exitcond_flatten" val="0"/>
</and_exp></or_exp>
</condition>

<Node id="53" bw="64" op_0_bw="7">
<![CDATA[
.preheader.preheader:32  %tmp_22 = zext i7 %tmp_20 to i64

]]></Node>
<StgValue><ssdm name="tmp_22"/></StgValue>
</operation>

<operation id="45" st_id="3" stage="1" lat="1">
<core>Shift</core>
<MemPortIdVec></MemPortIdVec>
<condition id="0">
<or_exp><and_exp><literal name="exitcond_flatten" val="0"/>
</and_exp></or_exp>
</condition>

<Node id="55" bw="64" op_0_bw="64" op_1_bw="64">
<![CDATA[
.preheader.preheader:34  %tmp_24 = lshr i64 %tmp_19, %tmp_22

]]></Node>
<StgValue><ssdm name="tmp_24"/></StgValue>
</operation>

<operation id="46" st_id="3" stage="2" lat="2">
<core>RAM</core>
<MemPortIdVec>0 </MemPortIdVec>
<condition id="0">
<or_exp><and_exp><literal name="exitcond_flatten" val="0"/>
</and_exp></or_exp>
</condition>

<Node id="61" bw="64" op_0_bw="2">
<![CDATA[
.preheader.preheader:40  %Matrix_B_load_1 = load i64* %Matrix_B_addr_1, align 8

]]></Node>
<StgValue><ssdm name="Matrix_B_load_1"/></StgValue>
</operation>

<operation id="47" st_id="3" stage="2" lat="2">
<core>RAM</core>
<MemPortIdVec>1 </MemPortIdVec>
<condition id="0">
<or_exp><and_exp><literal name="exitcond_flatten" val="0"/>
</and_exp></or_exp>
</condition>

<Node id="81" bw="64" op_0_bw="2">
<![CDATA[
.preheader.preheader:60  %Matrix_B_load_2 = load i64* %Matrix_B_addr_2, align 8

]]></Node>
<StgValue><ssdm name="Matrix_B_load_2"/></StgValue>
</operation>

<operation id="48" st_id="3" stage="1" lat="2">
<core>RAM</core>
<MemPortIdVec>1 </MemPortIdVec>
<condition id="0">
<or_exp><and_exp><literal name="exitcond_flatten" val="0"/>
</and_exp></or_exp>
</condition>

<Node id="101" bw="64" op_0_bw="2">
<![CDATA[
.preheader.preheader:80  %Matrix_B_load_3 = load i64* %Matrix_B_addr_3, align 8

]]></Node>
<StgValue><ssdm name="Matrix_B_load_3"/></StgValue>
</operation>

<operation id="49" st_id="3" stage="1" lat="1">
<core>Cmp</core>
<MemPortIdVec></MemPortIdVec>
<condition id="0">
<or_exp><and_exp><literal name="exitcond_flatten" val="0"/>
</and_exp></or_exp>
</condition>

<Node id="102" bw="1" op_0_bw="6" op_1_bw="6">
<![CDATA[
.preheader.preheader:81  %tmp_62 = icmp ugt i6 %tmp_8, %tmp_9

]]></Node>
<StgValue><ssdm name="tmp_62"/></StgValue>
</operation>

<operation id="50" st_id="3" stage="1" lat="1">
<core>NULL</core>
<MemPortIdVec></MemPortIdVec>
<condition id="0">
<or_exp><and_exp><literal name="exitcond_flatten" val="0"/>
</and_exp></or_exp>
</condition>

<Node id="103" bw="7" op_0_bw="6">
<![CDATA[
.preheader.preheader:82  %tmp_63 = zext i6 %tmp_8 to i7

]]></Node>
<StgValue><ssdm name="tmp_63"/></StgValue>
</operation>

<operation id="51" st_id="3" stage="1" lat="1">
<core>NULL</core>
<MemPortIdVec></MemPortIdVec>
<condition id="0">
<or_exp><and_exp><literal name="exitcond_flatten" val="0"/>
</and_exp></or_exp>
</condition>

<Node id="104" bw="7" op_0_bw="6">
<![CDATA[
.preheader.preheader:83  %tmp_64 = zext i6 %tmp_9 to i7

]]></Node>
<StgValue><ssdm name="tmp_64"/></StgValue>
</operation>

<operation id="52" st_id="3" stage="1" lat="1">
<core>NULL</core>
<MemPortIdVec></MemPortIdVec>
<condition id="0">
<or_exp><and_exp><literal name="exitcond_flatten" val="0"/>
</and_exp></or_exp>
</condition>

<Node id="105" bw="64" op_0_bw="64" op_1_bw="64" op_2_bw="32" op_3_bw="32">
<![CDATA[
.preheader.preheader:84  %tmp_65 = call i64 @llvm.part.select.i64(i64 %Matrix_B_load_3, i32 63, i32 0)

]]></Node>
<StgValue><ssdm name="tmp_65"/></StgValue>
</operation>

<operation id="53" st_id="3" stage="1" lat="1">
<core>AddSub</core>
<MemPortIdVec></MemPortIdVec>
<condition id="0">
<or_exp><and_exp><literal name="exitcond_flatten" val="0"/>
</and_exp></or_exp>
</condition>

<Node id="106" bw="7" op_0_bw="7" op_1_bw="7">
<![CDATA[
.preheader.preheader:85  %tmp_66 = sub i7 %tmp_63, %tmp_64

]]></Node>
<StgValue><ssdm name="tmp_66"/></StgValue>
</operation>

<operation id="54" st_id="3" stage="1" lat="1">
<core>LogicGate</core>
<MemPortIdVec></MemPortIdVec>
<condition id="0">
<or_exp><and_exp><literal name="exitcond_flatten" val="0"/>
</and_exp></or_exp>
</condition>

<Node id="107" bw="7" op_0_bw="7" op_1_bw="7">
<![CDATA[
.preheader.preheader:86  %tmp_67 = xor i7 %tmp_63, 63

]]></Node>
<StgValue><ssdm name="tmp_67"/></StgValue>
</operation>

<operation id="55" st_id="3" stage="1" lat="1">
<core>AddSub</core>
<MemPortIdVec></MemPortIdVec>
<condition id="0">
<or_exp><and_exp><literal name="exitcond_flatten" val="0"/>
</and_exp></or_exp>
</condition>

<Node id="108" bw="7" op_0_bw="7" op_1_bw="7">
<![CDATA[
.preheader.preheader:87  %tmp_68 = sub i7 %tmp_64, %tmp_63

]]></Node>
<StgValue><ssdm name="tmp_68"/></StgValue>
</operation>

<operation id="56" st_id="3" stage="1" lat="1">
<core>Sel</core>
<MemPortIdVec></MemPortIdVec>
<condition id="0">
<or_exp><and_exp><literal name="exitcond_flatten" val="0"/>
</and_exp></or_exp>
</condition>

<Node id="109" bw="7" op_0_bw="1" op_1_bw="7" op_2_bw="7">
<![CDATA[
.preheader.preheader:88  %tmp_69 = select i1 %tmp_62, i7 %tmp_66, i7 %tmp_68

]]></Node>
<StgValue><ssdm name="tmp_69"/></StgValue>
</operation>

<operation id="57" st_id="3" stage="1" lat="1">
<core>Sel</core>
<MemPortIdVec></MemPortIdVec>
<condition id="0">
<or_exp><and_exp><literal name="exitcond_flatten" val="0"/>
</and_exp></or_exp>
</condition>

<Node id="110" bw="64" op_0_bw="1" op_1_bw="64" op_2_bw="64">
<![CDATA[
.preheader.preheader:89  %tmp_70 = select i1 %tmp_62, i64 %tmp_65, i64 %Matrix_B_load_3

]]></Node>
<StgValue><ssdm name="tmp_70"/></StgValue>
</operation>

<operation id="58" st_id="3" stage="1" lat="1">
<core>Sel</core>
<MemPortIdVec></MemPortIdVec>
<condition id="0">
<or_exp><and_exp><literal name="exitcond_flatten" val="0"/>
</and_exp></or_exp>
</condition>

<Node id="111" bw="7" op_0_bw="1" op_1_bw="7" op_2_bw="7">
<![CDATA[
.preheader.preheader:90  %tmp_71 = select i1 %tmp_62, i7 %tmp_67, i7 %tmp_63

]]></Node>
<StgValue><ssdm name="tmp_71"/></StgValue>
</operation>

<operation id="59" st_id="3" stage="1" lat="1">
<core>AddSub</core>
<MemPortIdVec></MemPortIdVec>
<condition id="0">
<or_exp><and_exp><literal name="exitcond_flatten" val="0"/>
</and_exp></or_exp>
</condition>

<Node id="112" bw="7" op_0_bw="7" op_1_bw="7">
<![CDATA[
.preheader.preheader:91  %tmp_72 = sub i7 63, %tmp_69

]]></Node>
<StgValue><ssdm name="tmp_72"/></StgValue>
</operation>

<operation id="60" st_id="3" stage="1" lat="1">
<core>NULL</core>
<MemPortIdVec></MemPortIdVec>
<condition id="0">
<or_exp><and_exp><literal name="exitcond_flatten" val="0"/>
</and_exp></or_exp>
</condition>

<Node id="113" bw="64" op_0_bw="7">
<![CDATA[
.preheader.preheader:92  %tmp_73 = zext i7 %tmp_71 to i64

]]></Node>
<StgValue><ssdm name="tmp_73"/></StgValue>
</operation>

<operation id="61" st_id="3" stage="1" lat="1">
<core>Shift</core>
<MemPortIdVec></MemPortIdVec>
<condition id="0">
<or_exp><and_exp><literal name="exitcond_flatten" val="0"/>
</and_exp></or_exp>
</condition>

<Node id="115" bw="64" op_0_bw="64" op_1_bw="64">
<![CDATA[
.preheader.preheader:94  %tmp_75 = lshr i64 %tmp_70, %tmp_73

]]></Node>
<StgValue><ssdm name="tmp_75"/></StgValue>
</operation>

<operation id="62" st_id="3" stage="1" lat="1">
<core>AddSub</core>
<MemPortIdVec></MemPortIdVec>
<condition id="0">
<or_exp><and_exp><literal name="exitcond_flatten" val="0"/>
</and_exp></or_exp>
</condition>

<Node id="125" bw="3" op_0_bw="3" op_1_bw="3">
<![CDATA[
.preheader.preheader:104  %j_1 = add i3 1, %j_mid2

]]></Node>
<StgValue><ssdm name="j_1"/></StgValue>
</operation>
</state>

<state id="4" st_id="4">

<operation id="63" st_id="4" stage="1" lat="1">
<core>NULL</core>
<MemPortIdVec></MemPortIdVec>
<condition id="0">
<or_exp><and_exp><literal name="exitcond_flatten" val="0"/>
</and_exp></or_exp>
</condition>

<Node id="26" bw="32" op_0_bw="3">
<![CDATA[
.preheader.preheader:5  %tmp_1_mid2 = zext i3 %tmp_1_mid2_v to i32

]]></Node>
<StgValue><ssdm name="tmp_1_mid2"/></StgValue>
</operation>

<operation id="64" st_id="4" stage="1" lat="1">
<core>NULL</core>
<MemPortIdVec></MemPortIdVec>
<condition id="0">
<or_exp><and_exp><literal name="exitcond_flatten" val="0"/>
</and_exp></or_exp>
</condition>

<Node id="35" bw="2" op_0_bw="64" op_1_bw="32" op_2_bw="32">
<![CDATA[
.preheader.preheader:14  %Matrix_A_addr = getelementptr [4 x i64]* %Matrix_A, i32 0, i32 %tmp_1_mid2

]]></Node>
<StgValue><ssdm name="Matrix_A_addr"/></StgValue>
</operation>

<operation id="65" st_id="4" stage="2" lat="2">
<core>RAM</core>
<MemPortIdVec>0 </MemPortIdVec>
<condition id="0">
<or_exp><and_exp><literal name="exitcond_flatten" val="0"/>
</and_exp></or_exp>
</condition>

<Node id="36" bw="64" op_0_bw="2">
<![CDATA[
.preheader.preheader:15  %Matrix_A_load = load i64* %Matrix_A_addr, align 8

]]></Node>
<StgValue><ssdm name="Matrix_A_load"/></StgValue>
</operation>

<operation id="66" st_id="4" stage="1" lat="1">
<core>NULL</core>
<MemPortIdVec></MemPortIdVec>
<condition id="0">
<or_exp><and_exp><literal name="exitcond_flatten" val="0"/>
</and_exp></or_exp>
</condition>

<Node id="54" bw="64" op_0_bw="7">
<![CDATA[
.preheader.preheader:33  %tmp_23 = zext i7 %tmp_21 to i64

]]></Node>
<StgValue><ssdm name="tmp_23"/></StgValue>
</operation>

<operation id="67" st_id="4" stage="1" lat="1">
<core>Shift</core>
<MemPortIdVec></MemPortIdVec>
<condition id="0">
<or_exp><and_exp><literal name="exitcond_flatten" val="0"/>
</and_exp></or_exp>
</condition>

<Node id="56" bw="64" op_0_bw="64" op_1_bw="64">
<![CDATA[
.preheader.preheader:35  %tmp_25 = lshr i64 -1, %tmp_23

]]></Node>
<StgValue><ssdm name="tmp_25"/></StgValue>
</operation>

<operation id="68" st_id="4" stage="1" lat="1">
<core>LogicGate</core>
<MemPortIdVec></MemPortIdVec>
<condition id="0">
<or_exp><and_exp><literal name="exitcond_flatten" val="0"/>
</and_exp></or_exp>
</condition>

<Node id="57" bw="64" op_0_bw="64" op_1_bw="64">
<![CDATA[
.preheader.preheader:36  %tmp_26 = and i64 %tmp_24, %tmp_25

]]></Node>
<StgValue><ssdm name="tmp_26"/></StgValue>
</operation>

<operation id="69" st_id="4" stage="1" lat="1">
<core>NULL</core>
<MemPortIdVec></MemPortIdVec>
<condition id="0">
<or_exp><and_exp><literal name="exitcond_flatten" val="0"/>
</and_exp></or_exp>
</condition>

<Node id="58" bw="16" op_0_bw="64">
<![CDATA[
.preheader.preheader:37  %tmp_27 = trunc i64 %tmp_26 to i16

]]></Node>
<StgValue><ssdm name="tmp_27"/></StgValue>
</operation>

<operation id="70" st_id="4" stage="1" lat="2">
<core>RAM</core>
<MemPortIdVec>0 </MemPortIdVec>
<condition id="0">
<or_exp><and_exp><literal name="exitcond_flatten" val="0"/>
</and_exp></or_exp>
</condition>

<Node id="61" bw="64" op_0_bw="2">
<![CDATA[
.preheader.preheader:40  %Matrix_B_load_1 = load i64* %Matrix_B_addr_1, align 8

]]></Node>
<StgValue><ssdm name="Matrix_B_load_1"/></StgValue>
</operation>

<operation id="71" st_id="4" stage="1" lat="1">
<core>Cmp</core>
<MemPortIdVec></MemPortIdVec>
<condition id="0">
<or_exp><and_exp><literal name="exitcond_flatten" val="0"/>
</and_exp></or_exp>
</condition>

<Node id="62" bw="1" op_0_bw="6" op_1_bw="6">
<![CDATA[
.preheader.preheader:41  %tmp_28 = icmp ugt i6 %tmp_8, %tmp_9

]]></Node>
<StgValue><ssdm name="tmp_28"/></StgValue>
</operation>

<operation id="72" st_id="4" stage="1" lat="1">
<core>NULL</core>
<MemPortIdVec></MemPortIdVec>
<condition id="0">
<or_exp><and_exp><literal name="exitcond_flatten" val="0"/>
</and_exp></or_exp>
</condition>

<Node id="63" bw="7" op_0_bw="6">
<![CDATA[
.preheader.preheader:42  %tmp_29 = zext i6 %tmp_8 to i7

]]></Node>
<StgValue><ssdm name="tmp_29"/></StgValue>
</operation>

<operation id="73" st_id="4" stage="1" lat="1">
<core>NULL</core>
<MemPortIdVec></MemPortIdVec>
<condition id="0">
<or_exp><and_exp><literal name="exitcond_flatten" val="0"/>
</and_exp></or_exp>
</condition>

<Node id="64" bw="7" op_0_bw="6">
<![CDATA[
.preheader.preheader:43  %tmp_30 = zext i6 %tmp_9 to i7

]]></Node>
<StgValue><ssdm name="tmp_30"/></StgValue>
</operation>

<operation id="74" st_id="4" stage="1" lat="1">
<core>NULL</core>
<MemPortIdVec></MemPortIdVec>
<condition id="0">
<or_exp><and_exp><literal name="exitcond_flatten" val="0"/>
</and_exp></or_exp>
</condition>

<Node id="65" bw="64" op_0_bw="64" op_1_bw="64" op_2_bw="32" op_3_bw="32">
<![CDATA[
.preheader.preheader:44  %tmp_31 = call i64 @llvm.part.select.i64(i64 %Matrix_B_load_1, i32 63, i32 0)

]]></Node>
<StgValue><ssdm name="tmp_31"/></StgValue>
</operation>

<operation id="75" st_id="4" stage="1" lat="1">
<core>AddSub</core>
<MemPortIdVec></MemPortIdVec>
<condition id="0">
<or_exp><and_exp><literal name="exitcond_flatten" val="0"/>
</and_exp></or_exp>
</condition>

<Node id="66" bw="7" op_0_bw="7" op_1_bw="7">
<![CDATA[
.preheader.preheader:45  %tmp_32 = sub i7 %tmp_29, %tmp_30

]]></Node>
<StgValue><ssdm name="tmp_32"/></StgValue>
</operation>

<operation id="76" st_id="4" stage="1" lat="1">
<core>LogicGate</core>
<MemPortIdVec></MemPortIdVec>
<condition id="0">
<or_exp><and_exp><literal name="exitcond_flatten" val="0"/>
</and_exp></or_exp>
</condition>

<Node id="67" bw="7" op_0_bw="7" op_1_bw="7">
<![CDATA[
.preheader.preheader:46  %tmp_33 = xor i7 %tmp_29, 63

]]></Node>
<StgValue><ssdm name="tmp_33"/></StgValue>
</operation>

<operation id="77" st_id="4" stage="1" lat="1">
<core>AddSub</core>
<MemPortIdVec></MemPortIdVec>
<condition id="0">
<or_exp><and_exp><literal name="exitcond_flatten" val="0"/>
</and_exp></or_exp>
</condition>

<Node id="68" bw="7" op_0_bw="7" op_1_bw="7">
<![CDATA[
.preheader.preheader:47  %tmp_34 = sub i7 %tmp_30, %tmp_29

]]></Node>
<StgValue><ssdm name="tmp_34"/></StgValue>
</operation>

<operation id="78" st_id="4" stage="1" lat="1">
<core>Sel</core>
<MemPortIdVec></MemPortIdVec>
<condition id="0">
<or_exp><and_exp><literal name="exitcond_flatten" val="0"/>
</and_exp></or_exp>
</condition>

<Node id="69" bw="7" op_0_bw="1" op_1_bw="7" op_2_bw="7">
<![CDATA[
.preheader.preheader:48  %tmp_35 = select i1 %tmp_28, i7 %tmp_32, i7 %tmp_34

]]></Node>
<StgValue><ssdm name="tmp_35"/></StgValue>
</operation>

<operation id="79" st_id="4" stage="1" lat="1">
<core>Sel</core>
<MemPortIdVec></MemPortIdVec>
<condition id="0">
<or_exp><and_exp><literal name="exitcond_flatten" val="0"/>
</and_exp></or_exp>
</condition>

<Node id="70" bw="64" op_0_bw="1" op_1_bw="64" op_2_bw="64">
<![CDATA[
.preheader.preheader:49  %tmp_36 = select i1 %tmp_28, i64 %tmp_31, i64 %Matrix_B_load_1

]]></Node>
<StgValue><ssdm name="tmp_36"/></StgValue>
</operation>

<operation id="80" st_id="4" stage="1" lat="1">
<core>Sel</core>
<MemPortIdVec></MemPortIdVec>
<condition id="0">
<or_exp><and_exp><literal name="exitcond_flatten" val="0"/>
</and_exp></or_exp>
</condition>

<Node id="71" bw="7" op_0_bw="1" op_1_bw="7" op_2_bw="7">
<![CDATA[
.preheader.preheader:50  %tmp_37 = select i1 %tmp_28, i7 %tmp_33, i7 %tmp_29

]]></Node>
<StgValue><ssdm name="tmp_37"/></StgValue>
</operation>

<operation id="81" st_id="4" stage="1" lat="1">
<core>AddSub</core>
<MemPortIdVec></MemPortIdVec>
<condition id="0">
<or_exp><and_exp><literal name="exitcond_flatten" val="0"/>
</and_exp></or_exp>
</condition>

<Node id="72" bw="7" op_0_bw="7" op_1_bw="7">
<![CDATA[
.preheader.preheader:51  %tmp_38 = sub i7 63, %tmp_35

]]></Node>
<StgValue><ssdm name="tmp_38"/></StgValue>
</operation>

<operation id="82" st_id="4" stage="1" lat="1">
<core>NULL</core>
<MemPortIdVec></MemPortIdVec>
<condition id="0">
<or_exp><and_exp><literal name="exitcond_flatten" val="0"/>
</and_exp></or_exp>
</condition>

<Node id="73" bw="64" op_0_bw="7">
<![CDATA[
.preheader.preheader:52  %tmp_39 = zext i7 %tmp_37 to i64

]]></Node>
<StgValue><ssdm name="tmp_39"/></StgValue>
</operation>

<operation id="83" st_id="4" stage="1" lat="1">
<core>Shift</core>
<MemPortIdVec></MemPortIdVec>
<condition id="0">
<or_exp><and_exp><literal name="exitcond_flatten" val="0"/>
</and_exp></or_exp>
</condition>

<Node id="75" bw="64" op_0_bw="64" op_1_bw="64">
<![CDATA[
.preheader.preheader:54  %tmp_41 = lshr i64 %tmp_36, %tmp_39

]]></Node>
<StgValue><ssdm name="tmp_41"/></StgValue>
</operation>

<operation id="84" st_id="4" stage="1" lat="2">
<core>RAM</core>
<MemPortIdVec>1 </MemPortIdVec>
<condition id="0">
<or_exp><and_exp><literal name="exitcond_flatten" val="0"/>
</and_exp></or_exp>
</condition>

<Node id="81" bw="64" op_0_bw="2">
<![CDATA[
.preheader.preheader:60  %Matrix_B_load_2 = load i64* %Matrix_B_addr_2, align 8

]]></Node>
<StgValue><ssdm name="Matrix_B_load_2"/></StgValue>
</operation>

<operation id="85" st_id="4" stage="1" lat="1">
<core>Cmp</core>
<MemPortIdVec></MemPortIdVec>
<condition id="0">
<or_exp><and_exp><literal name="exitcond_flatten" val="0"/>
</and_exp></or_exp>
</condition>

<Node id="82" bw="1" op_0_bw="6" op_1_bw="6">
<![CDATA[
.preheader.preheader:61  %tmp_45 = icmp ugt i6 %tmp_8, %tmp_9

]]></Node>
<StgValue><ssdm name="tmp_45"/></StgValue>
</operation>

<operation id="86" st_id="4" stage="1" lat="1">
<core>NULL</core>
<MemPortIdVec></MemPortIdVec>
<condition id="0">
<or_exp><and_exp><literal name="exitcond_flatten" val="0"/>
</and_exp></or_exp>
</condition>

<Node id="83" bw="7" op_0_bw="6">
<![CDATA[
.preheader.preheader:62  %tmp_46 = zext i6 %tmp_8 to i7

]]></Node>
<StgValue><ssdm name="tmp_46"/></StgValue>
</operation>

<operation id="87" st_id="4" stage="1" lat="1">
<core>NULL</core>
<MemPortIdVec></MemPortIdVec>
<condition id="0">
<or_exp><and_exp><literal name="exitcond_flatten" val="0"/>
</and_exp></or_exp>
</condition>

<Node id="84" bw="7" op_0_bw="6">
<![CDATA[
.preheader.preheader:63  %tmp_47 = zext i6 %tmp_9 to i7

]]></Node>
<StgValue><ssdm name="tmp_47"/></StgValue>
</operation>

<operation id="88" st_id="4" stage="1" lat="1">
<core>NULL</core>
<MemPortIdVec></MemPortIdVec>
<condition id="0">
<or_exp><and_exp><literal name="exitcond_flatten" val="0"/>
</and_exp></or_exp>
</condition>

<Node id="85" bw="64" op_0_bw="64" op_1_bw="64" op_2_bw="32" op_3_bw="32">
<![CDATA[
.preheader.preheader:64  %tmp_48 = call i64 @llvm.part.select.i64(i64 %Matrix_B_load_2, i32 63, i32 0)

]]></Node>
<StgValue><ssdm name="tmp_48"/></StgValue>
</operation>

<operation id="89" st_id="4" stage="1" lat="1">
<core>AddSub</core>
<MemPortIdVec></MemPortIdVec>
<condition id="0">
<or_exp><and_exp><literal name="exitcond_flatten" val="0"/>
</and_exp></or_exp>
</condition>

<Node id="86" bw="7" op_0_bw="7" op_1_bw="7">
<![CDATA[
.preheader.preheader:65  %tmp_49 = sub i7 %tmp_46, %tmp_47

]]></Node>
<StgValue><ssdm name="tmp_49"/></StgValue>
</operation>

<operation id="90" st_id="4" stage="1" lat="1">
<core>LogicGate</core>
<MemPortIdVec></MemPortIdVec>
<condition id="0">
<or_exp><and_exp><literal name="exitcond_flatten" val="0"/>
</and_exp></or_exp>
</condition>

<Node id="87" bw="7" op_0_bw="7" op_1_bw="7">
<![CDATA[
.preheader.preheader:66  %tmp_50 = xor i7 %tmp_46, 63

]]></Node>
<StgValue><ssdm name="tmp_50"/></StgValue>
</operation>

<operation id="91" st_id="4" stage="1" lat="1">
<core>AddSub</core>
<MemPortIdVec></MemPortIdVec>
<condition id="0">
<or_exp><and_exp><literal name="exitcond_flatten" val="0"/>
</and_exp></or_exp>
</condition>

<Node id="88" bw="7" op_0_bw="7" op_1_bw="7">
<![CDATA[
.preheader.preheader:67  %tmp_51 = sub i7 %tmp_47, %tmp_46

]]></Node>
<StgValue><ssdm name="tmp_51"/></StgValue>
</operation>

<operation id="92" st_id="4" stage="1" lat="1">
<core>Sel</core>
<MemPortIdVec></MemPortIdVec>
<condition id="0">
<or_exp><and_exp><literal name="exitcond_flatten" val="0"/>
</and_exp></or_exp>
</condition>

<Node id="89" bw="7" op_0_bw="1" op_1_bw="7" op_2_bw="7">
<![CDATA[
.preheader.preheader:68  %tmp_52 = select i1 %tmp_45, i7 %tmp_49, i7 %tmp_51

]]></Node>
<StgValue><ssdm name="tmp_52"/></StgValue>
</operation>

<operation id="93" st_id="4" stage="1" lat="1">
<core>Sel</core>
<MemPortIdVec></MemPortIdVec>
<condition id="0">
<or_exp><and_exp><literal name="exitcond_flatten" val="0"/>
</and_exp></or_exp>
</condition>

<Node id="90" bw="64" op_0_bw="1" op_1_bw="64" op_2_bw="64">
<![CDATA[
.preheader.preheader:69  %tmp_53 = select i1 %tmp_45, i64 %tmp_48, i64 %Matrix_B_load_2

]]></Node>
<StgValue><ssdm name="tmp_53"/></StgValue>
</operation>

<operation id="94" st_id="4" stage="1" lat="1">
<core>Sel</core>
<MemPortIdVec></MemPortIdVec>
<condition id="0">
<or_exp><and_exp><literal name="exitcond_flatten" val="0"/>
</and_exp></or_exp>
</condition>

<Node id="91" bw="7" op_0_bw="1" op_1_bw="7" op_2_bw="7">
<![CDATA[
.preheader.preheader:70  %tmp_54 = select i1 %tmp_45, i7 %tmp_50, i7 %tmp_46

]]></Node>
<StgValue><ssdm name="tmp_54"/></StgValue>
</operation>

<operation id="95" st_id="4" stage="1" lat="1">
<core>AddSub</core>
<MemPortIdVec></MemPortIdVec>
<condition id="0">
<or_exp><and_exp><literal name="exitcond_flatten" val="0"/>
</and_exp></or_exp>
</condition>

<Node id="92" bw="7" op_0_bw="7" op_1_bw="7">
<![CDATA[
.preheader.preheader:71  %tmp_55 = sub i7 63, %tmp_52

]]></Node>
<StgValue><ssdm name="tmp_55"/></StgValue>
</operation>

<operation id="96" st_id="4" stage="1" lat="1">
<core>NULL</core>
<MemPortIdVec></MemPortIdVec>
<condition id="0">
<or_exp><and_exp><literal name="exitcond_flatten" val="0"/>
</and_exp></or_exp>
</condition>

<Node id="93" bw="64" op_0_bw="7">
<![CDATA[
.preheader.preheader:72  %tmp_56 = zext i7 %tmp_54 to i64

]]></Node>
<StgValue><ssdm name="tmp_56"/></StgValue>
</operation>

<operation id="97" st_id="4" stage="1" lat="1">
<core>Shift</core>
<MemPortIdVec></MemPortIdVec>
<condition id="0">
<or_exp><and_exp><literal name="exitcond_flatten" val="0"/>
</and_exp></or_exp>
</condition>

<Node id="95" bw="64" op_0_bw="64" op_1_bw="64">
<![CDATA[
.preheader.preheader:74  %tmp_58 = lshr i64 %tmp_53, %tmp_56

]]></Node>
<StgValue><ssdm name="tmp_58"/></StgValue>
</operation>

<operation id="98" st_id="4" stage="1" lat="1">
<core>NULL</core>
<MemPortIdVec></MemPortIdVec>
<condition id="0">
<or_exp><and_exp><literal name="exitcond_flatten" val="0"/>
</and_exp></or_exp>
</condition>

<Node id="114" bw="64" op_0_bw="7">
<![CDATA[
.preheader.preheader:93  %tmp_74 = zext i7 %tmp_72 to i64

]]></Node>
<StgValue><ssdm name="tmp_74"/></StgValue>
</operation>

<operation id="99" st_id="4" stage="1" lat="1">
<core>Shift</core>
<MemPortIdVec></MemPortIdVec>
<condition id="0">
<or_exp><and_exp><literal name="exitcond_flatten" val="0"/>
</and_exp></or_exp>
</condition>

<Node id="116" bw="64" op_0_bw="64" op_1_bw="64">
<![CDATA[
.preheader.preheader:95  %tmp_76 = lshr i64 -1, %tmp_74

]]></Node>
<StgValue><ssdm name="tmp_76"/></StgValue>
</operation>

<operation id="100" st_id="4" stage="1" lat="1">
<core>LogicGate</core>
<MemPortIdVec></MemPortIdVec>
<condition id="0">
<or_exp><and_exp><literal name="exitcond_flatten" val="0"/>
</and_exp></or_exp>
</condition>

<Node id="117" bw="64" op_0_bw="64" op_1_bw="64">
<![CDATA[
.preheader.preheader:96  %tmp_77 = and i64 %tmp_75, %tmp_76

]]></Node>
<StgValue><ssdm name="tmp_77"/></StgValue>
</operation>

<operation id="101" st_id="4" stage="1" lat="1">
<core>NULL</core>
<MemPortIdVec></MemPortIdVec>
<condition id="0">
<or_exp><and_exp><literal name="exitcond_flatten" val="0"/>
</and_exp></or_exp>
</condition>

<Node id="118" bw="16" op_0_bw="64">
<![CDATA[
.preheader.preheader:97  %tmp_78 = trunc i64 %tmp_77 to i16

]]></Node>
<StgValue><ssdm name="tmp_78"/></StgValue>
</operation>
</state>

<state id="5" st_id="5">

<operation id="102" st_id="5" stage="1" lat="2">
<core>RAM</core>
<MemPortIdVec>0 </MemPortIdVec>
<condition id="0">
<or_exp><and_exp><literal name="exitcond_flatten" val="0"/>
</and_exp></or_exp>
</condition>

<Node id="36" bw="64" op_0_bw="2">
<![CDATA[
.preheader.preheader:15  %Matrix_A_load = load i64* %Matrix_A_addr, align 8

]]></Node>
<StgValue><ssdm name="Matrix_A_load"/></StgValue>
</operation>

<operation id="103" st_id="5" stage="1" lat="1">
<core>NULL</core>
<MemPortIdVec></MemPortIdVec>
<condition id="0">
<or_exp><and_exp><literal name="exitcond_flatten" val="0"/>
</and_exp></or_exp>
</condition>

<Node id="37" bw="16" op_0_bw="64">
<![CDATA[
.preheader.preheader:16  %tmp_2 = trunc i64 %Matrix_A_load to i16

]]></Node>
<StgValue><ssdm name="tmp_2"/></StgValue>
</operation>

<operation id="104" st_id="5" stage="1" lat="1">
<core>DSP48</core>
<MemPortIdVec></MemPortIdVec>
<condition id="0">
<or_exp><and_exp><literal name="exitcond_flatten" val="0"/>
</and_exp></or_exp>
</condition>

<Node id="59" bw="16" op_0_bw="16" op_1_bw="16">
<![CDATA[
.preheader.preheader:38  %tmp_6 = mul i16 %tmp_27, %tmp_2

]]></Node>
<StgValue><ssdm name="tmp_6"/></StgValue>
</operation>

<operation id="105" st_id="5" stage="1" lat="1">
<core>NULL</core>
<MemPortIdVec></MemPortIdVec>
<condition id="0">
<or_exp><and_exp><literal name="exitcond_flatten" val="0"/>
</and_exp></or_exp>
</condition>

<Node id="60" bw="16" op_0_bw="16" op_1_bw="64" op_2_bw="32" op_3_bw="32">
<![CDATA[
.preheader.preheader:39  %tmp_7 = call i16 @_ssdm_op_PartSelect.i16.i64.i32.i32(i64 %Matrix_A_load, i32 16, i32 31)

]]></Node>
<StgValue><ssdm name="tmp_7"/></StgValue>
</operation>

<operation id="106" st_id="5" stage="1" lat="1">
<core>NULL</core>
<MemPortIdVec></MemPortIdVec>
<condition id="0">
<or_exp><and_exp><literal name="exitcond_flatten" val="0"/>
</and_exp></or_exp>
</condition>

<Node id="74" bw="64" op_0_bw="7">
<![CDATA[
.preheader.preheader:53  %tmp_40 = zext i7 %tmp_38 to i64

]]></Node>
<StgValue><ssdm name="tmp_40"/></StgValue>
</operation>

<operation id="107" st_id="5" stage="1" lat="1">
<core>Shift</core>
<MemPortIdVec></MemPortIdVec>
<condition id="0">
<or_exp><and_exp><literal name="exitcond_flatten" val="0"/>
</and_exp></or_exp>
</condition>

<Node id="76" bw="64" op_0_bw="64" op_1_bw="64">
<![CDATA[
.preheader.preheader:55  %tmp_42 = lshr i64 -1, %tmp_40

]]></Node>
<StgValue><ssdm name="tmp_42"/></StgValue>
</operation>

<operation id="108" st_id="5" stage="1" lat="1">
<core>LogicGate</core>
<MemPortIdVec></MemPortIdVec>
<condition id="0">
<or_exp><and_exp><literal name="exitcond_flatten" val="0"/>
</and_exp></or_exp>
</condition>

<Node id="77" bw="64" op_0_bw="64" op_1_bw="64">
<![CDATA[
.preheader.preheader:56  %tmp_43 = and i64 %tmp_41, %tmp_42

]]></Node>
<StgValue><ssdm name="tmp_43"/></StgValue>
</operation>

<operation id="109" st_id="5" stage="1" lat="1">
<core>NULL</core>
<MemPortIdVec></MemPortIdVec>
<condition id="0">
<or_exp><and_exp><literal name="exitcond_flatten" val="0"/>
</and_exp></or_exp>
</condition>

<Node id="78" bw="16" op_0_bw="64">
<![CDATA[
.preheader.preheader:57  %tmp_44 = trunc i64 %tmp_43 to i16

]]></Node>
<StgValue><ssdm name="tmp_44"/></StgValue>
</operation>

<operation id="110" st_id="5" stage="1" lat="1">
<core>NULL</core>
<MemPortIdVec></MemPortIdVec>
<condition id="0">
<or_exp><and_exp><literal name="exitcond_flatten" val="0"/>
</and_exp></or_exp>
</condition>

<Node id="80" bw="16" op_0_bw="16" op_1_bw="64" op_2_bw="32" op_3_bw="32">
<![CDATA[
.preheader.preheader:59  %tmp_11 = call i16 @_ssdm_op_PartSelect.i16.i64.i32.i32(i64 %Matrix_A_load, i32 32, i32 47)

]]></Node>
<StgValue><ssdm name="tmp_11"/></StgValue>
</operation>

<operation id="111" st_id="5" stage="1" lat="1">
<core>NULL</core>
<MemPortIdVec></MemPortIdVec>
<condition id="0">
<or_exp><and_exp><literal name="exitcond_flatten" val="0"/>
</and_exp></or_exp>
</condition>

<Node id="94" bw="64" op_0_bw="7">
<![CDATA[
.preheader.preheader:73  %tmp_57 = zext i7 %tmp_55 to i64

]]></Node>
<StgValue><ssdm name="tmp_57"/></StgValue>
</operation>

<operation id="112" st_id="5" stage="1" lat="1">
<core>Shift</core>
<MemPortIdVec></MemPortIdVec>
<condition id="0">
<or_exp><and_exp><literal name="exitcond_flatten" val="0"/>
</and_exp></or_exp>
</condition>

<Node id="96" bw="64" op_0_bw="64" op_1_bw="64">
<![CDATA[
.preheader.preheader:75  %tmp_59 = lshr i64 -1, %tmp_57

]]></Node>
<StgValue><ssdm name="tmp_59"/></StgValue>
</operation>

<operation id="113" st_id="5" stage="1" lat="1">
<core>LogicGate</core>
<MemPortIdVec></MemPortIdVec>
<condition id="0">
<or_exp><and_exp><literal name="exitcond_flatten" val="0"/>
</and_exp></or_exp>
</condition>

<Node id="97" bw="64" op_0_bw="64" op_1_bw="64">
<![CDATA[
.preheader.preheader:76  %tmp_60 = and i64 %tmp_58, %tmp_59

]]></Node>
<StgValue><ssdm name="tmp_60"/></StgValue>
</operation>

<operation id="114" st_id="5" stage="1" lat="1">
<core>NULL</core>
<MemPortIdVec></MemPortIdVec>
<condition id="0">
<or_exp><and_exp><literal name="exitcond_flatten" val="0"/>
</and_exp></or_exp>
</condition>

<Node id="98" bw="16" op_0_bw="64">
<![CDATA[
.preheader.preheader:77  %tmp_61 = trunc i64 %tmp_60 to i16

]]></Node>
<StgValue><ssdm name="tmp_61"/></StgValue>
</operation>

<operation id="115" st_id="5" stage="1" lat="1">
<core>NULL</core>
<MemPortIdVec></MemPortIdVec>
<condition id="0">
<or_exp><and_exp><literal name="exitcond_flatten" val="0"/>
</and_exp></or_exp>
</condition>

<Node id="100" bw="16" op_0_bw="16" op_1_bw="64" op_2_bw="32" op_3_bw="32">
<![CDATA[
.preheader.preheader:79  %tmp_13 = call i16 @_ssdm_op_PartSelect.i16.i64.i32.i32(i64 %Matrix_A_load, i32 48, i32 63)

]]></Node>
<StgValue><ssdm name="tmp_13"/></StgValue>
</operation>

<operation id="116" st_id="5" stage="1" lat="1">
<core>DSP48</core>
<MemPortIdVec></MemPortIdVec>
<condition id="0">
<or_exp><and_exp><literal name="exitcond_flatten" val="0"/>
</and_exp></or_exp>
</condition>

<Node id="119" bw="16" op_0_bw="16" op_1_bw="16">
<![CDATA[
.preheader.preheader:98  %tmp_8_3 = mul i16 %tmp_78, %tmp_13

]]></Node>
<StgValue><ssdm name="tmp_8_3"/></StgValue>
</operation>
</state>

<state id="6" st_id="6">

<operation id="117" st_id="6" stage="1" lat="1">
<core>NULL</core>
<MemPortIdVec></MemPortIdVec>
<condition id="0">
<or_exp><and_exp><literal name="exitcond_flatten" val="0"/>
</and_exp></or_exp>
</condition>

<Node id="22" bw="32" op_0_bw="32" op_1_bw="64" op_2_bw="64" op_3_bw="64">
<![CDATA[
.preheader.preheader:1  %empty = call i32 (...)* @_ssdm_op_SpecLoopTripCount(i64 16, i64 16, i64 16)

]]></Node>
<StgValue><ssdm name="empty"/></StgValue>
</operation>

<operation id="118" st_id="6" stage="1" lat="1">
<core>NULL</core>
<MemPortIdVec></MemPortIdVec>
<condition id="0">
<or_exp><and_exp><literal name="exitcond_flatten" val="0"/>
</and_exp></or_exp>
</condition>

<Node id="27" bw="5" op_0_bw="5" op_1_bw="3" op_2_bw="2">
<![CDATA[
.preheader.preheader:6  %tmp = call i5 @_ssdm_op_BitConcatenate.i5.i3.i2(i3 %tmp_1_mid2_v, i2 0)

]]></Node>
<StgValue><ssdm name="tmp"/></StgValue>
</operation>

<operation id="119" st_id="6" stage="1" lat="1">
<core>NULL</core>
<MemPortIdVec></MemPortIdVec>
<condition id="0">
<or_exp><and_exp><literal name="exitcond_flatten" val="0"/>
</and_exp></or_exp>
</condition>

<Node id="28" bw="6" op_0_bw="5">
<![CDATA[
.preheader.preheader:7  %tmp_1_cast = zext i5 %tmp to i6

]]></Node>
<StgValue><ssdm name="tmp_1_cast"/></StgValue>
</operation>

<operation id="120" st_id="6" stage="1" lat="1">
<core>NULL</core>
<MemPortIdVec></MemPortIdVec>
<condition id="0">
<or_exp><and_exp><literal name="exitcond_flatten" val="0"/>
</and_exp></or_exp>
</condition>

<Node id="29" bw="32" op_0_bw="32" op_1_bw="0">
<![CDATA[
.preheader.preheader:8  %tmp_3 = call i32 (...)* @_ssdm_op_SpecRegionBegin([12 x i8]* @p_str2) nounwind

]]></Node>
<StgValue><ssdm name="tmp_3"/></StgValue>
</operation>

<operation id="121" st_id="6" stage="1" lat="1">
<core>NULL</core>
<MemPortIdVec></MemPortIdVec>
<condition id="0">
<or_exp><and_exp><literal name="exitcond_flatten" val="0"/>
</and_exp></or_exp>
</condition>

<Node id="30" bw="0" op_0_bw="0" op_1_bw="32" op_2_bw="32" op_3_bw="32" op_4_bw="32" op_5_bw="0">
<![CDATA[
.preheader.preheader:9  call void (...)* @_ssdm_op_SpecPipeline(i32 -1, i32 1, i32 1, i32 0, [1 x i8]* @p_str1) nounwind

]]></Node>
<StgValue><ssdm name=""/></StgValue>
</operation>

<operation id="122" st_id="6" stage="1" lat="1">
<core>NULL</core>
<MemPortIdVec></MemPortIdVec>
<condition id="0">
<or_exp><and_exp><literal name="exitcond_flatten" val="0"/>
</and_exp></or_exp>
</condition>

<Node id="31" bw="6" op_0_bw="3">
<![CDATA[
.preheader.preheader:10  %tmp_4_cast = zext i3 %j_mid2 to i6

]]></Node>
<StgValue><ssdm name="tmp_4_cast"/></StgValue>
</operation>

<operation id="123" st_id="6" stage="1" lat="1">
<core>AddSub</core>
<MemPortIdVec></MemPortIdVec>
<condition id="0">
<or_exp><and_exp><literal name="exitcond_flatten" val="0"/>
</and_exp></or_exp>
</condition>

<Node id="32" bw="6" op_0_bw="6" op_1_bw="6">
<![CDATA[
.preheader.preheader:11  %tmp_1 = add i6 %tmp_1_cast, %tmp_4_cast

]]></Node>
<StgValue><ssdm name="tmp_1"/></StgValue>
</operation>

<operation id="124" st_id="6" stage="1" lat="1">
<core>NULL</core>
<MemPortIdVec></MemPortIdVec>
<condition id="0">
<or_exp><and_exp><literal name="exitcond_flatten" val="0"/>
</and_exp></or_exp>
</condition>

<Node id="33" bw="32" op_0_bw="6">
<![CDATA[
.preheader.preheader:12  %tmp_15_cast = zext i6 %tmp_1 to i32

]]></Node>
<StgValue><ssdm name="tmp_15_cast"/></StgValue>
</operation>

<operation id="125" st_id="6" stage="1" lat="1">
<core>NULL</core>
<MemPortIdVec></MemPortIdVec>
<condition id="0">
<or_exp><and_exp><literal name="exitcond_flatten" val="0"/>
</and_exp></or_exp>
</condition>

<Node id="34" bw="4" op_0_bw="16" op_1_bw="32" op_2_bw="32">
<![CDATA[
.preheader.preheader:13  %Matrix_C_addr = getelementptr [16 x i16]* %Matrix_C, i32 0, i32 %tmp_15_cast

]]></Node>
<StgValue><ssdm name="Matrix_C_addr"/></StgValue>
</operation>

<operation id="126" st_id="6" stage="1" lat="1">
<core>DSP48</core>
<MemPortIdVec></MemPortIdVec>
<condition id="0">
<or_exp><and_exp><literal name="exitcond_flatten" val="0"/>
</and_exp></or_exp>
</condition>

<Node id="79" bw="16" op_0_bw="16" op_1_bw="16">
<![CDATA[
.preheader.preheader:58  %tmp_8_1 = mul i16 %tmp_44, %tmp_7

]]></Node>
<StgValue><ssdm name="tmp_8_1"/></StgValue>
</operation>

<operation id="127" st_id="6" stage="1" lat="1">
<core>DSP48</core>
<MemPortIdVec></MemPortIdVec>
<condition id="0">
<or_exp><and_exp><literal name="exitcond_flatten" val="0"/>
</and_exp></or_exp>
</condition>

<Node id="99" bw="16" op_0_bw="16" op_1_bw="16">
<![CDATA[
.preheader.preheader:78  %tmp_8_2 = mul i16 %tmp_61, %tmp_11

]]></Node>
<StgValue><ssdm name="tmp_8_2"/></StgValue>
</operation>

<operation id="128" st_id="6" stage="1" lat="1">
<core>DSP48</core>
<MemPortIdVec></MemPortIdVec>
<condition id="0">
<or_exp><and_exp><literal name="exitcond_flatten" val="0"/>
</and_exp></or_exp>
</condition>

<Node id="120" bw="16" op_0_bw="16" op_1_bw="16">
<![CDATA[
.preheader.preheader:99  %tmp1 = add i16 %tmp_6, %tmp_8_1

]]></Node>
<StgValue><ssdm name="tmp1"/></StgValue>
</operation>

<operation id="129" st_id="6" stage="1" lat="1">
<core>DSP48</core>
<MemPortIdVec></MemPortIdVec>
<condition id="0">
<or_exp><and_exp><literal name="exitcond_flatten" val="0"/>
</and_exp></or_exp>
</condition>

<Node id="121" bw="16" op_0_bw="16" op_1_bw="16">
<![CDATA[
.preheader.preheader:100  %tmp2 = add i16 %tmp_8_3, %tmp_8_2

]]></Node>
<StgValue><ssdm name="tmp2"/></StgValue>
</operation>

<operation id="130" st_id="6" stage="1" lat="1">
<core>AddSub</core>
<MemPortIdVec></MemPortIdVec>
<condition id="0">
<or_exp><and_exp><literal name="exitcond_flatten" val="0"/>
</and_exp></or_exp>
</condition>

<Node id="122" bw="16" op_0_bw="16" op_1_bw="16">
<![CDATA[
.preheader.preheader:101  %tmp_9_3 = add i16 %tmp1, %tmp2

]]></Node>
<StgValue><ssdm name="tmp_9_3"/></StgValue>
</operation>

<operation id="131" st_id="6" stage="1" lat="1">
<core>RAM</core>
<MemPortIdVec>0 </MemPortIdVec>
<condition id="0">
<or_exp><and_exp><literal name="exitcond_flatten" val="0"/>
</and_exp></or_exp>
</condition>

<Node id="123" bw="0" op_0_bw="16" op_1_bw="4">
<![CDATA[
.preheader.preheader:102  store i16 %tmp_9_3, i16* %Matrix_C_addr, align 2

]]></Node>
<StgValue><ssdm name=""/></StgValue>
</operation>

<operation id="132" st_id="6" stage="1" lat="1">
<core>NULL</core>
<MemPortIdVec></MemPortIdVec>
<condition id="0">
<or_exp><and_exp><literal name="exitcond_flatten" val="0"/>
</and_exp></or_exp>
</condition>

<Node id="124" bw="32" op_0_bw="32" op_1_bw="0" op_2_bw="32">
<![CDATA[
.preheader.preheader:103  %empty_11 = call i32 (...)* @_ssdm_op_SpecRegionEnd([12 x i8]* @p_str2, i32 %tmp_3) nounwind

]]></Node>
<StgValue><ssdm name="empty_11"/></StgValue>
</operation>

<operation id="133" st_id="6" stage="1" lat="1">
<core>NULL</core>
<MemPortIdVec></MemPortIdVec>
<condition id="0">
<or_exp><and_exp><literal name="exitcond_flatten" val="0"/>
</and_exp></or_exp>
</condition>

<Node id="126" bw="0" op_0_bw="0">
<![CDATA[
.preheader.preheader:105  br label %.preheader

]]></Node>
<StgValue><ssdm name=""/></StgValue>
</operation>
</state>

<state id="7" st_id="7">

<operation id="134" st_id="7" stage="1" lat="1">
<core>NULL</core>
<MemPortIdVec></MemPortIdVec>
<condition id="63">
<or_exp><and_exp></and_exp></or_exp>
</condition>

<Node id="128" bw="0">
<![CDATA[
:0  ret void

]]></Node>
<StgValue><ssdm name=""/></StgValue>
</operation>
</state>
</state_list>


<ports>
<port id="150" name="Matrix_A" dir="0" iftype="1">
<core>RAM</core><StgValue><ssdm name="Matrix_A"/><MemPortTyVec>1 3 </MemPortTyVec>
</StgValue>
</port>
<port id="151" name="Matrix_B" dir="0" iftype="1">
<core>RAM</core><StgValue><ssdm name="Matrix_B"/><MemPortTyVec>1 1 </MemPortTyVec>
</StgValue>
</port>
<port id="152" name="Matrix_C" dir="1" iftype="1">
<core>RAM</core><StgValue><ssdm name="Matrix_C"/><MemPortTyVec>0 3 </MemPortTyVec>
</StgValue>
</port>
</ports>


<dataflows>
<dataflow id="154" from="_ssdm_op_SpecBitsMap" to="StgValue_8" fromId="153" toId="8">
</dataflow>
<dataflow id="155" from="Matrix_B" to="StgValue_8" fromId="151" toId="8">
</dataflow>
<dataflow id="156" from="_ssdm_op_SpecBitsMap" to="StgValue_9" fromId="153" toId="9">
</dataflow>
<dataflow id="157" from="Matrix_A" to="StgValue_9" fromId="150" toId="9">
</dataflow>
<dataflow id="158" from="_ssdm_op_SpecBitsMap" to="StgValue_10" fromId="153" toId="10">
</dataflow>
<dataflow id="159" from="Matrix_C" to="StgValue_10" fromId="152" toId="10">
</dataflow>
<dataflow id="161" from="_ssdm_op_SpecTopModule" to="StgValue_11" fromId="160" toId="11">
</dataflow>
<dataflow id="163" from="Matrix_multiplicatio" to="StgValue_11" fromId="162" toId="11">
</dataflow>
<dataflow id="164" from="Matrix_B" to="Matrix_B_addr" fromId="151" toId="12">
</dataflow>
<dataflow id="166" from="StgValue_165" to="Matrix_B_addr" fromId="165" toId="12">
</dataflow>
<dataflow id="167" from="StgValue_165" to="Matrix_B_addr" fromId="165" toId="12">
</dataflow>
<dataflow id="168" from="Matrix_B" to="Matrix_B_addr_1" fromId="151" toId="13">
</dataflow>
<dataflow id="169" from="StgValue_165" to="Matrix_B_addr_1" fromId="165" toId="13">
</dataflow>
<dataflow id="171" from="StgValue_170" to="Matrix_B_addr_1" fromId="170" toId="13">
</dataflow>
<dataflow id="172" from="Matrix_B" to="Matrix_B_addr_2" fromId="151" toId="14">
</dataflow>
<dataflow id="173" from="StgValue_165" to="Matrix_B_addr_2" fromId="165" toId="14">
</dataflow>
<dataflow id="175" from="StgValue_174" to="Matrix_B_addr_2" fromId="174" toId="14">
</dataflow>
<dataflow id="176" from="Matrix_B" to="Matrix_B_addr_3" fromId="151" toId="15">
</dataflow>
<dataflow id="177" from="StgValue_165" to="Matrix_B_addr_3" fromId="165" toId="15">
</dataflow>
<dataflow id="179" from="StgValue_178" to="Matrix_B_addr_3" fromId="178" toId="15">
</dataflow>
<dataflow id="181" from="StgValue_180" to="indvar_flatten" fromId="180" toId="17">
<condition id="88">
<or_exp><and_exp></and_exp></or_exp>
</condition>
</dataflow>
<dataflow id="182" from="StgValue_16" to="indvar_flatten" fromId="16" toId="17">
</dataflow>
<dataflow id="183" from="indvar_flatten_next" to="indvar_flatten" fromId="21" toId="17">
<BackEdge/>
<condition id="89">
<or_exp><and_exp><literal name="exitcond_flatten" val="0"/>
</and_exp></or_exp>
</condition>
</dataflow>
<dataflow id="184" from="StgValue_133" to="indvar_flatten" fromId="133" toId="17">
<BackEdge/>
</dataflow>
<dataflow id="186" from="StgValue_185" to="i" fromId="185" toId="18">
<condition id="90">
<or_exp><and_exp></and_exp></or_exp>
</condition>
</dataflow>
<dataflow id="187" from="StgValue_16" to="i" fromId="16" toId="18">
</dataflow>
<dataflow id="188" from="tmp_1_mid2_v" to="i" fromId="26" toId="18">
<BackEdge/>
<condition id="91">
<or_exp><and_exp><literal name="exitcond_flatten" val="0"/>
</and_exp></or_exp>
</condition>
</dataflow>
<dataflow id="189" from="StgValue_133" to="i" fromId="133" toId="18">
<BackEdge/>
</dataflow>
<dataflow id="190" from="StgValue_185" to="j" fromId="185" toId="19">
<condition id="92">
<or_exp><and_exp></and_exp></or_exp>
</condition>
</dataflow>
<dataflow id="191" from="StgValue_16" to="j" fromId="16" toId="19">
</dataflow>
<dataflow id="192" from="j_1" to="j" fromId="62" toId="19">
<BackEdge/>
<condition id="93">
<or_exp><and_exp><literal name="exitcond_flatten" val="0"/>
</and_exp></or_exp>
</condition>
</dataflow>
<dataflow id="193" from="StgValue_133" to="j" fromId="133" toId="19">
<BackEdge/>
</dataflow>
<dataflow id="194" from="indvar_flatten" to="exitcond_flatten" fromId="17" toId="20">
</dataflow>
<dataflow id="196" from="StgValue_195" to="exitcond_flatten" fromId="195" toId="20">
</dataflow>
<dataflow id="197" from="indvar_flatten" to="indvar_flatten_next" fromId="17" toId="21">
</dataflow>
<dataflow id="199" from="StgValue_198" to="indvar_flatten_next" fromId="198" toId="21">
</dataflow>
<dataflow id="200" from="exitcond_flatten" to="StgValue_22" fromId="20" toId="22">
</dataflow>
<dataflow id="202" from="StgValue_201" to="i_1" fromId="201" toId="23">
</dataflow>
<dataflow id="203" from="i" to="i_1" fromId="18" toId="23">
</dataflow>
<dataflow id="204" from="j" to="tmp_s" fromId="19" toId="24">
</dataflow>
<dataflow id="206" from="StgValue_205" to="tmp_s" fromId="205" toId="24">
</dataflow>
<dataflow id="207" from="tmp_s" to="j_mid2" fromId="24" toId="25">
</dataflow>
<dataflow id="208" from="StgValue_185" to="j_mid2" fromId="185" toId="25">
</dataflow>
<dataflow id="209" from="j" to="j_mid2" fromId="19" toId="25">
</dataflow>
<dataflow id="210" from="tmp_s" to="tmp_1_mid2_v" fromId="24" toId="26">
</dataflow>
<dataflow id="211" from="i_1" to="tmp_1_mid2_v" fromId="23" toId="26">
</dataflow>
<dataflow id="212" from="i" to="tmp_1_mid2_v" fromId="18" toId="26">
</dataflow>
<dataflow id="213" from="Matrix_B_addr" to="Matrix_B_load" fromId="12" toId="27">
</dataflow>
<dataflow id="214" from="j_mid2" to="tmp_4" fromId="25" toId="28">
</dataflow>
<dataflow id="215" from="Matrix_B_addr_3" to="Matrix_B_load_3" fromId="15" toId="29">
</dataflow>
<dataflow id="216" from="Matrix_B_addr" to="Matrix_B_load" fromId="12" toId="30">
</dataflow>
<dataflow id="218" from="_ssdm_op_BitConcatenate.i6.i2.i4" to="tmp_8" fromId="217" toId="31">
</dataflow>
<dataflow id="219" from="tmp_4" to="tmp_8" fromId="28" toId="31">
</dataflow>
<dataflow id="221" from="StgValue_220" to="tmp_8" fromId="220" toId="31">
</dataflow>
<dataflow id="222" from="tmp_8" to="tmp_9" fromId="31" toId="32">
</dataflow>
<dataflow id="224" from="StgValue_223" to="tmp_9" fromId="223" toId="32">
</dataflow>
<dataflow id="225" from="tmp_8" to="tmp_5" fromId="31" toId="33">
</dataflow>
<dataflow id="226" from="tmp_9" to="tmp_5" fromId="32" toId="33">
</dataflow>
<dataflow id="227" from="tmp_8" to="tmp_10" fromId="31" toId="34">
</dataflow>
<dataflow id="228" from="tmp_9" to="tmp_12" fromId="32" toId="35">
</dataflow>
<dataflow id="230" from="llvm.part.select.i64" to="tmp_14" fromId="229" toId="36">
</dataflow>
<dataflow id="231" from="Matrix_B_load" to="tmp_14" fromId="30" toId="36">
</dataflow>
<dataflow id="233" from="StgValue_232" to="tmp_14" fromId="232" toId="36">
</dataflow>
<dataflow id="234" from="StgValue_165" to="tmp_14" fromId="165" toId="36">
</dataflow>
<dataflow id="235" from="tmp_10" to="tmp_15" fromId="34" toId="37">
</dataflow>
<dataflow id="236" from="tmp_12" to="tmp_15" fromId="35" toId="37">
</dataflow>
<dataflow id="237" from="tmp_10" to="tmp_16" fromId="34" toId="38">
</dataflow>
<dataflow id="239" from="StgValue_238" to="tmp_16" fromId="238" toId="38">
</dataflow>
<dataflow id="240" from="tmp_12" to="tmp_17" fromId="35" toId="39">
</dataflow>
<dataflow id="241" from="tmp_10" to="tmp_17" fromId="34" toId="39">
</dataflow>
<dataflow id="242" from="tmp_5" to="tmp_18" fromId="33" toId="40">
</dataflow>
<dataflow id="243" from="tmp_15" to="tmp_18" fromId="37" toId="40">
</dataflow>
<dataflow id="244" from="tmp_17" to="tmp_18" fromId="39" toId="40">
</dataflow>
<dataflow id="245" from="tmp_5" to="tmp_19" fromId="33" toId="41">
</dataflow>
<dataflow id="246" from="tmp_14" to="tmp_19" fromId="36" toId="41">
</dataflow>
<dataflow id="247" from="Matrix_B_load" to="tmp_19" fromId="30" toId="41">
</dataflow>
<dataflow id="248" from="tmp_5" to="tmp_20" fromId="33" toId="42">
</dataflow>
<dataflow id="249" from="tmp_16" to="tmp_20" fromId="38" toId="42">
</dataflow>
<dataflow id="250" from="tmp_10" to="tmp_20" fromId="34" toId="42">
</dataflow>
<dataflow id="251" from="StgValue_238" to="tmp_21" fromId="238" toId="43">
</dataflow>
<dataflow id="252" from="tmp_18" to="tmp_21" fromId="40" toId="43">
</dataflow>
<dataflow id="253" from="tmp_20" to="tmp_22" fromId="42" toId="44">
</dataflow>
<dataflow id="254" from="tmp_19" to="tmp_24" fromId="41" toId="45">
</dataflow>
<dataflow id="255" from="tmp_22" to="tmp_24" fromId="44" toId="45">
</dataflow>
<dataflow id="256" from="Matrix_B_addr_1" to="Matrix_B_load_1" fromId="13" toId="46">
</dataflow>
<dataflow id="257" from="Matrix_B_addr_2" to="Matrix_B_load_2" fromId="14" toId="47">
</dataflow>
<dataflow id="258" from="Matrix_B_addr_3" to="Matrix_B_load_3" fromId="15" toId="48">
</dataflow>
<dataflow id="259" from="tmp_8" to="tmp_62" fromId="31" toId="49">
</dataflow>
<dataflow id="260" from="tmp_9" to="tmp_62" fromId="32" toId="49">
</dataflow>
<dataflow id="261" from="tmp_8" to="tmp_63" fromId="31" toId="50">
</dataflow>
<dataflow id="262" from="tmp_9" to="tmp_64" fromId="32" toId="51">
</dataflow>
<dataflow id="263" from="llvm.part.select.i64" to="tmp_65" fromId="229" toId="52">
</dataflow>
<dataflow id="264" from="Matrix_B_load_3" to="tmp_65" fromId="48" toId="52">
</dataflow>
<dataflow id="265" from="StgValue_232" to="tmp_65" fromId="232" toId="52">
</dataflow>
<dataflow id="266" from="StgValue_165" to="tmp_65" fromId="165" toId="52">
</dataflow>
<dataflow id="267" from="tmp_63" to="tmp_66" fromId="50" toId="53">
</dataflow>
<dataflow id="268" from="tmp_64" to="tmp_66" fromId="51" toId="53">
</dataflow>
<dataflow id="269" from="tmp_63" to="tmp_67" fromId="50" toId="54">
</dataflow>
<dataflow id="270" from="StgValue_238" to="tmp_67" fromId="238" toId="54">
</dataflow>
<dataflow id="271" from="tmp_64" to="tmp_68" fromId="51" toId="55">
</dataflow>
<dataflow id="272" from="tmp_63" to="tmp_68" fromId="50" toId="55">
</dataflow>
<dataflow id="273" from="tmp_62" to="tmp_69" fromId="49" toId="56">
</dataflow>
<dataflow id="274" from="tmp_66" to="tmp_69" fromId="53" toId="56">
</dataflow>
<dataflow id="275" from="tmp_68" to="tmp_69" fromId="55" toId="56">
</dataflow>
<dataflow id="276" from="tmp_62" to="tmp_70" fromId="49" toId="57">
</dataflow>
<dataflow id="277" from="tmp_65" to="tmp_70" fromId="52" toId="57">
</dataflow>
<dataflow id="278" from="Matrix_B_load_3" to="tmp_70" fromId="48" toId="57">
</dataflow>
<dataflow id="279" from="tmp_62" to="tmp_71" fromId="49" toId="58">
</dataflow>
<dataflow id="280" from="tmp_67" to="tmp_71" fromId="54" toId="58">
</dataflow>
<dataflow id="281" from="tmp_63" to="tmp_71" fromId="50" toId="58">
</dataflow>
<dataflow id="282" from="StgValue_238" to="tmp_72" fromId="238" toId="59">
</dataflow>
<dataflow id="283" from="tmp_69" to="tmp_72" fromId="56" toId="59">
</dataflow>
<dataflow id="284" from="tmp_71" to="tmp_73" fromId="58" toId="60">
</dataflow>
<dataflow id="285" from="tmp_70" to="tmp_75" fromId="57" toId="61">
</dataflow>
<dataflow id="286" from="tmp_73" to="tmp_75" fromId="60" toId="61">
</dataflow>
<dataflow id="287" from="StgValue_201" to="j_1" fromId="201" toId="62">
</dataflow>
<dataflow id="288" from="j_mid2" to="j_1" fromId="25" toId="62">
</dataflow>
<dataflow id="289" from="tmp_1_mid2_v" to="tmp_1_mid2" fromId="26" toId="63">
</dataflow>
<dataflow id="290" from="Matrix_A" to="Matrix_A_addr" fromId="150" toId="64">
</dataflow>
<dataflow id="291" from="StgValue_165" to="Matrix_A_addr" fromId="165" toId="64">
</dataflow>
<dataflow id="292" from="tmp_1_mid2" to="Matrix_A_addr" fromId="63" toId="64">
</dataflow>
<dataflow id="293" from="Matrix_A_addr" to="Matrix_A_load" fromId="64" toId="65">
</dataflow>
<dataflow id="294" from="tmp_21" to="tmp_23" fromId="43" toId="66">
</dataflow>
<dataflow id="296" from="StgValue_295" to="tmp_25" fromId="295" toId="67">
</dataflow>
<dataflow id="297" from="tmp_23" to="tmp_25" fromId="66" toId="67">
</dataflow>
<dataflow id="298" from="tmp_24" to="tmp_26" fromId="45" toId="68">
</dataflow>
<dataflow id="299" from="tmp_25" to="tmp_26" fromId="67" toId="68">
</dataflow>
<dataflow id="300" from="tmp_26" to="tmp_27" fromId="68" toId="69">
</dataflow>
<dataflow id="301" from="Matrix_B_addr_1" to="Matrix_B_load_1" fromId="13" toId="70">
</dataflow>
<dataflow id="302" from="tmp_8" to="tmp_28" fromId="31" toId="71">
</dataflow>
<dataflow id="303" from="tmp_9" to="tmp_28" fromId="32" toId="71">
</dataflow>
<dataflow id="304" from="tmp_8" to="tmp_29" fromId="31" toId="72">
</dataflow>
<dataflow id="305" from="tmp_9" to="tmp_30" fromId="32" toId="73">
</dataflow>
<dataflow id="306" from="llvm.part.select.i64" to="tmp_31" fromId="229" toId="74">
</dataflow>
<dataflow id="307" from="Matrix_B_load_1" to="tmp_31" fromId="70" toId="74">
</dataflow>
<dataflow id="308" from="StgValue_232" to="tmp_31" fromId="232" toId="74">
</dataflow>
<dataflow id="309" from="StgValue_165" to="tmp_31" fromId="165" toId="74">
</dataflow>
<dataflow id="310" from="tmp_29" to="tmp_32" fromId="72" toId="75">
</dataflow>
<dataflow id="311" from="tmp_30" to="tmp_32" fromId="73" toId="75">
</dataflow>
<dataflow id="312" from="tmp_29" to="tmp_33" fromId="72" toId="76">
</dataflow>
<dataflow id="313" from="StgValue_238" to="tmp_33" fromId="238" toId="76">
</dataflow>
<dataflow id="314" from="tmp_30" to="tmp_34" fromId="73" toId="77">
</dataflow>
<dataflow id="315" from="tmp_29" to="tmp_34" fromId="72" toId="77">
</dataflow>
<dataflow id="316" from="tmp_28" to="tmp_35" fromId="71" toId="78">
</dataflow>
<dataflow id="317" from="tmp_32" to="tmp_35" fromId="75" toId="78">
</dataflow>
<dataflow id="318" from="tmp_34" to="tmp_35" fromId="77" toId="78">
</dataflow>
<dataflow id="319" from="tmp_28" to="tmp_36" fromId="71" toId="79">
</dataflow>
<dataflow id="320" from="tmp_31" to="tmp_36" fromId="74" toId="79">
</dataflow>
<dataflow id="321" from="Matrix_B_load_1" to="tmp_36" fromId="70" toId="79">
</dataflow>
<dataflow id="322" from="tmp_28" to="tmp_37" fromId="71" toId="80">
</dataflow>
<dataflow id="323" from="tmp_33" to="tmp_37" fromId="76" toId="80">
</dataflow>
<dataflow id="324" from="tmp_29" to="tmp_37" fromId="72" toId="80">
</dataflow>
<dataflow id="325" from="StgValue_238" to="tmp_38" fromId="238" toId="81">
</dataflow>
<dataflow id="326" from="tmp_35" to="tmp_38" fromId="78" toId="81">
</dataflow>
<dataflow id="327" from="tmp_37" to="tmp_39" fromId="80" toId="82">
</dataflow>
<dataflow id="328" from="tmp_36" to="tmp_41" fromId="79" toId="83">
</dataflow>
<dataflow id="329" from="tmp_39" to="tmp_41" fromId="82" toId="83">
</dataflow>
<dataflow id="330" from="Matrix_B_addr_2" to="Matrix_B_load_2" fromId="14" toId="84">
</dataflow>
<dataflow id="331" from="tmp_8" to="tmp_45" fromId="31" toId="85">
</dataflow>
<dataflow id="332" from="tmp_9" to="tmp_45" fromId="32" toId="85">
</dataflow>
<dataflow id="333" from="tmp_8" to="tmp_46" fromId="31" toId="86">
</dataflow>
<dataflow id="334" from="tmp_9" to="tmp_47" fromId="32" toId="87">
</dataflow>
<dataflow id="335" from="llvm.part.select.i64" to="tmp_48" fromId="229" toId="88">
</dataflow>
<dataflow id="336" from="Matrix_B_load_2" to="tmp_48" fromId="84" toId="88">
</dataflow>
<dataflow id="337" from="StgValue_232" to="tmp_48" fromId="232" toId="88">
</dataflow>
<dataflow id="338" from="StgValue_165" to="tmp_48" fromId="165" toId="88">
</dataflow>
<dataflow id="339" from="tmp_46" to="tmp_49" fromId="86" toId="89">
</dataflow>
<dataflow id="340" from="tmp_47" to="tmp_49" fromId="87" toId="89">
</dataflow>
<dataflow id="341" from="tmp_46" to="tmp_50" fromId="86" toId="90">
</dataflow>
<dataflow id="342" from="StgValue_238" to="tmp_50" fromId="238" toId="90">
</dataflow>
<dataflow id="343" from="tmp_47" to="tmp_51" fromId="87" toId="91">
</dataflow>
<dataflow id="344" from="tmp_46" to="tmp_51" fromId="86" toId="91">
</dataflow>
<dataflow id="345" from="tmp_45" to="tmp_52" fromId="85" toId="92">
</dataflow>
<dataflow id="346" from="tmp_49" to="tmp_52" fromId="89" toId="92">
</dataflow>
<dataflow id="347" from="tmp_51" to="tmp_52" fromId="91" toId="92">
</dataflow>
<dataflow id="348" from="tmp_45" to="tmp_53" fromId="85" toId="93">
</dataflow>
<dataflow id="349" from="tmp_48" to="tmp_53" fromId="88" toId="93">
</dataflow>
<dataflow id="350" from="Matrix_B_load_2" to="tmp_53" fromId="84" toId="93">
</dataflow>
<dataflow id="351" from="tmp_45" to="tmp_54" fromId="85" toId="94">
</dataflow>
<dataflow id="352" from="tmp_50" to="tmp_54" fromId="90" toId="94">
</dataflow>
<dataflow id="353" from="tmp_46" to="tmp_54" fromId="86" toId="94">
</dataflow>
<dataflow id="354" from="StgValue_238" to="tmp_55" fromId="238" toId="95">
</dataflow>
<dataflow id="355" from="tmp_52" to="tmp_55" fromId="92" toId="95">
</dataflow>
<dataflow id="356" from="tmp_54" to="tmp_56" fromId="94" toId="96">
</dataflow>
<dataflow id="357" from="tmp_53" to="tmp_58" fromId="93" toId="97">
</dataflow>
<dataflow id="358" from="tmp_56" to="tmp_58" fromId="96" toId="97">
</dataflow>
<dataflow id="359" from="tmp_72" to="tmp_74" fromId="59" toId="98">
</dataflow>
<dataflow id="360" from="StgValue_295" to="tmp_76" fromId="295" toId="99">
</dataflow>
<dataflow id="361" from="tmp_74" to="tmp_76" fromId="98" toId="99">
</dataflow>
<dataflow id="362" from="tmp_75" to="tmp_77" fromId="61" toId="100">
</dataflow>
<dataflow id="363" from="tmp_76" to="tmp_77" fromId="99" toId="100">
</dataflow>
<dataflow id="364" from="tmp_77" to="tmp_78" fromId="100" toId="101">
</dataflow>
<dataflow id="365" from="Matrix_A_addr" to="Matrix_A_load" fromId="64" toId="102">
</dataflow>
<dataflow id="366" from="Matrix_A_load" to="tmp_2" fromId="102" toId="103">
</dataflow>
<dataflow id="367" from="tmp_27" to="tmp_6" fromId="69" toId="104">
</dataflow>
<dataflow id="368" from="tmp_2" to="tmp_6" fromId="103" toId="104">
</dataflow>
<dataflow id="370" from="_ssdm_op_PartSelect.i16.i64.i32.i32" to="tmp_7" fromId="369" toId="105">
</dataflow>
<dataflow id="371" from="Matrix_A_load" to="tmp_7" fromId="102" toId="105">
</dataflow>
<dataflow id="373" from="StgValue_372" to="tmp_7" fromId="372" toId="105">
</dataflow>
<dataflow id="375" from="StgValue_374" to="tmp_7" fromId="374" toId="105">
</dataflow>
<dataflow id="376" from="tmp_38" to="tmp_40" fromId="81" toId="106">
</dataflow>
<dataflow id="377" from="StgValue_295" to="tmp_42" fromId="295" toId="107">
</dataflow>
<dataflow id="378" from="tmp_40" to="tmp_42" fromId="106" toId="107">
</dataflow>
<dataflow id="379" from="tmp_41" to="tmp_43" fromId="83" toId="108">
</dataflow>
<dataflow id="380" from="tmp_42" to="tmp_43" fromId="107" toId="108">
</dataflow>
<dataflow id="381" from="tmp_43" to="tmp_44" fromId="108" toId="109">
</dataflow>
<dataflow id="382" from="_ssdm_op_PartSelect.i16.i64.i32.i32" to="tmp_11" fromId="369" toId="110">
</dataflow>
<dataflow id="383" from="Matrix_A_load" to="tmp_11" fromId="102" toId="110">
</dataflow>
<dataflow id="385" from="StgValue_384" to="tmp_11" fromId="384" toId="110">
</dataflow>
<dataflow id="387" from="StgValue_386" to="tmp_11" fromId="386" toId="110">
</dataflow>
<dataflow id="388" from="tmp_55" to="tmp_57" fromId="95" toId="111">
</dataflow>
<dataflow id="389" from="StgValue_295" to="tmp_59" fromId="295" toId="112">
</dataflow>
<dataflow id="390" from="tmp_57" to="tmp_59" fromId="111" toId="112">
</dataflow>
<dataflow id="391" from="tmp_58" to="tmp_60" fromId="97" toId="113">
</dataflow>
<dataflow id="392" from="tmp_59" to="tmp_60" fromId="112" toId="113">
</dataflow>
<dataflow id="393" from="tmp_60" to="tmp_61" fromId="113" toId="114">
</dataflow>
<dataflow id="394" from="_ssdm_op_PartSelect.i16.i64.i32.i32" to="tmp_13" fromId="369" toId="115">
</dataflow>
<dataflow id="395" from="Matrix_A_load" to="tmp_13" fromId="102" toId="115">
</dataflow>
<dataflow id="397" from="StgValue_396" to="tmp_13" fromId="396" toId="115">
</dataflow>
<dataflow id="398" from="StgValue_232" to="tmp_13" fromId="232" toId="115">
</dataflow>
<dataflow id="399" from="tmp_78" to="tmp_8_3" fromId="101" toId="116">
</dataflow>
<dataflow id="400" from="tmp_13" to="tmp_8_3" fromId="115" toId="116">
</dataflow>
<dataflow id="402" from="_ssdm_op_SpecLoopTripCount" to="empty" fromId="401" toId="117">
</dataflow>
<dataflow id="404" from="StgValue_403" to="empty" fromId="403" toId="117">
</dataflow>
<dataflow id="405" from="StgValue_403" to="empty" fromId="403" toId="117">
</dataflow>
<dataflow id="406" from="StgValue_403" to="empty" fromId="403" toId="117">
</dataflow>
<dataflow id="408" from="_ssdm_op_BitConcatenate.i5.i3.i2" to="tmp" fromId="407" toId="118">
</dataflow>
<dataflow id="409" from="tmp_1_mid2_v" to="tmp" fromId="26" toId="118">
</dataflow>
<dataflow id="411" from="StgValue_410" to="tmp" fromId="410" toId="118">
</dataflow>
<dataflow id="412" from="tmp" to="tmp_1_cast" fromId="118" toId="119">
</dataflow>
<dataflow id="414" from="_ssdm_op_SpecRegionBegin" to="tmp_3" fromId="413" toId="120">
</dataflow>
<dataflow id="416" from="p_str2" to="tmp_3" fromId="415" toId="120">
</dataflow>
<dataflow id="418" from="_ssdm_op_SpecPipeline" to="StgValue_121" fromId="417" toId="121">
</dataflow>
<dataflow id="420" from="StgValue_419" to="StgValue_121" fromId="419" toId="121">
</dataflow>
<dataflow id="421" from="StgValue_170" to="StgValue_121" fromId="170" toId="121">
</dataflow>
<dataflow id="422" from="StgValue_170" to="StgValue_121" fromId="170" toId="121">
</dataflow>
<dataflow id="423" from="StgValue_165" to="StgValue_121" fromId="165" toId="121">
</dataflow>
<dataflow id="425" from="p_str1" to="StgValue_121" fromId="424" toId="121">
</dataflow>
<dataflow id="426" from="j_mid2" to="tmp_4_cast" fromId="25" toId="122">
</dataflow>
<dataflow id="427" from="tmp_1_cast" to="tmp_1" fromId="119" toId="123">
</dataflow>
<dataflow id="428" from="tmp_4_cast" to="tmp_1" fromId="122" toId="123">
</dataflow>
<dataflow id="429" from="tmp_1" to="tmp_15_cast" fromId="123" toId="124">
</dataflow>
<dataflow id="430" from="Matrix_C" to="Matrix_C_addr" fromId="152" toId="125">
</dataflow>
<dataflow id="431" from="StgValue_165" to="Matrix_C_addr" fromId="165" toId="125">
</dataflow>
<dataflow id="432" from="tmp_15_cast" to="Matrix_C_addr" fromId="124" toId="125">
</dataflow>
<dataflow id="433" from="tmp_44" to="tmp_8_1" fromId="109" toId="126">
</dataflow>
<dataflow id="434" from="tmp_7" to="tmp_8_1" fromId="105" toId="126">
</dataflow>
<dataflow id="435" from="tmp_61" to="tmp_8_2" fromId="114" toId="127">
</dataflow>
<dataflow id="436" from="tmp_11" to="tmp_8_2" fromId="110" toId="127">
</dataflow>
<dataflow id="437" from="tmp_6" to="tmp1" fromId="104" toId="128">
</dataflow>
<dataflow id="438" from="tmp_8_1" to="tmp1" fromId="126" toId="128">
</dataflow>
<dataflow id="439" from="tmp_8_3" to="tmp2" fromId="116" toId="129">
</dataflow>
<dataflow id="440" from="tmp_8_2" to="tmp2" fromId="127" toId="129">
</dataflow>
<dataflow id="441" from="tmp1" to="tmp_9_3" fromId="128" toId="130">
</dataflow>
<dataflow id="442" from="tmp2" to="tmp_9_3" fromId="129" toId="130">
</dataflow>
<dataflow id="443" from="tmp_9_3" to="StgValue_131" fromId="130" toId="131">
</dataflow>
<dataflow id="444" from="Matrix_C_addr" to="StgValue_131" fromId="125" toId="131">
</dataflow>
<dataflow id="446" from="_ssdm_op_SpecRegionEnd" to="empty_11" fromId="445" toId="132">
</dataflow>
<dataflow id="447" from="p_str2" to="empty_11" fromId="415" toId="132">
</dataflow>
<dataflow id="448" from="tmp_3" to="empty_11" fromId="120" toId="132">
</dataflow>
<dataflow id="449" from="exitcond_flatten" to="StgValue_2" fromId="20" toId="2">
</dataflow>
<dataflow id="450" from="exitcond_flatten" to="StgValue_3" fromId="20" toId="3">
</dataflow>
<dataflow id="451" from="exitcond_flatten" to="StgValue_4" fromId="20" toId="4">
</dataflow>
<dataflow id="452" from="exitcond_flatten" to="StgValue_5" fromId="20" toId="5">
</dataflow>
<dataflow id="453" from="exitcond_flatten" to="StgValue_6" fromId="20" toId="6">
</dataflow>
</dataflows>


</stg>
