<?xml version="1.0" encoding="UTF-8"?>
<vivadoHLSLog:LogRoot xmlns:vivadoHLSLog="www.xilinx.com/vivadoHLSLog">
  <errorLogs>
    <logs>
      <synLog/>
      <simLog/>
      <mgLog/>
      <packageLog/>
      <csimLog/>
    </logs>
  </errorLogs>
  <warningLogs>
    <logs>
      <synLog>
        <logs message="WARNING: [SCHED 204-21] The critical path consists of the following:&#xD;&#xA;&#x9;'mul' operation ('tmp_8_0_1', ELEC522_project3/M_NULT.cpp:15) (3.36 ns)&#xD;&#xA;&#x9;'add' operation ('tmp1', ELEC522_project3/M_NULT.cpp:15) (3.02 ns)&#xD;&#xA;&#x9;'add' operation ('tmp_9_0_3', ELEC522_project3/M_NULT.cpp:15) (2.39 ns)&#xD;&#xA;&#x9;'store' operation (ELEC522_project3/M_NULT.cpp:15) of variable 'tmp_9_0_3', ELEC522_project3/M_NULT.cpp:15 on array 'Matrix_C' (2.32 ns)" projectName="ELEC522_project3" solutionName="solution6" date="2017-10-23T00:39:39.444-0500" type="Warning"/>
        <logs message="WARNING: [SCHED 204-21] Estimated clock period (11.1ns) exceeds the target (target clock period: 10ns, clock uncertainty: 1.25ns, effective delay budget: 8.75ns)." projectName="ELEC522_project3" solutionName="solution6" date="2017-10-23T00:39:39.434-0500" type="Warning"/>
        <logs message="WARNING: [SCHED 204-69] Unable to schedule 'load' operation ('Matrix_A_0_load_1') on array 'Matrix_A_0' due to limited memory ports." projectName="ELEC522_project3" solutionName="solution6" date="2017-10-23T00:39:39.234-0500" type="Warning"/>
        <logs message="WARNING: [XFORM 203-505] Ignored pipeline directive for loop 'Matrix_multiplication_label0' (ELEC522_project3/M_NULT.cpp:15) because its parent loop or function is pipelined." projectName="ELEC522_project3" solutionName="solution6" date="2017-10-23T00:39:37.763-0500" type="Warning"/>
        <logs message="WARNING: [XFORM 203-505] Ignored pipeline directive for loop 'Matrix_multiplication_label1' (ELEC522_project3/M_NULT.cpp:10) because its parent loop or function is pipelined." projectName="ELEC522_project3" solutionName="solution6" date="2017-10-23T00:39:37.743-0500" type="Warning"/>
        <logs message="WARNING: [HLS 200-40] Cannot find library 'xilinx/null/null'." projectName="ELEC522_project3" solutionName="solution6" date="2017-10-23T00:39:24.532-0500" type="Warning"/>
        <logs message="WARNING: [HLS 200-40] Cannot find library 'E:/Xilinx/Vivado_HLS/2017.2/common/technology/xilinx/null/null.lib'." projectName="ELEC522_project3" solutionName="solution6" date="2017-10-23T00:39:22.531-0500" type="Warning"/>
        <logs message="WARNING: [SCHED 204-21] The critical path consists of the following:&#xD;&#xA;&#x9;'mul' operation ('tmp_8_1', ELEC522_project3/M_NULT.cpp:22) (3.36 ns)&#xD;&#xA;&#x9;'add' operation ('tmp1', ELEC522_project3/M_NULT.cpp:22) (3.02 ns)&#xD;&#xA;&#x9;'add' operation ('tmp_9_3', ELEC522_project3/M_NULT.cpp:22) (2.39 ns)&#xD;&#xA;&#x9;'store' operation (ELEC522_project3/M_NULT.cpp:22) of variable 'tmp_9_3', ELEC522_project3/M_NULT.cpp:22 on array 'Matrix_C' (2.32 ns)" projectName="ELEC522_project3" solutionName="solution5" date="2017-10-21T00:39:28.371-0500" type="Warning"/>
        <logs message="WARNING: [SCHED 204-21] Estimated clock period (11.1ns) exceeds the target (target clock period: 10ns, clock uncertainty: 1.25ns, effective delay budget: 8.75ns)." projectName="ELEC522_project3" solutionName="solution5" date="2017-10-21T00:39:28.363-0500" type="Warning"/>
        <logs message="WARNING: [SCHED 204-69] Unable to schedule 'load' operation ('Matrix_B_load_1', ELEC522_project3/M_NULT.cpp:22) on array 'Matrix_B' due to limited memory ports." projectName="ELEC522_project3" solutionName="solution5" date="2017-10-21T00:39:28.342-0500" type="Warning"/>
        <logs message="WARNING: [XFORM 203-505] Ignored pipeline directive for loop 'Loop-1.1.1' (ELEC522_project3/M_NULT.cpp:16) because its parent loop or function is pipelined." projectName="ELEC522_project3" solutionName="solution5" date="2017-10-21T00:39:27.437-0500" type="Warning"/>
        <logs message="WARNING: [SCHED 204-21] The critical path consists of the following:&#xD;&#xA;&#x9;'mul' operation ('tmp_8_0_0_3', ELEC522_project3/M_NULT.cpp:22) (3.36 ns)&#xD;&#xA;&#x9;'add' operation ('tmp1', ELEC522_project3/M_NULT.cpp:22) (3.02 ns)&#xD;&#xA;&#x9;'add' operation ('tmp_9_0_0_3', ELEC522_project3/M_NULT.cpp:22) (2.39 ns)&#xD;&#xA;&#x9;'store' operation (ELEC522_project3/M_NULT.cpp:22) of variable 'tmp_9_0_0_3', ELEC522_project3/M_NULT.cpp:22 on array 'Matrix_C' (2.32 ns)" projectName="ELEC522_project3" solutionName="solution4" date="2017-10-21T00:35:21.526-0500" type="Warning"/>
        <logs message="WARNING: [SCHED 204-21] Estimated clock period (11.1ns) exceeds the target (target clock period: 10ns, clock uncertainty: 1.25ns, effective delay budget: 8.75ns)." projectName="ELEC522_project3" solutionName="solution4" date="2017-10-21T00:35:21.518-0500" type="Warning"/>
        <logs message="WARNING: [SCHED 204-69] Unable to schedule 'load' operation ('Matrix_A_load_2', ELEC522_project3/M_NULT.cpp:22) on array 'Matrix_A' due to limited memory ports." projectName="ELEC522_project3" solutionName="solution4" date="2017-10-21T00:35:21.496-0500" type="Warning"/>
        <logs message="WARNING: [XFORM 203-505] Ignored pipeline directive for loop 'Loop-1.1.1' (ELEC522_project3/M_NULT.cpp:16) because its parent loop or function is pipelined." projectName="ELEC522_project3" solutionName="solution4" date="2017-10-21T00:35:19.908-0500" type="Warning"/>
        <logs message="WARNING: [XFORM 203-505] Ignored pipeline directive for loop 'Loop-1.1' (ELEC522_project3/M_NULT.cpp:11) because its parent loop or function is pipelined." projectName="ELEC522_project3" solutionName="solution4" date="2017-10-21T00:35:19.901-0500" type="Warning"/>
        <logs message="WARNING: [SCHED 204-21] The critical path consists of the following:&#xD;&#xA;&#x9;'mul' operation ('tmp_8', ELEC522_project3/M_NULT.cpp:19) (3.36 ns)&#xD;&#xA;&#x9;'add' operation ('tmp1', ELEC522_project3/M_NULT.cpp:19) (3.02 ns)&#xD;&#xA;&#x9;'add' operation ('tmp_9_3', ELEC522_project3/M_NULT.cpp:19) (2.39 ns)&#xD;&#xA;&#x9;'store' operation (ELEC522_project3/M_NULT.cpp:19) of variable 'tmp_9_3', ELEC522_project3/M_NULT.cpp:19 on array 'Matrix_C' (2.32 ns)" projectName="ELEC522_project3" solutionName="solution3" date="2017-10-21T00:33:11.894-0500" type="Warning"/>
        <logs message="WARNING: [SCHED 204-21] Estimated clock period (11.1ns) exceeds the target (target clock period: 10ns, clock uncertainty: 1.25ns, effective delay budget: 8.75ns)." projectName="ELEC522_project3" solutionName="solution3" date="2017-10-21T00:33:11.886-0500" type="Warning"/>
        <logs message="WARNING: [SCHED 204-69] Unable to schedule 'load' operation ('Matrix_A_load_2', ELEC522_project3/M_NULT.cpp:19) on array 'Matrix_A' due to limited memory ports." projectName="ELEC522_project3" solutionName="solution3" date="2017-10-21T00:33:11.869-0500" type="Warning"/>
        <logs message="WARNING: [HLS 200-40] Cannot find library 'xilinx/null/null'." projectName="ELEC522_project3" solutionName="solution3" date="2017-10-21T00:33:05.734-0500" type="Warning"/>
        <logs message="WARNING: [HLS 200-40] Cannot find library 'E:/Xilinx/Vivado_HLS/2017.2/common/technology/xilinx/null/null.lib'." projectName="ELEC522_project3" solutionName="solution3" date="2017-10-21T00:33:05.252-0500" type="Warning"/>
        <logs message="WARNING: [SCHED 204-68] Unable to enforce a carried dependence constraint (II = 1, distance = 1, offset = 1)&#xD;&#xA;   between 'store' operation (ELEC522_project3/M_NULT.cpp:19) of variable 'tmp_9', ELEC522_project3/M_NULT.cpp:19 on array 'Matrix_C' and 'load' operation ('Matrix_C_load', ELEC522_project3/M_NULT.cpp:19) on array 'Matrix_C'." projectName="ELEC522_project3" solutionName="solution2" date="2017-10-21T00:31:59.131-0500" type="Warning"/>
        <logs message="WARNING: [XFORM 203-542] the outer loop is not a perfect loop." projectName="ELEC522_project3" solutionName="solution2" date="2017-10-21T00:31:58.919-0500" type="Warning"/>
        <logs message="WARNING: [XFORM 203-542] Cannot flatten a loop nest 'Loop-1.1' (ELEC522_project3/M_NULT.cpp:10:17) in function 'Matrix_multiplication' : " projectName="ELEC522_project3" solutionName="solution2" date="2017-10-21T00:31:58.910-0500" type="Warning"/>
      </synLog>
      <simLog>
        <logs message="WARNING: [HLS 200-40] Cannot find library 'xilinx/null/null'." projectName="ELEC522_project3" solutionName="solution6" date="2017-10-23T00:42:33.041-0500" type="Warning"/>
        <logs message="WARNING: [HLS 200-40] Cannot find library 'E:/Xilinx/Vivado_HLS/2017.2/common/technology/xilinx/null/null.lib'." projectName="ELEC522_project3" solutionName="solution6" date="2017-10-23T00:42:32.572-0500" type="Warning"/>
      </simLog>
      <mgLog/>
      <packageLog>
        <logs message="WARNING: [HLS 200-40] Cannot find library 'xilinx/null/null'." projectName="ELEC522_project3" solutionName="solution6" date="2017-10-23T00:57:47.057-0500" type="Warning"/>
        <logs message="WARNING: [HLS 200-40] Cannot find library 'E:/Xilinx/Vivado_HLS/2017.2/common/technology/xilinx/null/null.lib'." projectName="ELEC522_project3" solutionName="solution6" date="2017-10-23T00:57:46.670-0500" type="Warning"/>
      </packageLog>
      <csimLog/>
    </logs>
  </warningLogs>
</vivadoHLSLog:LogRoot>
