<stg><name>Matrix_multiplication</name>


<trans_list>

<trans id="82" from="1" to="2">
<condition id="29">
<or_exp><and_exp></and_exp></or_exp>
</condition>
</trans>

<trans id="93" from="2" to="6">
<condition id="38">
<or_exp><and_exp><literal name="exitcond_flatten" val="1"/>
</and_exp></or_exp>
</condition>
</trans>

<trans id="94" from="2" to="3">
<condition id="42">
<or_exp><and_exp><literal name="exitcond_flatten" val="0"/>
</and_exp></or_exp>
</condition>
</trans>

<trans id="90" from="3" to="4">
<condition id="39">
<or_exp><and_exp></and_exp></or_exp>
</condition>
</trans>

<trans id="91" from="4" to="5">
<condition id="40">
<or_exp><and_exp></and_exp></or_exp>
</condition>
</trans>

<trans id="92" from="5" to="2">
<condition id="41">
<or_exp><and_exp></and_exp></or_exp>
</condition>
</trans>
</trans_list>



<state_list>

<state id="1" st_id="1">

<operation id="7" st_id="1" stage="1" lat="1">
<core>NULL</core>
<MemPortIdVec></MemPortIdVec>
<condition id="26">
<or_exp><and_exp></and_exp></or_exp>
</condition>

<Node id="4" bw="0" op_0_bw="0" op_1_bw="16">
<![CDATA[
:0  call void (...)* @_ssdm_op_SpecBitsMap([16 x i16]* %Matrix_A) nounwind, !map !7

]]></Node>
<StgValue><ssdm name=""/></StgValue>
</operation>

<operation id="8" st_id="1" stage="1" lat="1">
<core>NULL</core>
<MemPortIdVec></MemPortIdVec>
<condition id="26">
<or_exp><and_exp></and_exp></or_exp>
</condition>

<Node id="5" bw="0" op_0_bw="0" op_1_bw="16">
<![CDATA[
:1  call void (...)* @_ssdm_op_SpecBitsMap([16 x i16]* %Matrix_B) nounwind, !map !13

]]></Node>
<StgValue><ssdm name=""/></StgValue>
</operation>

<operation id="9" st_id="1" stage="1" lat="1">
<core>NULL</core>
<MemPortIdVec></MemPortIdVec>
<condition id="26">
<or_exp><and_exp></and_exp></or_exp>
</condition>

<Node id="6" bw="0" op_0_bw="0" op_1_bw="16">
<![CDATA[
:2  call void (...)* @_ssdm_op_SpecBitsMap([16 x i16]* %Matrix_C) nounwind, !map !17

]]></Node>
<StgValue><ssdm name=""/></StgValue>
</operation>

<operation id="10" st_id="1" stage="1" lat="1">
<core>NULL</core>
<MemPortIdVec></MemPortIdVec>
<condition id="26">
<or_exp><and_exp></and_exp></or_exp>
</condition>

<Node id="7" bw="0" op_0_bw="0" op_1_bw="0">
<![CDATA[
:3  call void (...)* @_ssdm_op_SpecTopModule([22 x i8]* @Matrix_multiplicatio) nounwind

]]></Node>
<StgValue><ssdm name=""/></StgValue>
</operation>

<operation id="11" st_id="1" stage="1" lat="1">
<core>NULL</core>
<MemPortIdVec></MemPortIdVec>
<condition id="26">
<or_exp><and_exp></and_exp></or_exp>
</condition>

<Node id="8" bw="0" op_0_bw="0">
<![CDATA[
:4  br label %.preheader

]]></Node>
<StgValue><ssdm name=""/></StgValue>
</operation>
</state>

<state id="2" st_id="2">

<operation id="12" st_id="2" stage="1" lat="1">
<core>NULL</core>
<MemPortIdVec></MemPortIdVec>
<condition id="-1">
<or_exp><and_exp></and_exp></or_exp>
</condition>

<Node id="10" bw="5" op_0_bw="5" op_1_bw="0">
<![CDATA[
.preheader:0  %indvar_flatten = phi i5 [ 0, %0 ], [ %indvar_flatten_next, %.preheader.preheader ]

]]></Node>
<StgValue><ssdm name="indvar_flatten"/></StgValue>
</operation>

<operation id="13" st_id="2" stage="1" lat="1">
<core>NULL</core>
<MemPortIdVec></MemPortIdVec>
<condition id="-1">
<or_exp><and_exp></and_exp></or_exp>
</condition>

<Node id="11" bw="3" op_0_bw="3" op_1_bw="0">
<![CDATA[
.preheader:1  %i = phi i3 [ 0, %0 ], [ %tmp_1_mid2_v, %.preheader.preheader ]

]]></Node>
<StgValue><ssdm name="i"/></StgValue>
</operation>

<operation id="14" st_id="2" stage="1" lat="1">
<core>NULL</core>
<MemPortIdVec></MemPortIdVec>
<condition id="-1">
<or_exp><and_exp></and_exp></or_exp>
</condition>

<Node id="12" bw="3" op_0_bw="3" op_1_bw="0">
<![CDATA[
.preheader:2  %j = phi i3 [ 0, %0 ], [ %j_1, %.preheader.preheader ]

]]></Node>
<StgValue><ssdm name="j"/></StgValue>
</operation>

<operation id="15" st_id="2" stage="1" lat="1">
<core>Cmp</core>
<MemPortIdVec></MemPortIdVec>
<condition id="-1">
<or_exp><and_exp></and_exp></or_exp>
</condition>

<Node id="13" bw="1" op_0_bw="5" op_1_bw="5">
<![CDATA[
.preheader:3  %exitcond_flatten = icmp eq i5 %indvar_flatten, -16

]]></Node>
<StgValue><ssdm name="exitcond_flatten"/></StgValue>
</operation>

<operation id="16" st_id="2" stage="1" lat="1">
<core>AddSub</core>
<MemPortIdVec></MemPortIdVec>
<condition id="-1">
<or_exp><and_exp></and_exp></or_exp>
</condition>

<Node id="14" bw="5" op_0_bw="5" op_1_bw="5">
<![CDATA[
.preheader:4  %indvar_flatten_next = add i5 %indvar_flatten, 1

]]></Node>
<StgValue><ssdm name="indvar_flatten_next"/></StgValue>
</operation>

<operation id="17" st_id="2" stage="1" lat="1">
<core>NULL</core>
<MemPortIdVec></MemPortIdVec>
<condition id="-1">
<or_exp><and_exp></and_exp></or_exp>
</condition>

<Node id="15" bw="0" op_0_bw="1" op_1_bw="0" op_2_bw="0">
<![CDATA[
.preheader:5  br i1 %exitcond_flatten, label %1, label %.preheader.preheader

]]></Node>
<StgValue><ssdm name=""/></StgValue>
</operation>

<operation id="18" st_id="2" stage="1" lat="1">
<core>AddSub</core>
<MemPortIdVec></MemPortIdVec>
<condition id="0">
<or_exp><and_exp><literal name="exitcond_flatten" val="0"/>
</and_exp></or_exp>
</condition>

<Node id="17" bw="3" op_0_bw="3" op_1_bw="3">
<![CDATA[
.preheader.preheader:0  %i_1 = add i3 %i, 1

]]></Node>
<StgValue><ssdm name="i_1"/></StgValue>
</operation>

<operation id="19" st_id="2" stage="1" lat="1">
<core>Cmp</core>
<MemPortIdVec></MemPortIdVec>
<condition id="0">
<or_exp><and_exp><literal name="exitcond_flatten" val="0"/>
</and_exp></or_exp>
</condition>

<Node id="19" bw="1" op_0_bw="3" op_1_bw="3">
<![CDATA[
.preheader.preheader:2  %tmp_s = icmp eq i3 %j, -4

]]></Node>
<StgValue><ssdm name="tmp_s"/></StgValue>
</operation>

<operation id="20" st_id="2" stage="1" lat="1">
<core>Sel</core>
<MemPortIdVec></MemPortIdVec>
<condition id="0">
<or_exp><and_exp><literal name="exitcond_flatten" val="0"/>
</and_exp></or_exp>
</condition>

<Node id="20" bw="3" op_0_bw="1" op_1_bw="3" op_2_bw="3">
<![CDATA[
.preheader.preheader:3  %j_mid2 = select i1 %tmp_s, i3 0, i3 %j

]]></Node>
<StgValue><ssdm name="j_mid2"/></StgValue>
</operation>

<operation id="21" st_id="2" stage="1" lat="1">
<core>Sel</core>
<MemPortIdVec></MemPortIdVec>
<condition id="0">
<or_exp><and_exp><literal name="exitcond_flatten" val="0"/>
</and_exp></or_exp>
</condition>

<Node id="21" bw="3" op_0_bw="1" op_1_bw="3" op_2_bw="3">
<![CDATA[
.preheader.preheader:4  %tmp_1_mid2_v = select i1 %tmp_s, i3 %i_1, i3 %i

]]></Node>
<StgValue><ssdm name="tmp_1_mid2_v"/></StgValue>
</operation>

<operation id="22" st_id="2" stage="1" lat="1">
<core>NULL</core>
<MemPortIdVec></MemPortIdVec>
<condition id="0">
<or_exp><and_exp><literal name="exitcond_flatten" val="0"/>
</and_exp></or_exp>
</condition>

<Node id="22" bw="5" op_0_bw="5" op_1_bw="3" op_2_bw="2">
<![CDATA[
.preheader.preheader:5  %tmp = call i5 @_ssdm_op_BitConcatenate.i5.i3.i2(i3 %tmp_1_mid2_v, i2 0)

]]></Node>
<StgValue><ssdm name="tmp"/></StgValue>
</operation>

<operation id="23" st_id="2" stage="1" lat="1">
<core>NULL</core>
<MemPortIdVec></MemPortIdVec>
<condition id="0">
<or_exp><and_exp><literal name="exitcond_flatten" val="0"/>
</and_exp></or_exp>
</condition>

<Node id="23" bw="32" op_0_bw="5">
<![CDATA[
.preheader.preheader:6  %tmp_1 = zext i5 %tmp to i32

]]></Node>
<StgValue><ssdm name="tmp_1"/></StgValue>
</operation>

<operation id="24" st_id="2" stage="1" lat="1">
<core>NULL</core>
<MemPortIdVec></MemPortIdVec>
<condition id="0">
<or_exp><and_exp><literal name="exitcond_flatten" val="0"/>
</and_exp></or_exp>
</condition>

<Node id="25" bw="4" op_0_bw="16" op_1_bw="32" op_2_bw="32">
<![CDATA[
.preheader.preheader:8  %Matrix_A_addr = getelementptr [16 x i16]* %Matrix_A, i32 0, i32 %tmp_1

]]></Node>
<StgValue><ssdm name="Matrix_A_addr"/></StgValue>
</operation>

<operation id="25" st_id="2" stage="1" lat="1">
<core>NULL</core>
<MemPortIdVec></MemPortIdVec>
<condition id="0">
<or_exp><and_exp><literal name="exitcond_flatten" val="0"/>
</and_exp></or_exp>
</condition>

<Node id="26" bw="5" op_0_bw="5" op_1_bw="5">
<![CDATA[
.preheader.preheader:9  %tmp_5 = or i5 %tmp, 1

]]></Node>
<StgValue><ssdm name="tmp_5"/></StgValue>
</operation>

<operation id="26" st_id="2" stage="1" lat="1">
<core>NULL</core>
<MemPortIdVec></MemPortIdVec>
<condition id="0">
<or_exp><and_exp><literal name="exitcond_flatten" val="0"/>
</and_exp></or_exp>
</condition>

<Node id="27" bw="32" op_0_bw="32" op_1_bw="27" op_2_bw="5">
<![CDATA[
.preheader.preheader:10  %tmp_6 = call i32 @_ssdm_op_BitConcatenate.i32.i27.i5(i27 0, i5 %tmp_5)

]]></Node>
<StgValue><ssdm name="tmp_6"/></StgValue>
</operation>

<operation id="27" st_id="2" stage="1" lat="1">
<core>NULL</core>
<MemPortIdVec></MemPortIdVec>
<condition id="0">
<or_exp><and_exp><literal name="exitcond_flatten" val="0"/>
</and_exp></or_exp>
</condition>

<Node id="28" bw="4" op_0_bw="16" op_1_bw="32" op_2_bw="32">
<![CDATA[
.preheader.preheader:11  %Matrix_A_addr_1 = getelementptr [16 x i16]* %Matrix_A, i32 0, i32 %tmp_6

]]></Node>
<StgValue><ssdm name="Matrix_A_addr_1"/></StgValue>
</operation>

<operation id="28" st_id="2" stage="1" lat="1">
<core>NULL</core>
<MemPortIdVec></MemPortIdVec>
<condition id="0">
<or_exp><and_exp><literal name="exitcond_flatten" val="0"/>
</and_exp></or_exp>
</condition>

<Node id="37" bw="32" op_0_bw="3">
<![CDATA[
.preheader.preheader:20  %tmp_4 = zext i3 %j_mid2 to i32

]]></Node>
<StgValue><ssdm name="tmp_4"/></StgValue>
</operation>

<operation id="29" st_id="2" stage="1" lat="1">
<core>NULL</core>
<MemPortIdVec></MemPortIdVec>
<condition id="0">
<or_exp><and_exp><literal name="exitcond_flatten" val="0"/>
</and_exp></or_exp>
</condition>

<Node id="41" bw="4" op_0_bw="16" op_1_bw="32" op_2_bw="32">
<![CDATA[
.preheader.preheader:24  %Matrix_B_addr = getelementptr [16 x i16]* %Matrix_B, i32 0, i32 %tmp_4

]]></Node>
<StgValue><ssdm name="Matrix_B_addr"/></StgValue>
</operation>

<operation id="30" st_id="2" stage="1" lat="1">
<core>NULL</core>
<MemPortIdVec></MemPortIdVec>
<condition id="0">
<or_exp><and_exp><literal name="exitcond_flatten" val="0"/>
</and_exp></or_exp>
</condition>

<Node id="45" bw="32" op_0_bw="32" op_1_bw="29" op_2_bw="3">
<![CDATA[
.preheader.preheader:28  %tmp_12 = call i32 @_ssdm_op_BitConcatenate.i32.i29.i3(i29 1, i3 %j_mid2)

]]></Node>
<StgValue><ssdm name="tmp_12"/></StgValue>
</operation>

<operation id="31" st_id="2" stage="1" lat="1">
<core>NULL</core>
<MemPortIdVec></MemPortIdVec>
<condition id="0">
<or_exp><and_exp><literal name="exitcond_flatten" val="0"/>
</and_exp></or_exp>
</condition>

<Node id="46" bw="4" op_0_bw="16" op_1_bw="32" op_2_bw="32">
<![CDATA[
.preheader.preheader:29  %Matrix_B_addr_2 = getelementptr [16 x i16]* %Matrix_B, i32 0, i32 %tmp_12

]]></Node>
<StgValue><ssdm name="Matrix_B_addr_2"/></StgValue>
</operation>

<operation id="32" st_id="2" stage="2" lat="2">
<core>RAM</core>
<MemPortIdVec>0 </MemPortIdVec>
<condition id="0">
<or_exp><and_exp><literal name="exitcond_flatten" val="0"/>
</and_exp></or_exp>
</condition>

<Node id="53" bw="16" op_0_bw="4">
<![CDATA[
.preheader.preheader:36  %Matrix_A_load = load i16* %Matrix_A_addr, align 2

]]></Node>
<StgValue><ssdm name="Matrix_A_load"/></StgValue>
</operation>

<operation id="33" st_id="2" stage="2" lat="2">
<core>RAM</core>
<MemPortIdVec>0 </MemPortIdVec>
<condition id="0">
<or_exp><and_exp><literal name="exitcond_flatten" val="0"/>
</and_exp></or_exp>
</condition>

<Node id="54" bw="16" op_0_bw="4">
<![CDATA[
.preheader.preheader:37  %Matrix_B_load = load i16* %Matrix_B_addr, align 2

]]></Node>
<StgValue><ssdm name="Matrix_B_load"/></StgValue>
</operation>

<operation id="34" st_id="2" stage="2" lat="2">
<core>RAM</core>
<MemPortIdVec>1 </MemPortIdVec>
<condition id="0">
<or_exp><and_exp><literal name="exitcond_flatten" val="0"/>
</and_exp></or_exp>
</condition>

<Node id="56" bw="16" op_0_bw="4">
<![CDATA[
.preheader.preheader:39  %Matrix_A_load_1 = load i16* %Matrix_A_addr_1, align 2

]]></Node>
<StgValue><ssdm name="Matrix_A_load_1"/></StgValue>
</operation>

<operation id="35" st_id="2" stage="2" lat="2">
<core>RAM</core>
<MemPortIdVec>1 </MemPortIdVec>
<condition id="0">
<or_exp><and_exp><literal name="exitcond_flatten" val="0"/>
</and_exp></or_exp>
</condition>

<Node id="60" bw="16" op_0_bw="4">
<![CDATA[
.preheader.preheader:43  %Matrix_B_load_2 = load i16* %Matrix_B_addr_2, align 2

]]></Node>
<StgValue><ssdm name="Matrix_B_load_2"/></StgValue>
</operation>
</state>

<state id="3" st_id="3">

<operation id="36" st_id="3" stage="1" lat="1">
<core>NULL</core>
<MemPortIdVec></MemPortIdVec>
<condition id="0">
<or_exp><and_exp><literal name="exitcond_flatten" val="0"/>
</and_exp></or_exp>
</condition>

<Node id="24" bw="6" op_0_bw="5">
<![CDATA[
.preheader.preheader:7  %tmp_1_cast = zext i5 %tmp to i6

]]></Node>
<StgValue><ssdm name="tmp_1_cast"/></StgValue>
</operation>

<operation id="37" st_id="3" stage="1" lat="1">
<core>NULL</core>
<MemPortIdVec></MemPortIdVec>
<condition id="0">
<or_exp><and_exp><literal name="exitcond_flatten" val="0"/>
</and_exp></or_exp>
</condition>

<Node id="29" bw="5" op_0_bw="5" op_1_bw="5">
<![CDATA[
.preheader.preheader:12  %tmp_7 = or i5 %tmp, 2

]]></Node>
<StgValue><ssdm name="tmp_7"/></StgValue>
</operation>

<operation id="38" st_id="3" stage="1" lat="1">
<core>NULL</core>
<MemPortIdVec></MemPortIdVec>
<condition id="0">
<or_exp><and_exp><literal name="exitcond_flatten" val="0"/>
</and_exp></or_exp>
</condition>

<Node id="30" bw="32" op_0_bw="32" op_1_bw="27" op_2_bw="5">
<![CDATA[
.preheader.preheader:13  %tmp_9 = call i32 @_ssdm_op_BitConcatenate.i32.i27.i5(i27 0, i5 %tmp_7)

]]></Node>
<StgValue><ssdm name="tmp_9"/></StgValue>
</operation>

<operation id="39" st_id="3" stage="1" lat="1">
<core>NULL</core>
<MemPortIdVec></MemPortIdVec>
<condition id="0">
<or_exp><and_exp><literal name="exitcond_flatten" val="0"/>
</and_exp></or_exp>
</condition>

<Node id="31" bw="4" op_0_bw="16" op_1_bw="32" op_2_bw="32">
<![CDATA[
.preheader.preheader:14  %Matrix_A_addr_2 = getelementptr [16 x i16]* %Matrix_A, i32 0, i32 %tmp_9

]]></Node>
<StgValue><ssdm name="Matrix_A_addr_2"/></StgValue>
</operation>

<operation id="40" st_id="3" stage="1" lat="1">
<core>NULL</core>
<MemPortIdVec></MemPortIdVec>
<condition id="0">
<or_exp><and_exp><literal name="exitcond_flatten" val="0"/>
</and_exp></or_exp>
</condition>

<Node id="32" bw="5" op_0_bw="5" op_1_bw="5">
<![CDATA[
.preheader.preheader:15  %tmp_2 = or i5 %tmp, 3

]]></Node>
<StgValue><ssdm name="tmp_2"/></StgValue>
</operation>

<operation id="41" st_id="3" stage="1" lat="1">
<core>NULL</core>
<MemPortIdVec></MemPortIdVec>
<condition id="0">
<or_exp><and_exp><literal name="exitcond_flatten" val="0"/>
</and_exp></or_exp>
</condition>

<Node id="33" bw="32" op_0_bw="32" op_1_bw="27" op_2_bw="5">
<![CDATA[
.preheader.preheader:16  %tmp_10 = call i32 @_ssdm_op_BitConcatenate.i32.i27.i5(i27 0, i5 %tmp_2)

]]></Node>
<StgValue><ssdm name="tmp_10"/></StgValue>
</operation>

<operation id="42" st_id="3" stage="1" lat="1">
<core>NULL</core>
<MemPortIdVec></MemPortIdVec>
<condition id="0">
<or_exp><and_exp><literal name="exitcond_flatten" val="0"/>
</and_exp></or_exp>
</condition>

<Node id="34" bw="4" op_0_bw="16" op_1_bw="32" op_2_bw="32">
<![CDATA[
.preheader.preheader:17  %Matrix_A_addr_3 = getelementptr [16 x i16]* %Matrix_A, i32 0, i32 %tmp_10

]]></Node>
<StgValue><ssdm name="Matrix_A_addr_3"/></StgValue>
</operation>

<operation id="43" st_id="3" stage="1" lat="1">
<core>NULL</core>
<MemPortIdVec></MemPortIdVec>
<condition id="0">
<or_exp><and_exp><literal name="exitcond_flatten" val="0"/>
</and_exp></or_exp>
</condition>

<Node id="38" bw="6" op_0_bw="3">
<![CDATA[
.preheader.preheader:21  %tmp_4_cast4 = zext i3 %j_mid2 to i6

]]></Node>
<StgValue><ssdm name="tmp_4_cast4"/></StgValue>
</operation>

<operation id="44" st_id="3" stage="1" lat="1">
<core>NULL</core>
<MemPortIdVec></MemPortIdVec>
<condition id="0">
<or_exp><and_exp><literal name="exitcond_flatten" val="0"/>
</and_exp></or_exp>
</condition>

<Node id="39" bw="5" op_0_bw="3">
<![CDATA[
.preheader.preheader:22  %tmp_4_cast3 = zext i3 %j_mid2 to i5

]]></Node>
<StgValue><ssdm name="tmp_4_cast3"/></StgValue>
</operation>

<operation id="45" st_id="3" stage="1" lat="1">
<core>NULL</core>
<MemPortIdVec></MemPortIdVec>
<condition id="0">
<or_exp><and_exp><literal name="exitcond_flatten" val="0"/>
</and_exp></or_exp>
</condition>

<Node id="40" bw="4" op_0_bw="3">
<![CDATA[
.preheader.preheader:23  %tmp_4_cast = zext i3 %j_mid2 to i4

]]></Node>
<StgValue><ssdm name="tmp_4_cast"/></StgValue>
</operation>

<operation id="46" st_id="3" stage="1" lat="1">
<core>AddSub</core>
<MemPortIdVec></MemPortIdVec>
<condition id="0">
<or_exp><and_exp><literal name="exitcond_flatten" val="0"/>
</and_exp></or_exp>
</condition>

<Node id="42" bw="4" op_0_bw="4" op_1_bw="4">
<![CDATA[
.preheader.preheader:25  %tmp_11 = add i4 %tmp_4_cast, 4

]]></Node>
<StgValue><ssdm name="tmp_11"/></StgValue>
</operation>

<operation id="47" st_id="3" stage="1" lat="1">
<core>NULL</core>
<MemPortIdVec></MemPortIdVec>
<condition id="0">
<or_exp><and_exp><literal name="exitcond_flatten" val="0"/>
</and_exp></or_exp>
</condition>

<Node id="43" bw="32" op_0_bw="4">
<![CDATA[
.preheader.preheader:26  %tmp_12_cast = zext i4 %tmp_11 to i32

]]></Node>
<StgValue><ssdm name="tmp_12_cast"/></StgValue>
</operation>

<operation id="48" st_id="3" stage="1" lat="1">
<core>NULL</core>
<MemPortIdVec></MemPortIdVec>
<condition id="0">
<or_exp><and_exp><literal name="exitcond_flatten" val="0"/>
</and_exp></or_exp>
</condition>

<Node id="44" bw="4" op_0_bw="16" op_1_bw="32" op_2_bw="32">
<![CDATA[
.preheader.preheader:27  %Matrix_B_addr_1 = getelementptr [16 x i16]* %Matrix_B, i32 0, i32 %tmp_12_cast

]]></Node>
<StgValue><ssdm name="Matrix_B_addr_1"/></StgValue>
</operation>

<operation id="49" st_id="3" stage="1" lat="1">
<core>AddSub</core>
<MemPortIdVec></MemPortIdVec>
<condition id="0">
<or_exp><and_exp><literal name="exitcond_flatten" val="0"/>
</and_exp></or_exp>
</condition>

<Node id="47" bw="5" op_0_bw="5" op_1_bw="5">
<![CDATA[
.preheader.preheader:30  %tmp_13 = add i5 %tmp_4_cast3, 12

]]></Node>
<StgValue><ssdm name="tmp_13"/></StgValue>
</operation>

<operation id="50" st_id="3" stage="1" lat="1">
<core>NULL</core>
<MemPortIdVec></MemPortIdVec>
<condition id="0">
<or_exp><and_exp><literal name="exitcond_flatten" val="0"/>
</and_exp></or_exp>
</condition>

<Node id="48" bw="32" op_0_bw="5">
<![CDATA[
.preheader.preheader:31  %tmp_14_cast = zext i5 %tmp_13 to i32

]]></Node>
<StgValue><ssdm name="tmp_14_cast"/></StgValue>
</operation>

<operation id="51" st_id="3" stage="1" lat="1">
<core>NULL</core>
<MemPortIdVec></MemPortIdVec>
<condition id="0">
<or_exp><and_exp><literal name="exitcond_flatten" val="0"/>
</and_exp></or_exp>
</condition>

<Node id="49" bw="4" op_0_bw="16" op_1_bw="32" op_2_bw="32">
<![CDATA[
.preheader.preheader:32  %Matrix_B_addr_3 = getelementptr [16 x i16]* %Matrix_B, i32 0, i32 %tmp_14_cast

]]></Node>
<StgValue><ssdm name="Matrix_B_addr_3"/></StgValue>
</operation>

<operation id="52" st_id="3" stage="1" lat="1">
<core>AddSub</core>
<MemPortIdVec></MemPortIdVec>
<condition id="0">
<or_exp><and_exp><literal name="exitcond_flatten" val="0"/>
</and_exp></or_exp>
</condition>

<Node id="50" bw="6" op_0_bw="6" op_1_bw="6">
<![CDATA[
.preheader.preheader:33  %tmp_14 = add i6 %tmp_4_cast4, %tmp_1_cast

]]></Node>
<StgValue><ssdm name="tmp_14"/></StgValue>
</operation>

<operation id="53" st_id="3" stage="1" lat="2">
<core>RAM</core>
<MemPortIdVec>0 </MemPortIdVec>
<condition id="0">
<or_exp><and_exp><literal name="exitcond_flatten" val="0"/>
</and_exp></or_exp>
</condition>

<Node id="53" bw="16" op_0_bw="4">
<![CDATA[
.preheader.preheader:36  %Matrix_A_load = load i16* %Matrix_A_addr, align 2

]]></Node>
<StgValue><ssdm name="Matrix_A_load"/></StgValue>
</operation>

<operation id="54" st_id="3" stage="1" lat="2">
<core>RAM</core>
<MemPortIdVec>0 </MemPortIdVec>
<condition id="0">
<or_exp><and_exp><literal name="exitcond_flatten" val="0"/>
</and_exp></or_exp>
</condition>

<Node id="54" bw="16" op_0_bw="4">
<![CDATA[
.preheader.preheader:37  %Matrix_B_load = load i16* %Matrix_B_addr, align 2

]]></Node>
<StgValue><ssdm name="Matrix_B_load"/></StgValue>
</operation>

<operation id="55" st_id="3" stage="1" lat="2">
<core>RAM</core>
<MemPortIdVec>1 </MemPortIdVec>
<condition id="0">
<or_exp><and_exp><literal name="exitcond_flatten" val="0"/>
</and_exp></or_exp>
</condition>

<Node id="56" bw="16" op_0_bw="4">
<![CDATA[
.preheader.preheader:39  %Matrix_A_load_1 = load i16* %Matrix_A_addr_1, align 2

]]></Node>
<StgValue><ssdm name="Matrix_A_load_1"/></StgValue>
</operation>

<operation id="56" st_id="3" stage="2" lat="2">
<core>RAM</core>
<MemPortIdVec>0 </MemPortIdVec>
<condition id="0">
<or_exp><and_exp><literal name="exitcond_flatten" val="0"/>
</and_exp></or_exp>
</condition>

<Node id="57" bw="16" op_0_bw="4">
<![CDATA[
.preheader.preheader:40  %Matrix_B_load_1 = load i16* %Matrix_B_addr_1, align 2

]]></Node>
<StgValue><ssdm name="Matrix_B_load_1"/></StgValue>
</operation>

<operation id="57" st_id="3" stage="2" lat="2">
<core>RAM</core>
<MemPortIdVec>0 </MemPortIdVec>
<condition id="0">
<or_exp><and_exp><literal name="exitcond_flatten" val="0"/>
</and_exp></or_exp>
</condition>

<Node id="59" bw="16" op_0_bw="4">
<![CDATA[
.preheader.preheader:42  %Matrix_A_load_2 = load i16* %Matrix_A_addr_2, align 2

]]></Node>
<StgValue><ssdm name="Matrix_A_load_2"/></StgValue>
</operation>

<operation id="58" st_id="3" stage="1" lat="2">
<core>RAM</core>
<MemPortIdVec>1 </MemPortIdVec>
<condition id="0">
<or_exp><and_exp><literal name="exitcond_flatten" val="0"/>
</and_exp></or_exp>
</condition>

<Node id="60" bw="16" op_0_bw="4">
<![CDATA[
.preheader.preheader:43  %Matrix_B_load_2 = load i16* %Matrix_B_addr_2, align 2

]]></Node>
<StgValue><ssdm name="Matrix_B_load_2"/></StgValue>
</operation>

<operation id="59" st_id="3" stage="2" lat="2">
<core>RAM</core>
<MemPortIdVec>1 </MemPortIdVec>
<condition id="0">
<or_exp><and_exp><literal name="exitcond_flatten" val="0"/>
</and_exp></or_exp>
</condition>

<Node id="62" bw="16" op_0_bw="4">
<![CDATA[
.preheader.preheader:45  %Matrix_A_load_3 = load i16* %Matrix_A_addr_3, align 2

]]></Node>
<StgValue><ssdm name="Matrix_A_load_3"/></StgValue>
</operation>

<operation id="60" st_id="3" stage="2" lat="2">
<core>RAM</core>
<MemPortIdVec>1 </MemPortIdVec>
<condition id="0">
<or_exp><and_exp><literal name="exitcond_flatten" val="0"/>
</and_exp></or_exp>
</condition>

<Node id="63" bw="16" op_0_bw="4">
<![CDATA[
.preheader.preheader:46  %Matrix_B_load_3 = load i16* %Matrix_B_addr_3, align 2

]]></Node>
<StgValue><ssdm name="Matrix_B_load_3"/></StgValue>
</operation>

<operation id="61" st_id="3" stage="1" lat="1">
<core>AddSub</core>
<MemPortIdVec></MemPortIdVec>
<condition id="0">
<or_exp><and_exp><literal name="exitcond_flatten" val="0"/>
</and_exp></or_exp>
</condition>

<Node id="70" bw="3" op_0_bw="3" op_1_bw="3">
<![CDATA[
.preheader.preheader:53  %j_1 = add i3 %j_mid2, 1

]]></Node>
<StgValue><ssdm name="j_1"/></StgValue>
</operation>
</state>

<state id="4" st_id="4">

<operation id="62" st_id="4" stage="1" lat="2">
<core>RAM</core>
<MemPortIdVec>0 </MemPortIdVec>
<condition id="0">
<or_exp><and_exp><literal name="exitcond_flatten" val="0"/>
</and_exp></or_exp>
</condition>

<Node id="57" bw="16" op_0_bw="4">
<![CDATA[
.preheader.preheader:40  %Matrix_B_load_1 = load i16* %Matrix_B_addr_1, align 2

]]></Node>
<StgValue><ssdm name="Matrix_B_load_1"/></StgValue>
</operation>

<operation id="63" st_id="4" stage="1" lat="1">
<core>DSP48</core>
<MemPortIdVec></MemPortIdVec>
<condition id="0">
<or_exp><and_exp><literal name="exitcond_flatten" val="0"/>
</and_exp></or_exp>
</condition>

<Node id="58" bw="16" op_0_bw="16" op_1_bw="16">
<![CDATA[
.preheader.preheader:41  %tmp_8_1 = mul i16 %Matrix_A_load_1, %Matrix_B_load_1

]]></Node>
<StgValue><ssdm name="tmp_8_1"/></StgValue>
</operation>

<operation id="64" st_id="4" stage="1" lat="2">
<core>RAM</core>
<MemPortIdVec>0 </MemPortIdVec>
<condition id="0">
<or_exp><and_exp><literal name="exitcond_flatten" val="0"/>
</and_exp></or_exp>
</condition>

<Node id="59" bw="16" op_0_bw="4">
<![CDATA[
.preheader.preheader:42  %Matrix_A_load_2 = load i16* %Matrix_A_addr_2, align 2

]]></Node>
<StgValue><ssdm name="Matrix_A_load_2"/></StgValue>
</operation>

<operation id="65" st_id="4" stage="1" lat="1">
<core>DSP48</core>
<MemPortIdVec></MemPortIdVec>
<condition id="0">
<or_exp><and_exp><literal name="exitcond_flatten" val="0"/>
</and_exp></or_exp>
</condition>

<Node id="61" bw="16" op_0_bw="16" op_1_bw="16">
<![CDATA[
.preheader.preheader:44  %tmp_8_2 = mul i16 %Matrix_A_load_2, %Matrix_B_load_2

]]></Node>
<StgValue><ssdm name="tmp_8_2"/></StgValue>
</operation>

<operation id="66" st_id="4" stage="1" lat="2">
<core>RAM</core>
<MemPortIdVec>1 </MemPortIdVec>
<condition id="0">
<or_exp><and_exp><literal name="exitcond_flatten" val="0"/>
</and_exp></or_exp>
</condition>

<Node id="62" bw="16" op_0_bw="4">
<![CDATA[
.preheader.preheader:45  %Matrix_A_load_3 = load i16* %Matrix_A_addr_3, align 2

]]></Node>
<StgValue><ssdm name="Matrix_A_load_3"/></StgValue>
</operation>

<operation id="67" st_id="4" stage="1" lat="2">
<core>RAM</core>
<MemPortIdVec>1 </MemPortIdVec>
<condition id="0">
<or_exp><and_exp><literal name="exitcond_flatten" val="0"/>
</and_exp></or_exp>
</condition>

<Node id="63" bw="16" op_0_bw="4">
<![CDATA[
.preheader.preheader:46  %Matrix_B_load_3 = load i16* %Matrix_B_addr_3, align 2

]]></Node>
<StgValue><ssdm name="Matrix_B_load_3"/></StgValue>
</operation>
</state>

<state id="5" st_id="5">

<operation id="68" st_id="5" stage="1" lat="1">
<core>NULL</core>
<MemPortIdVec></MemPortIdVec>
<condition id="0">
<or_exp><and_exp><literal name="exitcond_flatten" val="0"/>
</and_exp></or_exp>
</condition>

<Node id="18" bw="32" op_0_bw="32" op_1_bw="64" op_2_bw="64" op_3_bw="64">
<![CDATA[
.preheader.preheader:1  %empty = call i32 (...)* @_ssdm_op_SpecLoopTripCount(i64 16, i64 16, i64 16) nounwind

]]></Node>
<StgValue><ssdm name="empty"/></StgValue>
</operation>

<operation id="69" st_id="5" stage="1" lat="1">
<core>NULL</core>
<MemPortIdVec></MemPortIdVec>
<condition id="0">
<or_exp><and_exp><literal name="exitcond_flatten" val="0"/>
</and_exp></or_exp>
</condition>

<Node id="35" bw="32" op_0_bw="32" op_1_bw="0">
<![CDATA[
.preheader.preheader:18  %tmp_3 = call i32 (...)* @_ssdm_op_SpecRegionBegin([12 x i8]* @p_str) nounwind

]]></Node>
<StgValue><ssdm name="tmp_3"/></StgValue>
</operation>

<operation id="70" st_id="5" stage="1" lat="1">
<core>NULL</core>
<MemPortIdVec></MemPortIdVec>
<condition id="0">
<or_exp><and_exp><literal name="exitcond_flatten" val="0"/>
</and_exp></or_exp>
</condition>

<Node id="36" bw="0" op_0_bw="0" op_1_bw="32" op_2_bw="32" op_3_bw="32" op_4_bw="32" op_5_bw="0">
<![CDATA[
.preheader.preheader:19  call void (...)* @_ssdm_op_SpecPipeline(i32 -1, i32 1, i32 1, i32 0, [1 x i8]* @p_str1) nounwind

]]></Node>
<StgValue><ssdm name=""/></StgValue>
</operation>

<operation id="71" st_id="5" stage="1" lat="1">
<core>NULL</core>
<MemPortIdVec></MemPortIdVec>
<condition id="0">
<or_exp><and_exp><literal name="exitcond_flatten" val="0"/>
</and_exp></or_exp>
</condition>

<Node id="51" bw="32" op_0_bw="6">
<![CDATA[
.preheader.preheader:34  %tmp_15_cast = zext i6 %tmp_14 to i32

]]></Node>
<StgValue><ssdm name="tmp_15_cast"/></StgValue>
</operation>

<operation id="72" st_id="5" stage="1" lat="1">
<core>NULL</core>
<MemPortIdVec></MemPortIdVec>
<condition id="0">
<or_exp><and_exp><literal name="exitcond_flatten" val="0"/>
</and_exp></or_exp>
</condition>

<Node id="52" bw="4" op_0_bw="16" op_1_bw="32" op_2_bw="32">
<![CDATA[
.preheader.preheader:35  %Matrix_C_addr = getelementptr [16 x i16]* %Matrix_C, i32 0, i32 %tmp_15_cast

]]></Node>
<StgValue><ssdm name="Matrix_C_addr"/></StgValue>
</operation>

<operation id="73" st_id="5" stage="1" lat="1">
<core>DSP48</core>
<MemPortIdVec></MemPortIdVec>
<condition id="0">
<or_exp><and_exp><literal name="exitcond_flatten" val="0"/>
</and_exp></or_exp>
</condition>

<Node id="55" bw="16" op_0_bw="16" op_1_bw="16">
<![CDATA[
.preheader.preheader:38  %tmp_8 = mul i16 %Matrix_A_load, %Matrix_B_load

]]></Node>
<StgValue><ssdm name="tmp_8"/></StgValue>
</operation>

<operation id="74" st_id="5" stage="1" lat="1">
<core>DSP48</core>
<MemPortIdVec></MemPortIdVec>
<condition id="0">
<or_exp><and_exp><literal name="exitcond_flatten" val="0"/>
</and_exp></or_exp>
</condition>

<Node id="64" bw="16" op_0_bw="16" op_1_bw="16">
<![CDATA[
.preheader.preheader:47  %tmp_8_3 = mul i16 %Matrix_A_load_3, %Matrix_B_load_3

]]></Node>
<StgValue><ssdm name="tmp_8_3"/></StgValue>
</operation>

<operation id="75" st_id="5" stage="1" lat="1">
<core>DSP48</core>
<MemPortIdVec></MemPortIdVec>
<condition id="0">
<or_exp><and_exp><literal name="exitcond_flatten" val="0"/>
</and_exp></or_exp>
</condition>

<Node id="65" bw="16" op_0_bw="16" op_1_bw="16">
<![CDATA[
.preheader.preheader:48  %tmp1 = add i16 %tmp_8_1, %tmp_8

]]></Node>
<StgValue><ssdm name="tmp1"/></StgValue>
</operation>

<operation id="76" st_id="5" stage="1" lat="1">
<core>DSP48</core>
<MemPortIdVec></MemPortIdVec>
<condition id="0">
<or_exp><and_exp><literal name="exitcond_flatten" val="0"/>
</and_exp></or_exp>
</condition>

<Node id="66" bw="16" op_0_bw="16" op_1_bw="16">
<![CDATA[
.preheader.preheader:49  %tmp2 = add i16 %tmp_8_2, %tmp_8_3

]]></Node>
<StgValue><ssdm name="tmp2"/></StgValue>
</operation>

<operation id="77" st_id="5" stage="1" lat="1">
<core>AddSub</core>
<MemPortIdVec></MemPortIdVec>
<condition id="0">
<or_exp><and_exp><literal name="exitcond_flatten" val="0"/>
</and_exp></or_exp>
</condition>

<Node id="67" bw="16" op_0_bw="16" op_1_bw="16">
<![CDATA[
.preheader.preheader:50  %tmp_9_3 = add i16 %tmp2, %tmp1

]]></Node>
<StgValue><ssdm name="tmp_9_3"/></StgValue>
</operation>

<operation id="78" st_id="5" stage="1" lat="1">
<core>RAM</core>
<MemPortIdVec>0 </MemPortIdVec>
<condition id="0">
<or_exp><and_exp><literal name="exitcond_flatten" val="0"/>
</and_exp></or_exp>
</condition>

<Node id="68" bw="0" op_0_bw="16" op_1_bw="4">
<![CDATA[
.preheader.preheader:51  store i16 %tmp_9_3, i16* %Matrix_C_addr, align 2

]]></Node>
<StgValue><ssdm name=""/></StgValue>
</operation>

<operation id="79" st_id="5" stage="1" lat="1">
<core>NULL</core>
<MemPortIdVec></MemPortIdVec>
<condition id="0">
<or_exp><and_exp><literal name="exitcond_flatten" val="0"/>
</and_exp></or_exp>
</condition>

<Node id="69" bw="32" op_0_bw="32" op_1_bw="0" op_2_bw="32">
<![CDATA[
.preheader.preheader:52  %empty_11 = call i32 (...)* @_ssdm_op_SpecRegionEnd([12 x i8]* @p_str, i32 %tmp_3) nounwind

]]></Node>
<StgValue><ssdm name="empty_11"/></StgValue>
</operation>

<operation id="80" st_id="5" stage="1" lat="1">
<core>NULL</core>
<MemPortIdVec></MemPortIdVec>
<condition id="0">
<or_exp><and_exp><literal name="exitcond_flatten" val="0"/>
</and_exp></or_exp>
</condition>

<Node id="71" bw="0" op_0_bw="0">
<![CDATA[
.preheader.preheader:54  br label %.preheader

]]></Node>
<StgValue><ssdm name=""/></StgValue>
</operation>
</state>

<state id="6" st_id="6">

<operation id="81" st_id="6" stage="1" lat="1">
<core>NULL</core>
<MemPortIdVec></MemPortIdVec>
<condition id="27">
<or_exp><and_exp></and_exp></or_exp>
</condition>

<Node id="73" bw="0">
<![CDATA[
:0  ret void

]]></Node>
<StgValue><ssdm name=""/></StgValue>
</operation>
</state>
</state_list>


<ports>
<port id="95" name="Matrix_A" dir="0" iftype="1">
<core>RAM</core><StgValue><ssdm name="Matrix_A"/><MemPortTyVec>1 1 </MemPortTyVec>
</StgValue>
</port>
<port id="96" name="Matrix_B" dir="0" iftype="1">
<core>RAM</core><StgValue><ssdm name="Matrix_B"/><MemPortTyVec>1 1 </MemPortTyVec>
</StgValue>
</port>
<port id="97" name="Matrix_C" dir="1" iftype="1">
<core>RAM</core><StgValue><ssdm name="Matrix_C"/><MemPortTyVec>0 3 </MemPortTyVec>
</StgValue>
</port>
</ports>


<dataflows>
<dataflow id="99" from="_ssdm_op_SpecBitsMap" to="StgValue_7" fromId="98" toId="7">
</dataflow>
<dataflow id="100" from="Matrix_A" to="StgValue_7" fromId="95" toId="7">
</dataflow>
<dataflow id="101" from="_ssdm_op_SpecBitsMap" to="StgValue_8" fromId="98" toId="8">
</dataflow>
<dataflow id="102" from="Matrix_B" to="StgValue_8" fromId="96" toId="8">
</dataflow>
<dataflow id="103" from="_ssdm_op_SpecBitsMap" to="StgValue_9" fromId="98" toId="9">
</dataflow>
<dataflow id="104" from="Matrix_C" to="StgValue_9" fromId="97" toId="9">
</dataflow>
<dataflow id="106" from="_ssdm_op_SpecTopModule" to="StgValue_10" fromId="105" toId="10">
</dataflow>
<dataflow id="108" from="Matrix_multiplicatio" to="StgValue_10" fromId="107" toId="10">
</dataflow>
<dataflow id="110" from="StgValue_109" to="indvar_flatten" fromId="109" toId="12">
<condition id="49">
<or_exp><and_exp></and_exp></or_exp>
</condition>
</dataflow>
<dataflow id="111" from="StgValue_11" to="indvar_flatten" fromId="11" toId="12">
</dataflow>
<dataflow id="112" from="indvar_flatten_next" to="indvar_flatten" fromId="16" toId="12">
<BackEdge/>
<condition id="50">
<or_exp><and_exp><literal name="exitcond_flatten" val="0"/>
</and_exp></or_exp>
</condition>
</dataflow>
<dataflow id="113" from="StgValue_80" to="indvar_flatten" fromId="80" toId="12">
<BackEdge/>
</dataflow>
<dataflow id="115" from="StgValue_114" to="i" fromId="114" toId="13">
<condition id="51">
<or_exp><and_exp></and_exp></or_exp>
</condition>
</dataflow>
<dataflow id="116" from="StgValue_11" to="i" fromId="11" toId="13">
</dataflow>
<dataflow id="117" from="tmp_1_mid2_v" to="i" fromId="21" toId="13">
<BackEdge/>
<condition id="52">
<or_exp><and_exp><literal name="exitcond_flatten" val="0"/>
</and_exp></or_exp>
</condition>
</dataflow>
<dataflow id="118" from="StgValue_80" to="i" fromId="80" toId="13">
<BackEdge/>
</dataflow>
<dataflow id="119" from="StgValue_114" to="j" fromId="114" toId="14">
<condition id="53">
<or_exp><and_exp></and_exp></or_exp>
</condition>
</dataflow>
<dataflow id="120" from="StgValue_11" to="j" fromId="11" toId="14">
</dataflow>
<dataflow id="121" from="j_1" to="j" fromId="61" toId="14">
<BackEdge/>
<condition id="54">
<or_exp><and_exp><literal name="exitcond_flatten" val="0"/>
</and_exp></or_exp>
</condition>
</dataflow>
<dataflow id="122" from="StgValue_80" to="j" fromId="80" toId="14">
<BackEdge/>
</dataflow>
<dataflow id="123" from="indvar_flatten" to="exitcond_flatten" fromId="12" toId="15">
</dataflow>
<dataflow id="125" from="StgValue_124" to="exitcond_flatten" fromId="124" toId="15">
</dataflow>
<dataflow id="126" from="indvar_flatten" to="indvar_flatten_next" fromId="12" toId="16">
</dataflow>
<dataflow id="128" from="StgValue_127" to="indvar_flatten_next" fromId="127" toId="16">
</dataflow>
<dataflow id="129" from="exitcond_flatten" to="StgValue_17" fromId="15" toId="17">
</dataflow>
<dataflow id="130" from="i" to="i_1" fromId="13" toId="18">
</dataflow>
<dataflow id="132" from="StgValue_131" to="i_1" fromId="131" toId="18">
</dataflow>
<dataflow id="133" from="j" to="tmp_s" fromId="14" toId="19">
</dataflow>
<dataflow id="135" from="StgValue_134" to="tmp_s" fromId="134" toId="19">
</dataflow>
<dataflow id="136" from="tmp_s" to="j_mid2" fromId="19" toId="20">
</dataflow>
<dataflow id="137" from="StgValue_114" to="j_mid2" fromId="114" toId="20">
</dataflow>
<dataflow id="138" from="j" to="j_mid2" fromId="14" toId="20">
</dataflow>
<dataflow id="139" from="tmp_s" to="tmp_1_mid2_v" fromId="19" toId="21">
</dataflow>
<dataflow id="140" from="i_1" to="tmp_1_mid2_v" fromId="18" toId="21">
</dataflow>
<dataflow id="141" from="i" to="tmp_1_mid2_v" fromId="13" toId="21">
</dataflow>
<dataflow id="143" from="_ssdm_op_BitConcatenate.i5.i3.i2" to="tmp" fromId="142" toId="22">
</dataflow>
<dataflow id="144" from="tmp_1_mid2_v" to="tmp" fromId="21" toId="22">
</dataflow>
<dataflow id="146" from="StgValue_145" to="tmp" fromId="145" toId="22">
</dataflow>
<dataflow id="147" from="tmp" to="tmp_1" fromId="22" toId="23">
</dataflow>
<dataflow id="148" from="Matrix_A" to="Matrix_A_addr" fromId="95" toId="24">
</dataflow>
<dataflow id="150" from="StgValue_149" to="Matrix_A_addr" fromId="149" toId="24">
</dataflow>
<dataflow id="151" from="tmp_1" to="Matrix_A_addr" fromId="23" toId="24">
</dataflow>
<dataflow id="152" from="tmp" to="tmp_5" fromId="22" toId="25">
</dataflow>
<dataflow id="153" from="StgValue_127" to="tmp_5" fromId="127" toId="25">
</dataflow>
<dataflow id="155" from="_ssdm_op_BitConcatenate.i32.i27.i5" to="tmp_6" fromId="154" toId="26">
</dataflow>
<dataflow id="157" from="StgValue_156" to="tmp_6" fromId="156" toId="26">
</dataflow>
<dataflow id="158" from="tmp_5" to="tmp_6" fromId="25" toId="26">
</dataflow>
<dataflow id="159" from="Matrix_A" to="Matrix_A_addr_1" fromId="95" toId="27">
</dataflow>
<dataflow id="160" from="StgValue_149" to="Matrix_A_addr_1" fromId="149" toId="27">
</dataflow>
<dataflow id="161" from="tmp_6" to="Matrix_A_addr_1" fromId="26" toId="27">
</dataflow>
<dataflow id="162" from="j_mid2" to="tmp_4" fromId="20" toId="28">
</dataflow>
<dataflow id="163" from="Matrix_B" to="Matrix_B_addr" fromId="96" toId="29">
</dataflow>
<dataflow id="164" from="StgValue_149" to="Matrix_B_addr" fromId="149" toId="29">
</dataflow>
<dataflow id="165" from="tmp_4" to="Matrix_B_addr" fromId="28" toId="29">
</dataflow>
<dataflow id="167" from="_ssdm_op_BitConcatenate.i32.i29.i3" to="tmp_12" fromId="166" toId="30">
</dataflow>
<dataflow id="169" from="StgValue_168" to="tmp_12" fromId="168" toId="30">
</dataflow>
<dataflow id="170" from="j_mid2" to="tmp_12" fromId="20" toId="30">
</dataflow>
<dataflow id="171" from="Matrix_B" to="Matrix_B_addr_2" fromId="96" toId="31">
</dataflow>
<dataflow id="172" from="StgValue_149" to="Matrix_B_addr_2" fromId="149" toId="31">
</dataflow>
<dataflow id="173" from="tmp_12" to="Matrix_B_addr_2" fromId="30" toId="31">
</dataflow>
<dataflow id="174" from="Matrix_A_addr" to="Matrix_A_load" fromId="24" toId="32">
</dataflow>
<dataflow id="175" from="Matrix_B_addr" to="Matrix_B_load" fromId="29" toId="33">
</dataflow>
<dataflow id="176" from="Matrix_A_addr_1" to="Matrix_A_load_1" fromId="27" toId="34">
</dataflow>
<dataflow id="177" from="Matrix_B_addr_2" to="Matrix_B_load_2" fromId="31" toId="35">
</dataflow>
<dataflow id="178" from="tmp" to="tmp_1_cast" fromId="22" toId="36">
</dataflow>
<dataflow id="179" from="tmp" to="tmp_7" fromId="22" toId="37">
</dataflow>
<dataflow id="181" from="StgValue_180" to="tmp_7" fromId="180" toId="37">
</dataflow>
<dataflow id="182" from="_ssdm_op_BitConcatenate.i32.i27.i5" to="tmp_9" fromId="154" toId="38">
</dataflow>
<dataflow id="183" from="StgValue_156" to="tmp_9" fromId="156" toId="38">
</dataflow>
<dataflow id="184" from="tmp_7" to="tmp_9" fromId="37" toId="38">
</dataflow>
<dataflow id="185" from="Matrix_A" to="Matrix_A_addr_2" fromId="95" toId="39">
</dataflow>
<dataflow id="186" from="StgValue_149" to="Matrix_A_addr_2" fromId="149" toId="39">
</dataflow>
<dataflow id="187" from="tmp_9" to="Matrix_A_addr_2" fromId="38" toId="39">
</dataflow>
<dataflow id="188" from="tmp" to="tmp_2" fromId="22" toId="40">
</dataflow>
<dataflow id="190" from="StgValue_189" to="tmp_2" fromId="189" toId="40">
</dataflow>
<dataflow id="191" from="_ssdm_op_BitConcatenate.i32.i27.i5" to="tmp_10" fromId="154" toId="41">
</dataflow>
<dataflow id="192" from="StgValue_156" to="tmp_10" fromId="156" toId="41">
</dataflow>
<dataflow id="193" from="tmp_2" to="tmp_10" fromId="40" toId="41">
</dataflow>
<dataflow id="194" from="Matrix_A" to="Matrix_A_addr_3" fromId="95" toId="42">
</dataflow>
<dataflow id="195" from="StgValue_149" to="Matrix_A_addr_3" fromId="149" toId="42">
</dataflow>
<dataflow id="196" from="tmp_10" to="Matrix_A_addr_3" fromId="41" toId="42">
</dataflow>
<dataflow id="197" from="j_mid2" to="tmp_4_cast4" fromId="20" toId="43">
</dataflow>
<dataflow id="198" from="j_mid2" to="tmp_4_cast3" fromId="20" toId="44">
</dataflow>
<dataflow id="199" from="j_mid2" to="tmp_4_cast" fromId="20" toId="45">
</dataflow>
<dataflow id="200" from="tmp_4_cast" to="tmp_11" fromId="45" toId="46">
</dataflow>
<dataflow id="202" from="StgValue_201" to="tmp_11" fromId="201" toId="46">
</dataflow>
<dataflow id="203" from="tmp_11" to="tmp_12_cast" fromId="46" toId="47">
</dataflow>
<dataflow id="204" from="Matrix_B" to="Matrix_B_addr_1" fromId="96" toId="48">
</dataflow>
<dataflow id="205" from="StgValue_149" to="Matrix_B_addr_1" fromId="149" toId="48">
</dataflow>
<dataflow id="206" from="tmp_12_cast" to="Matrix_B_addr_1" fromId="47" toId="48">
</dataflow>
<dataflow id="207" from="tmp_4_cast3" to="tmp_13" fromId="44" toId="49">
</dataflow>
<dataflow id="209" from="StgValue_208" to="tmp_13" fromId="208" toId="49">
</dataflow>
<dataflow id="210" from="tmp_13" to="tmp_14_cast" fromId="49" toId="50">
</dataflow>
<dataflow id="211" from="Matrix_B" to="Matrix_B_addr_3" fromId="96" toId="51">
</dataflow>
<dataflow id="212" from="StgValue_149" to="Matrix_B_addr_3" fromId="149" toId="51">
</dataflow>
<dataflow id="213" from="tmp_14_cast" to="Matrix_B_addr_3" fromId="50" toId="51">
</dataflow>
<dataflow id="214" from="tmp_4_cast4" to="tmp_14" fromId="43" toId="52">
</dataflow>
<dataflow id="215" from="tmp_1_cast" to="tmp_14" fromId="36" toId="52">
</dataflow>
<dataflow id="216" from="Matrix_A_addr" to="Matrix_A_load" fromId="24" toId="53">
</dataflow>
<dataflow id="217" from="Matrix_B_addr" to="Matrix_B_load" fromId="29" toId="54">
</dataflow>
<dataflow id="218" from="Matrix_A_addr_1" to="Matrix_A_load_1" fromId="27" toId="55">
</dataflow>
<dataflow id="219" from="Matrix_B_addr_1" to="Matrix_B_load_1" fromId="48" toId="56">
</dataflow>
<dataflow id="220" from="Matrix_A_addr_2" to="Matrix_A_load_2" fromId="39" toId="57">
</dataflow>
<dataflow id="221" from="Matrix_B_addr_2" to="Matrix_B_load_2" fromId="31" toId="58">
</dataflow>
<dataflow id="222" from="Matrix_A_addr_3" to="Matrix_A_load_3" fromId="42" toId="59">
</dataflow>
<dataflow id="223" from="Matrix_B_addr_3" to="Matrix_B_load_3" fromId="51" toId="60">
</dataflow>
<dataflow id="224" from="j_mid2" to="j_1" fromId="20" toId="61">
</dataflow>
<dataflow id="225" from="StgValue_131" to="j_1" fromId="131" toId="61">
</dataflow>
<dataflow id="226" from="Matrix_B_addr_1" to="Matrix_B_load_1" fromId="48" toId="62">
</dataflow>
<dataflow id="227" from="Matrix_A_load_1" to="tmp_8_1" fromId="55" toId="63">
</dataflow>
<dataflow id="228" from="Matrix_B_load_1" to="tmp_8_1" fromId="62" toId="63">
</dataflow>
<dataflow id="229" from="Matrix_A_addr_2" to="Matrix_A_load_2" fromId="39" toId="64">
</dataflow>
<dataflow id="230" from="Matrix_A_load_2" to="tmp_8_2" fromId="64" toId="65">
</dataflow>
<dataflow id="231" from="Matrix_B_load_2" to="tmp_8_2" fromId="58" toId="65">
</dataflow>
<dataflow id="232" from="Matrix_A_addr_3" to="Matrix_A_load_3" fromId="42" toId="66">
</dataflow>
<dataflow id="233" from="Matrix_B_addr_3" to="Matrix_B_load_3" fromId="51" toId="67">
</dataflow>
<dataflow id="235" from="_ssdm_op_SpecLoopTripCount" to="empty" fromId="234" toId="68">
</dataflow>
<dataflow id="237" from="StgValue_236" to="empty" fromId="236" toId="68">
</dataflow>
<dataflow id="238" from="StgValue_236" to="empty" fromId="236" toId="68">
</dataflow>
<dataflow id="239" from="StgValue_236" to="empty" fromId="236" toId="68">
</dataflow>
<dataflow id="241" from="_ssdm_op_SpecRegionBegin" to="tmp_3" fromId="240" toId="69">
</dataflow>
<dataflow id="243" from="p_str" to="tmp_3" fromId="242" toId="69">
</dataflow>
<dataflow id="245" from="_ssdm_op_SpecPipeline" to="StgValue_70" fromId="244" toId="70">
</dataflow>
<dataflow id="247" from="StgValue_246" to="StgValue_70" fromId="246" toId="70">
</dataflow>
<dataflow id="249" from="StgValue_248" to="StgValue_70" fromId="248" toId="70">
</dataflow>
<dataflow id="250" from="StgValue_248" to="StgValue_70" fromId="248" toId="70">
</dataflow>
<dataflow id="251" from="StgValue_149" to="StgValue_70" fromId="149" toId="70">
</dataflow>
<dataflow id="253" from="p_str1" to="StgValue_70" fromId="252" toId="70">
</dataflow>
<dataflow id="254" from="tmp_14" to="tmp_15_cast" fromId="52" toId="71">
</dataflow>
<dataflow id="255" from="Matrix_C" to="Matrix_C_addr" fromId="97" toId="72">
</dataflow>
<dataflow id="256" from="StgValue_149" to="Matrix_C_addr" fromId="149" toId="72">
</dataflow>
<dataflow id="257" from="tmp_15_cast" to="Matrix_C_addr" fromId="71" toId="72">
</dataflow>
<dataflow id="258" from="Matrix_A_load" to="tmp_8" fromId="53" toId="73">
</dataflow>
<dataflow id="259" from="Matrix_B_load" to="tmp_8" fromId="54" toId="73">
</dataflow>
<dataflow id="260" from="Matrix_A_load_3" to="tmp_8_3" fromId="66" toId="74">
</dataflow>
<dataflow id="261" from="Matrix_B_load_3" to="tmp_8_3" fromId="67" toId="74">
</dataflow>
<dataflow id="262" from="tmp_8_1" to="tmp1" fromId="63" toId="75">
</dataflow>
<dataflow id="263" from="tmp_8" to="tmp1" fromId="73" toId="75">
</dataflow>
<dataflow id="264" from="tmp_8_2" to="tmp2" fromId="65" toId="76">
</dataflow>
<dataflow id="265" from="tmp_8_3" to="tmp2" fromId="74" toId="76">
</dataflow>
<dataflow id="266" from="tmp2" to="tmp_9_3" fromId="76" toId="77">
</dataflow>
<dataflow id="267" from="tmp1" to="tmp_9_3" fromId="75" toId="77">
</dataflow>
<dataflow id="268" from="tmp_9_3" to="StgValue_78" fromId="77" toId="78">
</dataflow>
<dataflow id="269" from="Matrix_C_addr" to="StgValue_78" fromId="72" toId="78">
</dataflow>
<dataflow id="271" from="_ssdm_op_SpecRegionEnd" to="empty_11" fromId="270" toId="79">
</dataflow>
<dataflow id="272" from="p_str" to="empty_11" fromId="242" toId="79">
</dataflow>
<dataflow id="273" from="tmp_3" to="empty_11" fromId="69" toId="79">
</dataflow>
<dataflow id="274" from="exitcond_flatten" to="StgValue_2" fromId="15" toId="2">
</dataflow>
<dataflow id="275" from="exitcond_flatten" to="StgValue_3" fromId="15" toId="3">
</dataflow>
<dataflow id="276" from="exitcond_flatten" to="StgValue_4" fromId="15" toId="4">
</dataflow>
<dataflow id="277" from="exitcond_flatten" to="StgValue_5" fromId="15" toId="5">
</dataflow>
</dataflows>


</stg>
