<profile>

<section name = "Vivado HLS Report for 'Matrix_multiplication'" level="0">
<item name = "Date">Sat Oct 21 00:31:59 2017
</item>
<item name = "Version">2017.2 (Build 1909853 on Thu Jun 15 18:55:24 MDT 2017)</item>
<item name = "Project">ELEC522_project3</item>
<item name = "Solution">solution2</item>
<item name = "Product family">zynq</item>
<item name = "Target device">xc7z020clg484-1</item>
</section>

<section name = "Performance Estimates" level="0">
<item name = "Timing (ns)">
<section name = "" level="1">
<item name = "Target clock period (ns)">10.00</item>
<item name = "Clock uncertainty (ns)">1.25</item>
<item name = "Estimated clock period (ns)">8.70</item>
</section>
</item>
<item name = "Latency (clock cycles)">
<section name = "" level="1">
<item name = "Summary"><table name="" hasTotal="0">
<keys size="6">, min, max, min, max, Type</keys>
<column name="">193, 193, 194, 194, none</column>
</table>
</item>
<item name = "Detail">
<section name = "" level="1">
<item name = "Instance"><table name="" hasTotal="0">
<keys size="7">Instance, Module, min, max, min, max, Type</keys>
</table>
</item>
<item name = "Loop"><table name="" hasTotal="0">
<keys size="8">Loop Name, min, max, Latency, achieved, target, Count, Pipelined</keys>
<column name="- Loop 1">192, 192, 12, -, -, 16, no</column>
<column name=" + Loop 1.1">8, 8, 3, 2, 1, 4, yes</column>
</table>
</item>
</section>
</item>
</section>
</item>
</section>

<section name = "Utilization Estimates" level="0">
<item name = "Summary"><table name="" hasTotal="1">
<keys size="5">Name, BRAM_18K, DSP48E, FF, LUT</keys>
<column name="DSP">-, 1, -, -</column>
<column name="Expression">-, -, 131, 87</column>
<column name="FIFO">-, -, -, -</column>
<column name="Instance">-, -, -, -</column>
<column name="Memory">-, -, -, -</column>
<column name="Multiplexer">-, -, -, 130</column>
<column name="Register">-, -, 79, -</column>
<specialColumn name="Available">280, 220, 106400, 53200</specialColumn>
<specialColumn name="Utilization (%)">0, ~0, ~0, ~0</specialColumn>
</table>
</item>
<item name = "Detail">
<section name = "" level="1">
<item name = "Instance"><table name="" hasTotal="1">
<keys size="6">Instance, Module, BRAM_18K, DSP48E, FF, LUT</keys>
</table>
</item>
<item name = "DSP48"><table name="" hasTotal="0">
<keys size="3">Instance, Module, Expression</keys>
<column name="Matrix_multiplicabkb_U0">Matrix_multiplicabkb, i0 + i1 * i2</column>
</table>
</item>
<item name = "Memory"><table name="" hasTotal="1">
<keys size="9">Memory, Module, BRAM_18K, FF, LUT, Words, Bits, Banks, W*Bits*Banks</keys>
</table>
</item>
<item name = "FIFO"><table name="" hasTotal="1">
<keys size="7">Name, BRAM_18K, FF, LUT, Depth, Bits, Size:D*B</keys>
</table>
</item>
<item name = "Expression"><table name="" hasTotal="1">
<keys size="7">Variable Name, Operation, DSP48E, FF, LUT, Bitwidth P0, Bitwidth P1</keys>
<column name="i_1_fu_145_p2">+, 0, 14, 9, 3, 1</column>
<column name="indvar_flatten_next_fu_139_p2">+, 0, 20, 10, 5, 1</column>
<column name="j_1_fu_246_p2">+, 0, 14, 9, 3, 1</column>
<column name="k_1_fu_204_p2">+, 0, 14, 9, 3, 1</column>
<column name="tmp_1_fu_214_p2">+, 0, 23, 11, 6, 6</column>
<column name="tmp_4_fu_236_p2">+, 0, 23, 11, 6, 6</column>
<column name="tmp_6_fu_187_p2">+, 0, 23, 11, 6, 6</column>
<column name="exitcond_flatten_fu_133_p2">icmp, 0, 0, 3, 5, 6</column>
<column name="tmp_5_fu_198_p2">icmp, 0, 0, 2, 3, 4</column>
<column name="tmp_s_fu_151_p2">icmp, 0, 0, 2, 3, 4</column>
<column name="j_mid2_fu_157_p3">select, 0, 0, 3, 1, 1</column>
<column name="tmp_1_mid2_v_fu_165_p3">select, 0, 0, 3, 1, 3</column>
<column name="ap_enable_pp0">xor, 0, 0, 2, 1, 2</column>
<column name="ap_enable_reg_pp0_iter1">xor, 0, 0, 2, 1, 2</column>
</table>
</item>
<item name = "Multiplexer"><table name="" hasTotal="1">
<keys size="5">Name, LUT, Input Size, Bits, Total Bits</keys>
<column name="Matrix_C_address0">15, 3, 4, 12</column>
<column name="Matrix_C_d0">15, 3, 16, 48</column>
<column name="ap_NS_fsm">40, 7, 1, 7</column>
<column name="ap_enable_reg_pp0_iter1">15, 3, 1, 3</column>
<column name="i_reg_100">9, 2, 3, 6</column>
<column name="indvar_flatten_reg_89">9, 2, 5, 10</column>
<column name="j_reg_111">9, 2, 3, 6</column>
<column name="k_phi_fu_126_p4">9, 2, 3, 6</column>
<column name="k_reg_122">9, 2, 3, 6</column>
</table>
</item>
<item name = "Register"><table name="" hasTotal="1">
<keys size="5">Name, FF, LUT, Bits, Const Bits</keys>
<column name="Matrix_A_load_reg_312">16, 0, 16, 0</column>
<column name="Matrix_B_load_reg_317">16, 0, 16, 0</column>
<column name="Matrix_C_addr_reg_288">4, 0, 4, 0</column>
<column name="ap_CS_fsm">6, 0, 6, 0</column>
<column name="ap_enable_reg_pp0_iter0">1, 0, 1, 0</column>
<column name="ap_enable_reg_pp0_iter1">1, 0, 1, 0</column>
<column name="i_reg_100">3, 0, 3, 0</column>
<column name="indvar_flatten_next_reg_261">5, 0, 5, 0</column>
<column name="indvar_flatten_reg_89">5, 0, 5, 0</column>
<column name="j_mid2_reg_266">3, 0, 3, 0</column>
<column name="j_reg_111">3, 0, 3, 0</column>
<column name="k_1_reg_297">3, 0, 3, 0</column>
<column name="k_reg_122">3, 0, 3, 0</column>
<column name="tmp_1_cast_reg_278">3, 0, 6, 3</column>
<column name="tmp_1_mid2_v_reg_272">3, 0, 3, 0</column>
<column name="tmp_4_cast_reg_283">3, 0, 6, 3</column>
<column name="tmp_5_reg_293">1, 0, 1, 0</column>
</table>
</item>
</section>
</item>
</section>

<section name = "Interface" level="0">
<item name = "Summary"><table name="" hasTotal="0">
<keys size="6">RTL Ports, Dir, Bits, Protocol, Source Object, C Type</keys>
<column name="ap_clk">in, 1, ap_ctrl_hs, Matrix_multiplication, return value</column>
<column name="ap_rst">in, 1, ap_ctrl_hs, Matrix_multiplication, return value</column>
<column name="ap_start">in, 1, ap_ctrl_hs, Matrix_multiplication, return value</column>
<column name="ap_done">out, 1, ap_ctrl_hs, Matrix_multiplication, return value</column>
<column name="ap_idle">out, 1, ap_ctrl_hs, Matrix_multiplication, return value</column>
<column name="ap_ready">out, 1, ap_ctrl_hs, Matrix_multiplication, return value</column>
<column name="Matrix_A_address0">out, 4, ap_memory, Matrix_A, array</column>
<column name="Matrix_A_ce0">out, 1, ap_memory, Matrix_A, array</column>
<column name="Matrix_A_q0">in, 16, ap_memory, Matrix_A, array</column>
<column name="Matrix_B_address0">out, 4, ap_memory, Matrix_B, array</column>
<column name="Matrix_B_ce0">out, 1, ap_memory, Matrix_B, array</column>
<column name="Matrix_B_q0">in, 16, ap_memory, Matrix_B, array</column>
<column name="Matrix_C_address0">out, 4, ap_memory, Matrix_C, array</column>
<column name="Matrix_C_ce0">out, 1, ap_memory, Matrix_C, array</column>
<column name="Matrix_C_we0">out, 1, ap_memory, Matrix_C, array</column>
<column name="Matrix_C_d0">out, 16, ap_memory, Matrix_C, array</column>
<column name="Matrix_C_q0">in, 16, ap_memory, Matrix_C, array</column>
</table>
</item>
</section>

<section name = "Critical Path" level="0">
<item name = "Max Delay">8.70</item>
<item name = "Critical Path Table"><table name="Critical Path Table" hasTotal="0">
<keys size="15">Name, Operator, Delay, Accumulated Delay, Store Source, Resource, Core, Interface, Type, Port, Array, Scope, Pointer, Callee, Phi Node</keys>
<column name="'tmp_8', ELEC522_project3/M_NULT.cpp:19">mul, 3.36, 3.36, -, -, -, -, -, -, -, -, -, -, -</column>
<column name="'tmp_9', ELEC522_project3/M_NULT.cpp:19">add, 3.02, 6.38, -, -, -, -, -, -, -, -, -, -, -</column>
<column name="ELEC522_project3/M_NULT.cpp:19">store, 2.32, 8.70, &apos;tmp_9&apos;, ELEC522_project3/M_NULT.cpp:19, -, -, -, -, -, &apos;Matrix_C&apos;, -, -, -, -</column>
</table>
</item>
</section>
</profile>
