<stg><name>Matrix_multiplication</name>


<trans_list>

<trans id="62" from="1" to="2">
<condition id="19">
<or_exp><and_exp></and_exp></or_exp>
</condition>
</trans>

<trans id="63" from="2" to="3">
<condition id="20">
<or_exp><and_exp><literal name="exitcond_flatten" val="0"/>
</and_exp></or_exp>
</condition>
</trans>

<trans id="65" from="3" to="4">
<condition id="23">
<or_exp><and_exp></and_exp></or_exp>
</condition>
</trans>

<trans id="75" from="4" to="7">
<condition id="33">
<or_exp><and_exp><literal name="tmp_5" val="1"/>
</and_exp></or_exp>
</condition>
</trans>

<trans id="76" from="4" to="5">
<condition id="36">
<or_exp><and_exp><literal name="tmp_5" val="0"/>
</and_exp></or_exp>
</condition>
</trans>

<trans id="73" from="5" to="6">
<condition id="34">
<or_exp><and_exp></and_exp></or_exp>
</condition>
</trans>

<trans id="74" from="6" to="4">
<condition id="35">
<or_exp><and_exp></and_exp></or_exp>
</condition>
</trans>

<trans id="71" from="7" to="2">
<condition id="32">
<or_exp><and_exp></and_exp></or_exp>
</condition>
</trans>
</trans_list>



<state_list>

<state id="1" st_id="1">

<operation id="8" st_id="1" stage="1" lat="1">
<core>NULL</core>
<MemPortIdVec></MemPortIdVec>
<condition id="10">
<or_exp><and_exp></and_exp></or_exp>
</condition>

<Node id="4" bw="0" op_0_bw="0" op_1_bw="16">
<![CDATA[
:0  call void (...)* @_ssdm_op_SpecBitsMap([16 x i16]* %Matrix_A) nounwind, !map !7

]]></Node>
<StgValue><ssdm name=""/></StgValue>
</operation>

<operation id="9" st_id="1" stage="1" lat="1">
<core>NULL</core>
<MemPortIdVec></MemPortIdVec>
<condition id="10">
<or_exp><and_exp></and_exp></or_exp>
</condition>

<Node id="5" bw="0" op_0_bw="0" op_1_bw="16">
<![CDATA[
:1  call void (...)* @_ssdm_op_SpecBitsMap([16 x i16]* %Matrix_B) nounwind, !map !13

]]></Node>
<StgValue><ssdm name=""/></StgValue>
</operation>

<operation id="10" st_id="1" stage="1" lat="1">
<core>NULL</core>
<MemPortIdVec></MemPortIdVec>
<condition id="10">
<or_exp><and_exp></and_exp></or_exp>
</condition>

<Node id="6" bw="0" op_0_bw="0" op_1_bw="16">
<![CDATA[
:2  call void (...)* @_ssdm_op_SpecBitsMap([16 x i16]* %Matrix_C) nounwind, !map !17

]]></Node>
<StgValue><ssdm name=""/></StgValue>
</operation>

<operation id="11" st_id="1" stage="1" lat="1">
<core>NULL</core>
<MemPortIdVec></MemPortIdVec>
<condition id="10">
<or_exp><and_exp></and_exp></or_exp>
</condition>

<Node id="7" bw="0" op_0_bw="0" op_1_bw="0">
<![CDATA[
:3  call void (...)* @_ssdm_op_SpecTopModule([22 x i8]* @Matrix_multiplicatio) nounwind

]]></Node>
<StgValue><ssdm name=""/></StgValue>
</operation>

<operation id="12" st_id="1" stage="1" lat="1">
<core>NULL</core>
<MemPortIdVec></MemPortIdVec>
<condition id="10">
<or_exp><and_exp></and_exp></or_exp>
</condition>

<Node id="8" bw="0" op_0_bw="0">
<![CDATA[
:4  br label %.preheader

]]></Node>
<StgValue><ssdm name=""/></StgValue>
</operation>
</state>

<state id="2" st_id="2">

<operation id="13" st_id="2" stage="1" lat="1">
<core>NULL</core>
<MemPortIdVec></MemPortIdVec>
<condition id="11">
<or_exp><and_exp></and_exp></or_exp>
</condition>

<Node id="10" bw="5" op_0_bw="5" op_1_bw="0">
<![CDATA[
.preheader:0  %indvar_flatten = phi i5 [ 0, %0 ], [ %indvar_flatten_next, %3 ]

]]></Node>
<StgValue><ssdm name="indvar_flatten"/></StgValue>
</operation>

<operation id="14" st_id="2" stage="1" lat="1">
<core>NULL</core>
<MemPortIdVec></MemPortIdVec>
<condition id="11">
<or_exp><and_exp></and_exp></or_exp>
</condition>

<Node id="11" bw="3" op_0_bw="3" op_1_bw="0">
<![CDATA[
.preheader:1  %i = phi i3 [ 0, %0 ], [ %tmp_1_mid2_v, %3 ]

]]></Node>
<StgValue><ssdm name="i"/></StgValue>
</operation>

<operation id="15" st_id="2" stage="1" lat="1">
<core>NULL</core>
<MemPortIdVec></MemPortIdVec>
<condition id="11">
<or_exp><and_exp></and_exp></or_exp>
</condition>

<Node id="12" bw="3" op_0_bw="3" op_1_bw="0">
<![CDATA[
.preheader:2  %j = phi i3 [ 0, %0 ], [ %j_1, %3 ]

]]></Node>
<StgValue><ssdm name="j"/></StgValue>
</operation>

<operation id="16" st_id="2" stage="1" lat="1">
<core>Cmp</core>
<MemPortIdVec></MemPortIdVec>
<condition id="11">
<or_exp><and_exp></and_exp></or_exp>
</condition>

<Node id="13" bw="1" op_0_bw="5" op_1_bw="5">
<![CDATA[
.preheader:3  %exitcond_flatten = icmp eq i5 %indvar_flatten, -16

]]></Node>
<StgValue><ssdm name="exitcond_flatten"/></StgValue>
</operation>

<operation id="17" st_id="2" stage="1" lat="1">
<core>AddSub</core>
<MemPortIdVec></MemPortIdVec>
<condition id="11">
<or_exp><and_exp></and_exp></or_exp>
</condition>

<Node id="14" bw="5" op_0_bw="5" op_1_bw="5">
<![CDATA[
.preheader:4  %indvar_flatten_next = add i5 %indvar_flatten, 1

]]></Node>
<StgValue><ssdm name="indvar_flatten_next"/></StgValue>
</operation>

<operation id="18" st_id="2" stage="1" lat="1">
<core>NULL</core>
<MemPortIdVec></MemPortIdVec>
<condition id="11">
<or_exp><and_exp></and_exp></or_exp>
</condition>

<Node id="15" bw="0" op_0_bw="1" op_1_bw="0" op_2_bw="0">
<![CDATA[
.preheader:5  br i1 %exitcond_flatten, label %4, label %.preheader.preheader

]]></Node>
<StgValue><ssdm name=""/></StgValue>
</operation>

<operation id="19" st_id="2" stage="1" lat="1">
<core>AddSub</core>
<MemPortIdVec></MemPortIdVec>
<condition id="13">
<or_exp><and_exp><literal name="exitcond_flatten" val="0"/>
</and_exp></or_exp>
</condition>

<Node id="17" bw="3" op_0_bw="3" op_1_bw="3">
<![CDATA[
.preheader.preheader:0  %i_1 = add i3 %i, 1

]]></Node>
<StgValue><ssdm name="i_1"/></StgValue>
</operation>

<operation id="20" st_id="2" stage="1" lat="1">
<core>Cmp</core>
<MemPortIdVec></MemPortIdVec>
<condition id="13">
<or_exp><and_exp><literal name="exitcond_flatten" val="0"/>
</and_exp></or_exp>
</condition>

<Node id="19" bw="1" op_0_bw="3" op_1_bw="3">
<![CDATA[
.preheader.preheader:2  %tmp_s = icmp eq i3 %j, -4

]]></Node>
<StgValue><ssdm name="tmp_s"/></StgValue>
</operation>

<operation id="21" st_id="2" stage="1" lat="1">
<core>Sel</core>
<MemPortIdVec></MemPortIdVec>
<condition id="13">
<or_exp><and_exp><literal name="exitcond_flatten" val="0"/>
</and_exp></or_exp>
</condition>

<Node id="20" bw="3" op_0_bw="1" op_1_bw="3" op_2_bw="3">
<![CDATA[
.preheader.preheader:3  %j_mid2 = select i1 %tmp_s, i3 0, i3 %j

]]></Node>
<StgValue><ssdm name="j_mid2"/></StgValue>
</operation>

<operation id="22" st_id="2" stage="1" lat="1">
<core>Sel</core>
<MemPortIdVec></MemPortIdVec>
<condition id="13">
<or_exp><and_exp><literal name="exitcond_flatten" val="0"/>
</and_exp></or_exp>
</condition>

<Node id="21" bw="3" op_0_bw="1" op_1_bw="3" op_2_bw="3">
<![CDATA[
.preheader.preheader:4  %tmp_1_mid2_v = select i1 %tmp_s, i3 %i_1, i3 %i

]]></Node>
<StgValue><ssdm name="tmp_1_mid2_v"/></StgValue>
</operation>

<operation id="23" st_id="2" stage="1" lat="1">
<core>NULL</core>
<MemPortIdVec></MemPortIdVec>
<condition id="15">
<or_exp><and_exp><literal name="exitcond_flatten" val="1"/>
</and_exp></or_exp>
</condition>

<Node id="60" bw="0">
<![CDATA[
:0  ret void

]]></Node>
<StgValue><ssdm name=""/></StgValue>
</operation>
</state>

<state id="3" st_id="3">

<operation id="24" st_id="3" stage="1" lat="1">
<core>NULL</core>
<MemPortIdVec></MemPortIdVec>
<condition id="16">
<or_exp><and_exp></and_exp></or_exp>
</condition>

<Node id="18" bw="32" op_0_bw="32" op_1_bw="64" op_2_bw="64" op_3_bw="64">
<![CDATA[
.preheader.preheader:1  %empty_6 = call i32 (...)* @_ssdm_op_SpecLoopTripCount(i64 16, i64 16, i64 16) nounwind

]]></Node>
<StgValue><ssdm name="empty_6"/></StgValue>
</operation>

<operation id="25" st_id="3" stage="1" lat="1">
<core>NULL</core>
<MemPortIdVec></MemPortIdVec>
<condition id="16">
<or_exp><and_exp></and_exp></or_exp>
</condition>

<Node id="22" bw="5" op_0_bw="5" op_1_bw="3" op_2_bw="2">
<![CDATA[
.preheader.preheader:5  %tmp = call i5 @_ssdm_op_BitConcatenate.i5.i3.i2(i3 %tmp_1_mid2_v, i2 0)

]]></Node>
<StgValue><ssdm name="tmp"/></StgValue>
</operation>

<operation id="26" st_id="3" stage="1" lat="1">
<core>NULL</core>
<MemPortIdVec></MemPortIdVec>
<condition id="16">
<or_exp><and_exp></and_exp></or_exp>
</condition>

<Node id="23" bw="6" op_0_bw="5">
<![CDATA[
.preheader.preheader:6  %tmp_1_cast = zext i5 %tmp to i6

]]></Node>
<StgValue><ssdm name="tmp_1_cast"/></StgValue>
</operation>

<operation id="27" st_id="3" stage="1" lat="1">
<core>NULL</core>
<MemPortIdVec></MemPortIdVec>
<condition id="16">
<or_exp><and_exp></and_exp></or_exp>
</condition>

<Node id="24" bw="6" op_0_bw="3">
<![CDATA[
.preheader.preheader:7  %tmp_4_cast = zext i3 %j_mid2 to i6

]]></Node>
<StgValue><ssdm name="tmp_4_cast"/></StgValue>
</operation>

<operation id="28" st_id="3" stage="1" lat="1">
<core>AddSub</core>
<MemPortIdVec></MemPortIdVec>
<condition id="16">
<or_exp><and_exp></and_exp></or_exp>
</condition>

<Node id="25" bw="6" op_0_bw="6" op_1_bw="6">
<![CDATA[
.preheader.preheader:8  %tmp_6 = add i6 %tmp_4_cast, %tmp_1_cast

]]></Node>
<StgValue><ssdm name="tmp_6"/></StgValue>
</operation>

<operation id="29" st_id="3" stage="1" lat="1">
<core>NULL</core>
<MemPortIdVec></MemPortIdVec>
<condition id="16">
<or_exp><and_exp></and_exp></or_exp>
</condition>

<Node id="26" bw="32" op_0_bw="6">
<![CDATA[
.preheader.preheader:9  %tmp_6_cast = zext i6 %tmp_6 to i32

]]></Node>
<StgValue><ssdm name="tmp_6_cast"/></StgValue>
</operation>

<operation id="30" st_id="3" stage="1" lat="1">
<core>NULL</core>
<MemPortIdVec></MemPortIdVec>
<condition id="16">
<or_exp><and_exp></and_exp></or_exp>
</condition>

<Node id="27" bw="4" op_0_bw="16" op_1_bw="32" op_2_bw="32">
<![CDATA[
.preheader.preheader:10  %Matrix_C_addr = getelementptr [16 x i16]* %Matrix_C, i32 0, i32 %tmp_6_cast

]]></Node>
<StgValue><ssdm name="Matrix_C_addr"/></StgValue>
</operation>

<operation id="31" st_id="3" stage="1" lat="1">
<core>RAM</core>
<MemPortIdVec>0 </MemPortIdVec>
<condition id="16">
<or_exp><and_exp></and_exp></or_exp>
</condition>

<Node id="28" bw="0" op_0_bw="16" op_1_bw="4">
<![CDATA[
.preheader.preheader:11  store i16 0, i16* %Matrix_C_addr, align 2

]]></Node>
<StgValue><ssdm name=""/></StgValue>
</operation>

<operation id="32" st_id="3" stage="1" lat="1">
<core>NULL</core>
<MemPortIdVec></MemPortIdVec>
<condition id="16">
<or_exp><and_exp></and_exp></or_exp>
</condition>

<Node id="29" bw="0" op_0_bw="0">
<![CDATA[
.preheader.preheader:12  br label %1

]]></Node>
<StgValue><ssdm name=""/></StgValue>
</operation>
</state>

<state id="4" st_id="4">

<operation id="33" st_id="4" stage="1" lat="1">
<core>NULL</core>
<MemPortIdVec></MemPortIdVec>
<condition id="-1">
<or_exp><and_exp></and_exp></or_exp>
</condition>

<Node id="31" bw="3" op_0_bw="3" op_1_bw="0">
<![CDATA[
:0  %k = phi i3 [ 0, %.preheader.preheader ], [ %k_1, %2 ]

]]></Node>
<StgValue><ssdm name="k"/></StgValue>
</operation>

<operation id="34" st_id="4" stage="1" lat="1">
<core>Cmp</core>
<MemPortIdVec></MemPortIdVec>
<condition id="-1">
<or_exp><and_exp></and_exp></or_exp>
</condition>

<Node id="32" bw="1" op_0_bw="3" op_1_bw="3">
<![CDATA[
:1  %tmp_5 = icmp eq i3 %k, -4

]]></Node>
<StgValue><ssdm name="tmp_5"/></StgValue>
</operation>

<operation id="35" st_id="4" stage="1" lat="1">
<core>AddSub</core>
<MemPortIdVec></MemPortIdVec>
<condition id="-1">
<or_exp><and_exp></and_exp></or_exp>
</condition>

<Node id="33" bw="3" op_0_bw="3" op_1_bw="3">
<![CDATA[
:2  %k_1 = add i3 %k, 1

]]></Node>
<StgValue><ssdm name="k_1"/></StgValue>
</operation>

<operation id="36" st_id="4" stage="1" lat="1">
<core>NULL</core>
<MemPortIdVec></MemPortIdVec>
<condition id="-1">
<or_exp><and_exp></and_exp></or_exp>
</condition>

<Node id="34" bw="0" op_0_bw="1" op_1_bw="0" op_2_bw="0">
<![CDATA[
:3  br i1 %tmp_5, label %3, label %2

]]></Node>
<StgValue><ssdm name=""/></StgValue>
</operation>

<operation id="37" st_id="4" stage="1" lat="1">
<core>NULL</core>
<MemPortIdVec></MemPortIdVec>
<condition id="0">
<or_exp><and_exp><literal name="tmp_5" val="0"/>
</and_exp></or_exp>
</condition>

<Node id="39" bw="6" op_0_bw="3">
<![CDATA[
:3  %tmp_7_cast = zext i3 %k to i6

]]></Node>
<StgValue><ssdm name="tmp_7_cast"/></StgValue>
</operation>

<operation id="38" st_id="4" stage="1" lat="1">
<core>AddSub</core>
<MemPortIdVec></MemPortIdVec>
<condition id="0">
<or_exp><and_exp><literal name="tmp_5" val="0"/>
</and_exp></or_exp>
</condition>

<Node id="40" bw="6" op_0_bw="6" op_1_bw="6">
<![CDATA[
:4  %tmp_1 = add i6 %tmp_7_cast, %tmp_1_cast

]]></Node>
<StgValue><ssdm name="tmp_1"/></StgValue>
</operation>

<operation id="39" st_id="4" stage="1" lat="1">
<core>NULL</core>
<MemPortIdVec></MemPortIdVec>
<condition id="0">
<or_exp><and_exp><literal name="tmp_5" val="0"/>
</and_exp></or_exp>
</condition>

<Node id="41" bw="32" op_0_bw="6">
<![CDATA[
:5  %tmp_10_cast = zext i6 %tmp_1 to i32

]]></Node>
<StgValue><ssdm name="tmp_10_cast"/></StgValue>
</operation>

<operation id="40" st_id="4" stage="1" lat="1">
<core>NULL</core>
<MemPortIdVec></MemPortIdVec>
<condition id="0">
<or_exp><and_exp><literal name="tmp_5" val="0"/>
</and_exp></or_exp>
</condition>

<Node id="42" bw="4" op_0_bw="16" op_1_bw="32" op_2_bw="32">
<![CDATA[
:6  %Matrix_A_addr = getelementptr [16 x i16]* %Matrix_A, i32 0, i32 %tmp_10_cast

]]></Node>
<StgValue><ssdm name="Matrix_A_addr"/></StgValue>
</operation>

<operation id="41" st_id="4" stage="1" lat="1">
<core>NULL</core>
<MemPortIdVec></MemPortIdVec>
<condition id="0">
<or_exp><and_exp><literal name="tmp_5" val="0"/>
</and_exp></or_exp>
</condition>

<Node id="43" bw="5" op_0_bw="5" op_1_bw="3" op_2_bw="2">
<![CDATA[
:7  %tmp_2 = call i5 @_ssdm_op_BitConcatenate.i5.i3.i2(i3 %k, i2 0)

]]></Node>
<StgValue><ssdm name="tmp_2"/></StgValue>
</operation>

<operation id="42" st_id="4" stage="1" lat="1">
<core>NULL</core>
<MemPortIdVec></MemPortIdVec>
<condition id="0">
<or_exp><and_exp><literal name="tmp_5" val="0"/>
</and_exp></or_exp>
</condition>

<Node id="44" bw="6" op_0_bw="5">
<![CDATA[
:8  %tmp_12_cast = zext i5 %tmp_2 to i6

]]></Node>
<StgValue><ssdm name="tmp_12_cast"/></StgValue>
</operation>

<operation id="43" st_id="4" stage="1" lat="1">
<core>AddSub</core>
<MemPortIdVec></MemPortIdVec>
<condition id="0">
<or_exp><and_exp><literal name="tmp_5" val="0"/>
</and_exp></or_exp>
</condition>

<Node id="45" bw="6" op_0_bw="6" op_1_bw="6">
<![CDATA[
:9  %tmp_4 = add i6 %tmp_4_cast, %tmp_12_cast

]]></Node>
<StgValue><ssdm name="tmp_4"/></StgValue>
</operation>

<operation id="44" st_id="4" stage="1" lat="1">
<core>NULL</core>
<MemPortIdVec></MemPortIdVec>
<condition id="0">
<or_exp><and_exp><literal name="tmp_5" val="0"/>
</and_exp></or_exp>
</condition>

<Node id="46" bw="32" op_0_bw="6">
<![CDATA[
:10  %tmp_13_cast = zext i6 %tmp_4 to i32

]]></Node>
<StgValue><ssdm name="tmp_13_cast"/></StgValue>
</operation>

<operation id="45" st_id="4" stage="1" lat="1">
<core>NULL</core>
<MemPortIdVec></MemPortIdVec>
<condition id="0">
<or_exp><and_exp><literal name="tmp_5" val="0"/>
</and_exp></or_exp>
</condition>

<Node id="47" bw="4" op_0_bw="16" op_1_bw="32" op_2_bw="32">
<![CDATA[
:11  %Matrix_B_addr = getelementptr [16 x i16]* %Matrix_B, i32 0, i32 %tmp_13_cast

]]></Node>
<StgValue><ssdm name="Matrix_B_addr"/></StgValue>
</operation>

<operation id="46" st_id="4" stage="2" lat="2">
<core>RAM</core>
<MemPortIdVec>0 </MemPortIdVec>
<condition id="0">
<or_exp><and_exp><literal name="tmp_5" val="0"/>
</and_exp></or_exp>
</condition>

<Node id="48" bw="16" op_0_bw="4">
<![CDATA[
:12  %Matrix_A_load = load i16* %Matrix_A_addr, align 2

]]></Node>
<StgValue><ssdm name="Matrix_A_load"/></StgValue>
</operation>

<operation id="47" st_id="4" stage="2" lat="2">
<core>RAM</core>
<MemPortIdVec>0 </MemPortIdVec>
<condition id="0">
<or_exp><and_exp><literal name="tmp_5" val="0"/>
</and_exp></or_exp>
</condition>

<Node id="49" bw="16" op_0_bw="4">
<![CDATA[
:13  %Matrix_B_load = load i16* %Matrix_B_addr, align 2

]]></Node>
<StgValue><ssdm name="Matrix_B_load"/></StgValue>
</operation>
</state>

<state id="5" st_id="5">

<operation id="48" st_id="5" stage="1" lat="2">
<core>RAM</core>
<MemPortIdVec>0 </MemPortIdVec>
<condition id="0">
<or_exp><and_exp><literal name="tmp_5" val="0"/>
</and_exp></or_exp>
</condition>

<Node id="48" bw="16" op_0_bw="4">
<![CDATA[
:12  %Matrix_A_load = load i16* %Matrix_A_addr, align 2

]]></Node>
<StgValue><ssdm name="Matrix_A_load"/></StgValue>
</operation>

<operation id="49" st_id="5" stage="1" lat="2">
<core>RAM</core>
<MemPortIdVec>0 </MemPortIdVec>
<condition id="0">
<or_exp><and_exp><literal name="tmp_5" val="0"/>
</and_exp></or_exp>
</condition>

<Node id="49" bw="16" op_0_bw="4">
<![CDATA[
:13  %Matrix_B_load = load i16* %Matrix_B_addr, align 2

]]></Node>
<StgValue><ssdm name="Matrix_B_load"/></StgValue>
</operation>

<operation id="50" st_id="5" stage="2" lat="2">
<core>RAM</core>
<MemPortIdVec>0 </MemPortIdVec>
<condition id="0">
<or_exp><and_exp><literal name="tmp_5" val="0"/>
</and_exp></or_exp>
</condition>

<Node id="51" bw="16" op_0_bw="4">
<![CDATA[
:15  %Matrix_C_load = load i16* %Matrix_C_addr, align 2

]]></Node>
<StgValue><ssdm name="Matrix_C_load"/></StgValue>
</operation>
</state>

<state id="6" st_id="6">

<operation id="51" st_id="6" stage="1" lat="1">
<core>NULL</core>
<MemPortIdVec></MemPortIdVec>
<condition id="0">
<or_exp><and_exp><literal name="tmp_5" val="0"/>
</and_exp></or_exp>
</condition>

<Node id="36" bw="32" op_0_bw="32" op_1_bw="64" op_2_bw="64" op_3_bw="64">
<![CDATA[
:0  %empty = call i32 (...)* @_ssdm_op_SpecLoopTripCount(i64 4, i64 4, i64 4) nounwind

]]></Node>
<StgValue><ssdm name="empty"/></StgValue>
</operation>

<operation id="52" st_id="6" stage="1" lat="1">
<core>NULL</core>
<MemPortIdVec></MemPortIdVec>
<condition id="0">
<or_exp><and_exp><literal name="tmp_5" val="0"/>
</and_exp></or_exp>
</condition>

<Node id="37" bw="32" op_0_bw="32" op_1_bw="0">
<![CDATA[
:1  %tmp_3 = call i32 (...)* @_ssdm_op_SpecRegionBegin([12 x i8]* @p_str) nounwind

]]></Node>
<StgValue><ssdm name="tmp_3"/></StgValue>
</operation>

<operation id="53" st_id="6" stage="1" lat="1">
<core>NULL</core>
<MemPortIdVec></MemPortIdVec>
<condition id="0">
<or_exp><and_exp><literal name="tmp_5" val="0"/>
</and_exp></or_exp>
</condition>

<Node id="38" bw="0" op_0_bw="0" op_1_bw="32" op_2_bw="32" op_3_bw="32" op_4_bw="32" op_5_bw="0">
<![CDATA[
:2  call void (...)* @_ssdm_op_SpecPipeline(i32 -1, i32 1, i32 1, i32 0, [1 x i8]* @p_str1) nounwind

]]></Node>
<StgValue><ssdm name=""/></StgValue>
</operation>

<operation id="54" st_id="6" stage="1" lat="1">
<core>DSP48</core>
<MemPortIdVec></MemPortIdVec>
<condition id="0">
<or_exp><and_exp><literal name="tmp_5" val="0"/>
</and_exp></or_exp>
</condition>

<Node id="50" bw="16" op_0_bw="16" op_1_bw="16">
<![CDATA[
:14  %tmp_8 = mul i16 %Matrix_A_load, %Matrix_B_load

]]></Node>
<StgValue><ssdm name="tmp_8"/></StgValue>
</operation>

<operation id="55" st_id="6" stage="1" lat="2">
<core>RAM</core>
<MemPortIdVec>0 </MemPortIdVec>
<condition id="0">
<or_exp><and_exp><literal name="tmp_5" val="0"/>
</and_exp></or_exp>
</condition>

<Node id="51" bw="16" op_0_bw="4">
<![CDATA[
:15  %Matrix_C_load = load i16* %Matrix_C_addr, align 2

]]></Node>
<StgValue><ssdm name="Matrix_C_load"/></StgValue>
</operation>

<operation id="56" st_id="6" stage="1" lat="1">
<core>DSP48</core>
<MemPortIdVec></MemPortIdVec>
<condition id="0">
<or_exp><and_exp><literal name="tmp_5" val="0"/>
</and_exp></or_exp>
</condition>

<Node id="52" bw="16" op_0_bw="16" op_1_bw="16">
<![CDATA[
:16  %tmp_9 = add i16 %Matrix_C_load, %tmp_8

]]></Node>
<StgValue><ssdm name="tmp_9"/></StgValue>
</operation>

<operation id="57" st_id="6" stage="1" lat="1">
<core>RAM</core>
<MemPortIdVec>0 </MemPortIdVec>
<condition id="0">
<or_exp><and_exp><literal name="tmp_5" val="0"/>
</and_exp></or_exp>
</condition>

<Node id="53" bw="0" op_0_bw="16" op_1_bw="4">
<![CDATA[
:17  store i16 %tmp_9, i16* %Matrix_C_addr, align 2

]]></Node>
<StgValue><ssdm name=""/></StgValue>
</operation>

<operation id="58" st_id="6" stage="1" lat="1">
<core>NULL</core>
<MemPortIdVec></MemPortIdVec>
<condition id="0">
<or_exp><and_exp><literal name="tmp_5" val="0"/>
</and_exp></or_exp>
</condition>

<Node id="54" bw="32" op_0_bw="32" op_1_bw="0" op_2_bw="32">
<![CDATA[
:18  %empty_5 = call i32 (...)* @_ssdm_op_SpecRegionEnd([12 x i8]* @p_str, i32 %tmp_3) nounwind

]]></Node>
<StgValue><ssdm name="empty_5"/></StgValue>
</operation>

<operation id="59" st_id="6" stage="1" lat="1">
<core>NULL</core>
<MemPortIdVec></MemPortIdVec>
<condition id="0">
<or_exp><and_exp><literal name="tmp_5" val="0"/>
</and_exp></or_exp>
</condition>

<Node id="55" bw="0" op_0_bw="0">
<![CDATA[
:19  br label %1

]]></Node>
<StgValue><ssdm name=""/></StgValue>
</operation>
</state>

<state id="7" st_id="7">

<operation id="60" st_id="7" stage="1" lat="1">
<core>AddSub</core>
<MemPortIdVec></MemPortIdVec>
<condition id="17">
<or_exp><and_exp></and_exp></or_exp>
</condition>

<Node id="57" bw="3" op_0_bw="3" op_1_bw="3">
<![CDATA[
:0  %j_1 = add i3 %j_mid2, 1

]]></Node>
<StgValue><ssdm name="j_1"/></StgValue>
</operation>

<operation id="61" st_id="7" stage="1" lat="1">
<core>NULL</core>
<MemPortIdVec></MemPortIdVec>
<condition id="17">
<or_exp><and_exp></and_exp></or_exp>
</condition>

<Node id="58" bw="0" op_0_bw="0">
<![CDATA[
:1  br label %.preheader

]]></Node>
<StgValue><ssdm name=""/></StgValue>
</operation>
</state>
</state_list>


<ports>
<port id="77" name="Matrix_A" dir="0" iftype="1">
<core>RAM</core><StgValue><ssdm name="Matrix_A"/><MemPortTyVec>1 3 </MemPortTyVec>
</StgValue>
</port>
<port id="78" name="Matrix_B" dir="0" iftype="1">
<core>RAM</core><StgValue><ssdm name="Matrix_B"/><MemPortTyVec>1 3 </MemPortTyVec>
</StgValue>
</port>
<port id="79" name="Matrix_C" dir="2" iftype="1">
<core>RAM</core><StgValue><ssdm name="Matrix_C"/><MemPortTyVec>2 3 </MemPortTyVec>
</StgValue>
</port>
</ports>


<dataflows>
<dataflow id="81" from="_ssdm_op_SpecBitsMap" to="StgValue_8" fromId="80" toId="8">
</dataflow>
<dataflow id="82" from="Matrix_A" to="StgValue_8" fromId="77" toId="8">
</dataflow>
<dataflow id="83" from="_ssdm_op_SpecBitsMap" to="StgValue_9" fromId="80" toId="9">
</dataflow>
<dataflow id="84" from="Matrix_B" to="StgValue_9" fromId="78" toId="9">
</dataflow>
<dataflow id="85" from="_ssdm_op_SpecBitsMap" to="StgValue_10" fromId="80" toId="10">
</dataflow>
<dataflow id="86" from="Matrix_C" to="StgValue_10" fromId="79" toId="10">
</dataflow>
<dataflow id="88" from="_ssdm_op_SpecTopModule" to="StgValue_11" fromId="87" toId="11">
</dataflow>
<dataflow id="90" from="Matrix_multiplicatio" to="StgValue_11" fromId="89" toId="11">
</dataflow>
<dataflow id="92" from="StgValue_91" to="indvar_flatten" fromId="91" toId="13">
<condition id="44">
<or_exp><and_exp></and_exp></or_exp>
</condition>
</dataflow>
<dataflow id="93" from="StgValue_12" to="indvar_flatten" fromId="12" toId="13">
</dataflow>
<dataflow id="94" from="indvar_flatten_next" to="indvar_flatten" fromId="17" toId="13">
<BackEdge/>
<condition id="45">
<or_exp><and_exp></and_exp></or_exp>
</condition>
</dataflow>
<dataflow id="95" from="StgValue_61" to="indvar_flatten" fromId="61" toId="13">
<BackEdge/>
</dataflow>
<dataflow id="97" from="StgValue_96" to="i" fromId="96" toId="14">
<condition id="46">
<or_exp><and_exp></and_exp></or_exp>
</condition>
</dataflow>
<dataflow id="98" from="StgValue_12" to="i" fromId="12" toId="14">
</dataflow>
<dataflow id="99" from="tmp_1_mid2_v" to="i" fromId="22" toId="14">
<BackEdge/>
<condition id="47">
<or_exp><and_exp></and_exp></or_exp>
</condition>
</dataflow>
<dataflow id="100" from="StgValue_61" to="i" fromId="61" toId="14">
<BackEdge/>
</dataflow>
<dataflow id="101" from="StgValue_96" to="j" fromId="96" toId="15">
<condition id="48">
<or_exp><and_exp></and_exp></or_exp>
</condition>
</dataflow>
<dataflow id="102" from="StgValue_12" to="j" fromId="12" toId="15">
</dataflow>
<dataflow id="103" from="j_1" to="j" fromId="60" toId="15">
<BackEdge/>
<condition id="49">
<or_exp><and_exp></and_exp></or_exp>
</condition>
</dataflow>
<dataflow id="104" from="StgValue_61" to="j" fromId="61" toId="15">
<BackEdge/>
</dataflow>
<dataflow id="105" from="indvar_flatten" to="exitcond_flatten" fromId="13" toId="16">
</dataflow>
<dataflow id="107" from="StgValue_106" to="exitcond_flatten" fromId="106" toId="16">
</dataflow>
<dataflow id="108" from="indvar_flatten" to="indvar_flatten_next" fromId="13" toId="17">
</dataflow>
<dataflow id="110" from="StgValue_109" to="indvar_flatten_next" fromId="109" toId="17">
</dataflow>
<dataflow id="111" from="exitcond_flatten" to="StgValue_18" fromId="16" toId="18">
</dataflow>
<dataflow id="112" from="i" to="i_1" fromId="14" toId="19">
</dataflow>
<dataflow id="114" from="StgValue_113" to="i_1" fromId="113" toId="19">
</dataflow>
<dataflow id="115" from="j" to="tmp_s" fromId="15" toId="20">
</dataflow>
<dataflow id="117" from="StgValue_116" to="tmp_s" fromId="116" toId="20">
</dataflow>
<dataflow id="118" from="tmp_s" to="j_mid2" fromId="20" toId="21">
</dataflow>
<dataflow id="119" from="StgValue_96" to="j_mid2" fromId="96" toId="21">
</dataflow>
<dataflow id="120" from="j" to="j_mid2" fromId="15" toId="21">
</dataflow>
<dataflow id="121" from="tmp_s" to="tmp_1_mid2_v" fromId="20" toId="22">
</dataflow>
<dataflow id="122" from="i_1" to="tmp_1_mid2_v" fromId="19" toId="22">
</dataflow>
<dataflow id="123" from="i" to="tmp_1_mid2_v" fromId="14" toId="22">
</dataflow>
<dataflow id="125" from="_ssdm_op_SpecLoopTripCount" to="empty_6" fromId="124" toId="24">
</dataflow>
<dataflow id="127" from="StgValue_126" to="empty_6" fromId="126" toId="24">
</dataflow>
<dataflow id="128" from="StgValue_126" to="empty_6" fromId="126" toId="24">
</dataflow>
<dataflow id="129" from="StgValue_126" to="empty_6" fromId="126" toId="24">
</dataflow>
<dataflow id="131" from="_ssdm_op_BitConcatenate.i5.i3.i2" to="tmp" fromId="130" toId="25">
</dataflow>
<dataflow id="132" from="tmp_1_mid2_v" to="tmp" fromId="22" toId="25">
</dataflow>
<dataflow id="134" from="StgValue_133" to="tmp" fromId="133" toId="25">
</dataflow>
<dataflow id="135" from="tmp" to="tmp_1_cast" fromId="25" toId="26">
</dataflow>
<dataflow id="136" from="j_mid2" to="tmp_4_cast" fromId="21" toId="27">
</dataflow>
<dataflow id="137" from="tmp_4_cast" to="tmp_6" fromId="27" toId="28">
</dataflow>
<dataflow id="138" from="tmp_1_cast" to="tmp_6" fromId="26" toId="28">
</dataflow>
<dataflow id="139" from="tmp_6" to="tmp_6_cast" fromId="28" toId="29">
</dataflow>
<dataflow id="140" from="Matrix_C" to="Matrix_C_addr" fromId="79" toId="30">
</dataflow>
<dataflow id="142" from="StgValue_141" to="Matrix_C_addr" fromId="141" toId="30">
</dataflow>
<dataflow id="143" from="tmp_6_cast" to="Matrix_C_addr" fromId="29" toId="30">
</dataflow>
<dataflow id="145" from="StgValue_144" to="StgValue_31" fromId="144" toId="31">
</dataflow>
<dataflow id="146" from="Matrix_C_addr" to="StgValue_31" fromId="30" toId="31">
</dataflow>
<dataflow id="147" from="StgValue_96" to="k" fromId="96" toId="33">
<condition id="50">
<or_exp><and_exp></and_exp></or_exp>
</condition>
</dataflow>
<dataflow id="148" from="StgValue_32" to="k" fromId="32" toId="33">
</dataflow>
<dataflow id="149" from="k_1" to="k" fromId="35" toId="33">
<BackEdge/>
<condition id="51">
<or_exp><and_exp><literal name="tmp_5" val="0"/>
</and_exp></or_exp>
</condition>
</dataflow>
<dataflow id="150" from="StgValue_59" to="k" fromId="59" toId="33">
<BackEdge/>
</dataflow>
<dataflow id="151" from="k" to="tmp_5" fromId="33" toId="34">
</dataflow>
<dataflow id="152" from="StgValue_116" to="tmp_5" fromId="116" toId="34">
</dataflow>
<dataflow id="153" from="k" to="k_1" fromId="33" toId="35">
</dataflow>
<dataflow id="154" from="StgValue_113" to="k_1" fromId="113" toId="35">
</dataflow>
<dataflow id="155" from="tmp_5" to="StgValue_36" fromId="34" toId="36">
</dataflow>
<dataflow id="156" from="k" to="tmp_7_cast" fromId="33" toId="37">
</dataflow>
<dataflow id="157" from="tmp_7_cast" to="tmp_1" fromId="37" toId="38">
</dataflow>
<dataflow id="158" from="tmp_1_cast" to="tmp_1" fromId="26" toId="38">
</dataflow>
<dataflow id="159" from="tmp_1" to="tmp_10_cast" fromId="38" toId="39">
</dataflow>
<dataflow id="160" from="Matrix_A" to="Matrix_A_addr" fromId="77" toId="40">
</dataflow>
<dataflow id="161" from="StgValue_141" to="Matrix_A_addr" fromId="141" toId="40">
</dataflow>
<dataflow id="162" from="tmp_10_cast" to="Matrix_A_addr" fromId="39" toId="40">
</dataflow>
<dataflow id="163" from="_ssdm_op_BitConcatenate.i5.i3.i2" to="tmp_2" fromId="130" toId="41">
</dataflow>
<dataflow id="164" from="k" to="tmp_2" fromId="33" toId="41">
</dataflow>
<dataflow id="165" from="StgValue_133" to="tmp_2" fromId="133" toId="41">
</dataflow>
<dataflow id="166" from="tmp_2" to="tmp_12_cast" fromId="41" toId="42">
</dataflow>
<dataflow id="167" from="tmp_4_cast" to="tmp_4" fromId="27" toId="43">
</dataflow>
<dataflow id="168" from="tmp_12_cast" to="tmp_4" fromId="42" toId="43">
</dataflow>
<dataflow id="169" from="tmp_4" to="tmp_13_cast" fromId="43" toId="44">
</dataflow>
<dataflow id="170" from="Matrix_B" to="Matrix_B_addr" fromId="78" toId="45">
</dataflow>
<dataflow id="171" from="StgValue_141" to="Matrix_B_addr" fromId="141" toId="45">
</dataflow>
<dataflow id="172" from="tmp_13_cast" to="Matrix_B_addr" fromId="44" toId="45">
</dataflow>
<dataflow id="173" from="Matrix_A_addr" to="Matrix_A_load" fromId="40" toId="46">
</dataflow>
<dataflow id="174" from="Matrix_B_addr" to="Matrix_B_load" fromId="45" toId="47">
</dataflow>
<dataflow id="175" from="Matrix_A_addr" to="Matrix_A_load" fromId="40" toId="48">
</dataflow>
<dataflow id="176" from="Matrix_B_addr" to="Matrix_B_load" fromId="45" toId="49">
</dataflow>
<dataflow id="177" from="Matrix_C_addr" to="Matrix_C_load" fromId="30" toId="50">
</dataflow>
<dataflow id="178" from="_ssdm_op_SpecLoopTripCount" to="empty" fromId="124" toId="51">
</dataflow>
<dataflow id="180" from="StgValue_179" to="empty" fromId="179" toId="51">
</dataflow>
<dataflow id="181" from="StgValue_179" to="empty" fromId="179" toId="51">
</dataflow>
<dataflow id="182" from="StgValue_179" to="empty" fromId="179" toId="51">
</dataflow>
<dataflow id="184" from="_ssdm_op_SpecRegionBegin" to="tmp_3" fromId="183" toId="52">
</dataflow>
<dataflow id="186" from="p_str" to="tmp_3" fromId="185" toId="52">
</dataflow>
<dataflow id="188" from="_ssdm_op_SpecPipeline" to="StgValue_53" fromId="187" toId="53">
</dataflow>
<dataflow id="190" from="StgValue_189" to="StgValue_53" fromId="189" toId="53">
</dataflow>
<dataflow id="192" from="StgValue_191" to="StgValue_53" fromId="191" toId="53">
</dataflow>
<dataflow id="193" from="StgValue_191" to="StgValue_53" fromId="191" toId="53">
</dataflow>
<dataflow id="194" from="StgValue_141" to="StgValue_53" fromId="141" toId="53">
</dataflow>
<dataflow id="196" from="p_str1" to="StgValue_53" fromId="195" toId="53">
</dataflow>
<dataflow id="197" from="Matrix_A_load" to="tmp_8" fromId="48" toId="54">
</dataflow>
<dataflow id="198" from="Matrix_B_load" to="tmp_8" fromId="49" toId="54">
</dataflow>
<dataflow id="199" from="Matrix_C_addr" to="Matrix_C_load" fromId="30" toId="55">
</dataflow>
<dataflow id="200" from="Matrix_C_load" to="tmp_9" fromId="55" toId="56">
</dataflow>
<dataflow id="201" from="tmp_8" to="tmp_9" fromId="54" toId="56">
</dataflow>
<dataflow id="202" from="tmp_9" to="StgValue_57" fromId="56" toId="57">
</dataflow>
<dataflow id="203" from="Matrix_C_addr" to="StgValue_57" fromId="30" toId="57">
</dataflow>
<dataflow id="205" from="_ssdm_op_SpecRegionEnd" to="empty_5" fromId="204" toId="58">
</dataflow>
<dataflow id="206" from="p_str" to="empty_5" fromId="185" toId="58">
</dataflow>
<dataflow id="207" from="tmp_3" to="empty_5" fromId="52" toId="58">
</dataflow>
<dataflow id="208" from="j_mid2" to="j_1" fromId="21" toId="60">
</dataflow>
<dataflow id="209" from="StgValue_113" to="j_1" fromId="113" toId="60">
</dataflow>
<dataflow id="210" from="exitcond_flatten" to="StgValue_2" fromId="16" toId="2">
</dataflow>
<dataflow id="211" from="tmp_5" to="StgValue_4" fromId="34" toId="4">
</dataflow>
<dataflow id="212" from="tmp_5" to="StgValue_5" fromId="34" toId="5">
</dataflow>
<dataflow id="213" from="tmp_5" to="StgValue_6" fromId="34" toId="6">
</dataflow>
</dataflows>


</stg>
